title,id,price,condition,availability,channel,feed label,language,all clicks,brand,description,gtin,image link,link,rating average,rating count,shipping(country),shipping weight,update type
Strike First 5lb Heavy Duty Vehicle Bracket - HDVB-1,hdvb-1-17266,85.00 CAD,new,in stock,Online,CA,en,0,Strike First,"Designed for Strike First 5lb Dry Chemical Extinguishers
   4' – 4 3/4"" - Diameter Fire Extinguisher
   USCG Approved
   Stainless steel pull pin with tether
   Automotive Grade powder coat finish",,https://teslafiresystems.com/wp-content/uploads/2025/12/Strike-First-HDVB.png,https://teslafiresystems.com/product/strike-first-5lb-heavy-duty-vehicle-bracket-hdvb-1/,,,CA,10 lb,merge
Amerex Vehicle Bracket - 5lb ABC (818),5-818-281,25.00 CAD,new,in stock,Online,CA,en,0,Amerex,"The Amerex 818 5lb Fire Extinguisher Vehicle Bracket is designed to securely mount a 5lb fire extinguisher in vehicles for easy access in emergencies. Made for durability, it ensures the extinguisher stays safely in place while on the move.",,https://teslafiresystems.com/wp-content/uploads/2025/01/17-5lb-Fire-Extinguisher-Vehicle-Bracket-Amerex-818.jpg,https://teslafiresystems.com/product/5lb-fire-extinguisher-vehicle-bracket-amerex-818/,,,CA,1 lb,merge
5lb Fire Extinguisher - Amerex 322 Carbon Dioxide,322x,265.00 CAD,new,in stock,Online,CA,en,0,Amerex,"All Fire extinguishers come with a 6 Year Manufacturer's Warranty.
   Certification Tag is available and is an extra fee.

The Carbon Dioxide extinguisher is an effective solution for fighting Class B and Class C fires, including flammable liquids and electrically non-conductive fires. It releases CO2 as a white cloud of ""snow,"" suffocating the fire by displacing oxygen. This clean, odorless gas leaves no residue, making it ideal for use in sensitive environments like automobiles, computer rooms, and areas with electrical equipment.",850026795202,https://teslafiresystems.com/wp-content/uploads/2025/01/9.-5lb-Fire-Extinguisher-Amerex-322-Carbon-Dioxide.jpg,https://teslafiresystems.com/product/5lb-fire-extinguisher-amerex-322-carbon-dioxide/,,,CA,14 lb,
Mircom FHS-400-RR - Wall Mount LED Horn/Strobe (Red),fhs-400-rr,120.00 CAD,new,in stock,Online,CA,en,0,,"Utilizing advanced LED technology, the FHS-400 Horn/Strobes provide a lower current draw which allows for more devices on a NAC circuit while reducing the number of external power supplies required.",808221191985,https://teslafiresystems.com/wp-content/uploads/2025/03/FHS400RR.png,https://teslafiresystems.com/product/mircom-fhs-400-rr-wall-mount-led-horn-strobe-red/,,,CA,1 lb,
Strike First 5lb ABC Medium Duty Fire Extinguisher Bracket - UP5MD,up5md-312,26.90 CAD,new,in stock,Online,CA,en,0,Strike First,"The Strike First 5lb ABC Medium Duty Fire Extinguisher Bracket - UP5HD is a durable and reliable mounting solution for 5lb ABC fire extinguishers. Built for medium-duty applications, it ensures secure placement and easy access during emergencies, making it ideal for residential, commercial, and light industrial use.",,https://teslafiresystems.com/wp-content/uploads/2025/01/31.-Strike-First-5lb-ABC-Medium-Duty-Fire-Extinguisher-Bracket-UP5HD.jpg,https://teslafiresystems.com/product/strike-first-5lb-abc-medium-duty-fire-extinguisher-bracket-up5hd/,,,CA,0.5 lb,
Safe Signal WFDTN Waterflow Detector,wfdtn,250.00 CAD,new,in stock,Online,CA,en,0,,"The Safe signal WFDTN Waterflow Detector is designed to monitor water flow in fire sprinkler systems, ensuring reliable fire safety. I",,https://teslafiresystems.com/wp-content/uploads/2025/02/System-Sensor-WFDTN-Waterflow-Detector.jpg,https://teslafiresystems.com/product/safe-signal-wfdtn-waterflow-detector/,,,CA,1 lb,
Aluminum 8X12 Double Sided FIRE Extinguisher Sign,awm114,35.00 CAD,new,in stock,Online,CA,en,0,Tesla Fire Systems,"Clearly mark the location of fire extinguishers with this durable, double-sided sign from Tesla Fire Products.",,https://teslafiresystems.com/wp-content/uploads/2025/02/Double-Sided-Fire-Extinguisher-Sign.png,https://teslafiresystems.com/product/aluminum-8x12-double-sided-fire-extinguisher-sign/,,,CA,0.5 lb,
Amerex Wall Bracket - 2.5lb/5lb ABC,01521-p001-1065,10.00 CAD,new,in stock,Online,CA,en,0,,Securely mount your 2.5-5 lb fire extinguisher with this fork style wall bracket. Compatible with Amerex models with a fork style neck.,,https://teslafiresystems.com/wp-content/uploads/2025/02/Fork-Style-Wall-Mount-Bracket-%E2%80%93-Fits-2.5-5-lb-Amerex-fire-extinguishers-with-fork-style-neck.-Durable-and-easy-to-install.jpg,https://teslafiresystems.com/product/fork-style-wall-mount-bracket-for-2-5-5-lb-fire-extinguisher/,,,CA,1 lb,merge
Remote Trouble Indicator RTI-1,rti-1,175.00 CAD,new,in stock,Online,CA,en,0,,Ensure safety with the Mircom RTI-1 Remote Trouble Indicator.,778346004593,https://teslafiresystems.com/wp-content/uploads/2025/02/Remote-Trouble-Indicator-RTI-1.jpg,https://teslafiresystems.com/product/remote-trouble-indicator-rti-1/,,,CA,0.5 lb,
Emergency Exit – Unlocked by Fire Alarm | Vinyl Adhesive Safety Label,17717,6.00 CAD,new,in stock,Online,CA,en,0,,"High-visibility vinyl adhesive safety label stating “EMERGENCY EXIT – UNLOCKED BY FIRE ALARM.” Designed for use on emergency exits with fail-safe electric locking systems. Durable, easy to apply, and suitable for commercial and industrial environments.Key Features: Bold, high-contrast red on white safety messagePressure-sensitive vinyl adhesive – peel & stickIndoor-rated, durable printed finishClean, professional appearanceNo hardware or fasteners required",,https://teslafiresystems.com/wp-content/uploads/2026/01/Emergency-Exit-Unlocked-by-Fire-Alarm.png,https://teslafiresystems.com/product/emergency-exit-unlocked-by-fire-alarm-vinyl-adhesive-safety-label/,,,CA,0.5 lb,
Amerex Wall Bracket - 20lb ABC,00577-p001-1067,10.00 CAD,new,in stock,Online,CA,en,0,Amerex,"Securely mount your 15-20 lb fire extinguisher with this universal wall hook. Designed to hold the chemical weight, not the total extinguisher weight.",,https://teslafiresystems.com/wp-content/uploads/2025/02/Universal-Fire-Extinguisher-Bracket-%E2%80%93-Wall-Hook-for-10-to-15-lb.-Extinguishers.jpg,https://teslafiresystems.com/product/universal-fire-extinguisher-wall-hook-mount-bracket-hanger-for-15-to-20-lb-extinguisher/,,,CA,1 lb,merge
Emergency Light Guard,sti-9641,44.00 CAD,new,in stock,Online,CA,en,0,,"The Emergency Light Guard offers robust protection for emergency lighting fixtures, shielding them from damage in high-traffic or industrial environments. Its durable design ensures long-lasting performance and reliability.",,https://teslafiresystems.com/wp-content/uploads/2025/01/65.-Emergency-Light-Guard-.jpg,https://teslafiresystems.com/product/emergency-light-guard/,,,CA,1 lb,
"""Fire Extinguisher Inside"" - 6"" x 9"" - Adhesive Vinyl Sign",17544,7.00 CAD,new,in stock,Online,CA,en,0,Tesla Fire Systems,"Self-adhesive vinyl safety sign stating “Fire Extinguisher Inside.” Designed for quick identification of fire extinguishers in commercial, industrial, and residential buildings.",,https://teslafiresystems.com/wp-content/uploads/2026/01/BR_BL116.png,https://teslafiresystems.com/product/fire-extinguisher-inside-6-x-9-adhesive-vinyl-sign/,,,CA,0.5 lb,merge
Amerex 715 Z-Series High Performance 30lb ABC Extinguisher,715,755.00 CAD,new,in stock,Online,CA,en,0,Amerex,"All Fire extinguishers sold by Tesla Fire Systems Inc. come inspected and fully certified for 1 year.

This 30lb fire extinguisher is designed to effectively combat Class A, B, and C fires, providing reliable fire protection for larger spaces and high-risk areas. Featuring a robust steel cylinder and all-metal valve construction, it ensures durability and dependable performance. The extinguisher comes with either a wall or vehicle bracket, allowing for easy mounting and quick access when needed.",,https://teslafiresystems.com/wp-content/uploads/2025/01/15.30-lb.-Fire-Extinguisher-Amerex-ABC-Multi-Purpose.jpg,https://teslafiresystems.com/product/30-lb-fire-extinguisher-amerex-abc-multi-purpose/,,,CA,58 lb,
ANSUL CLEANGUARD+ 27.75 lb Clean Agent Fire Extinguisher – 20-B:C – Model CA27VB,ca27vb,2031.00 CAD,new,in stock,Online,CA,en,0,Ansul,"This is your top-tier portable clean agent unit before stepping into wheeled systems.

The 27.75 lb CLEANGUARD+ is built for high-risk, high-value environments where downtime and damage are NOT acceptable.

Perfect for:

   Data centers
   Electrical distribution rooms
   Industrial control systems
   Clean manufacturing
   Mission-critical infrastructure

This unit gives you:

   Maximum discharge time
   Extended reach
   High knockdown capability
   Zero contamination risk

If a fire hits in a sensitive environment — this is the extinguisher that puts it out without creating a second problem.

   Model: CA27VB
   Agent Capacity: 27.75 lb
   UL/ULC Rating: 20-B:C
   Agent Type: FK-5-1-12 Clean Agent
   Residue-Free / No Cleanup
   Non-Conductive
   Discharge Time: ~18–20 sec
   Range: ~15–18 ft
   Heavy-Duty Commercial Build
   Rechargeable
   Warranty: 6-Year Limited",,https://teslafiresystems.com/wp-content/uploads/2026/04/ansuld.png,https://teslafiresystems.com/product/ansul-cleanguard-27-75-lb-clean-agent-fire-extinguisher-20-bc-model-ca27vb/,,,CA,40 lb,
Sprinkler Head Cabinet - 6 Heads,tsfsh-6,16.20 CAD,new,in stock,Online,CA,en,0,Tesla Fire Systems,"Holds up to 6 Spare Sprinkler Heads
   Holds common size Sprinkler Wrenches
   Holds 1/2"" & 3/4"" Sprinkler Heads
   Red Automotive Grade Powder Coated Finish
   Pre-Drilled Mounting Holes for easy installations",,https://teslafiresystems.com/wp-content/uploads/2025/12/shc1.png,https://teslafiresystems.com/product/sprinkler-head-cabinet-6-heads/,,,CA,5 lb,
Fire Safety Plan Box With No Decals,tfspb-w-1-nd,133.50 CAD,new,in stock,Online,CA,en,2,,"Ensure your building’s compliance and safety with our premium Fire Safety Plan Box, designed to provide a secure and accessible location for your fire safety plan. This robust box helps keep critical emergency documentation protected, clearly identified, and readily available for fire officials in commercial, industrial, institutional, and multi-residential buildings across Canada.",,https://teslafiresystems.com/wp-content/uploads/2026/03/n.png,https://teslafiresystems.com/product/fire-safety-plan-box-with-no-decals-copy/,,,CA,5 lb,merge
Amerex B394TS Halotron I 5.5 lb | FAA & USCG Approved,b394ts,886.50 CAD,new,in stock,Online,CA,en,0,Amerex,"All Fire extinguishers sold by Tesla Fire Systems, can be fully certified by our technicians.
   FAA Approved: For onboard aircraft use, meets FAA performance standards DOT/FAA/AR-01/37.
   Smallest FAA-approved unit designed for onboard aircraft use.
   USCG Approved: U.S Coast Guard approved when installed with approved mounting bracket.",,https://teslafiresystems.com/wp-content/uploads/2025/08/394ts.webp,https://teslafiresystems.com/product/amerex-b394ts-halotron-i-5-5lbs-fire-extinguisher/,,,CA,10 lb,
Kidde SM120X - Smoke Alarm Relay,sm120x,17.00 CAD,new,in stock,Online,CA,en,1,,"The Kidde SM120X Relay activates auxiliary warning devices like external bells, horns, or lighting when it receives a smoke signal from an interconnected Smoke Alarm, enhancing safety alerts in emergency situations.",,https://teslafiresystems.com/wp-content/uploads/2025/01/0000293_kidde-sm120x-smoke-alarm-relay-module_550.jpeg,https://teslafiresystems.com/product/smoke-alarm-relay-sm120x/,,,CA,0.5 lb,
Gunnebo Fire Department Key Box - Keyed for Toronto,18866,390.00 CAD,new,in stock,Online,CA,en,1,,,,https://teslafiresystems.com/wp-content/uploads/2026/04/GUNNEBO1.jpg,https://teslafiresystems.com/product/gunnable-fire-dept-key-box/,,,CA,2 lb,
Clear Fire Retardant - 1 Quart Spray Bottle,18873,115.54 CAD,new,in stock,Online,CA,en,13,,"Professional-grade fire retardant spray designed to slow flame spread on Class A combustible materials like fabric, wood, and décor. Easy-to-use, water-based formula for fast, code-compliant fire protection in residential, commercial, and institutional environments.",,https://teslafiresystems.com/wp-content/uploads/2026/04/Blankets-Ladders-Fire-Retardant-3-Clear-Fire-Retardant-1-Quart-Spray.png,https://teslafiresystems.com/product/clear-fire-retardant-1-quart-spray-bottle/,,,CA,3 lb,merge
Amerex B500X - 5lb ABC Multi-Purpose Fire Extinguisher - 6 Pack,b500x6,443.00 CAD,new,in stock,Online,CA,en,7,Amerex,"All Fire extinguishers come with a 6 Year Manufacturer’s Warranty.
   Certification Tag is available and is an extra fee.
   CAN/ULC Rating: 3A:10BC – Meets and exceeds Ministry of Labor standards for construction and industrial sites.
   Heavy-Duty Construction – Steel cylinder with rugged all-metal valve ensures durability in demanding environments.
   Wall Bracket Included – For quick, visible access in high-risk areas.
   Multi-Pack Convenience – Bundle of 6 extinguishers, ideal for facilities, or multi-residential needs.",,https://teslafiresystems.com/wp-content/uploads/2025/12/B500X-6-Pack.png,https://teslafiresystems.com/product/amerex-b500x-5lb-abc-multi-purpose-fire-extinguisher-6-pack/,5,1,CA,55.5 lb,merge
Fire Safety Plan Box With Decals,tfspb-w-1-wd,133.50 CAD,new,in stock,Online,CA,en,7,,"Ensure your building’s compliance and safety with our premium Fire Safety Plan Box, designed for secure and accessible storage of your fire safety plan. This robust box provides a clearly visible location for critical emergency documents and is suitable for buildings where fire safety plans are required under provincial and municipal fire code regulations across Canada.",,https://teslafiresystems.com/wp-content/uploads/2026/03/Screenshot-2026-03-28-at-7.45.53-PM.png,https://teslafiresystems.com/product/fire-safety-plan-box-with-decals/,,,CA,5 lb,merge
Amerex 398X Halotron I 15.5 lb | FAA & USCG Approved,398x,1875.00 CAD,new,in stock,Online,CA,en,1,Amerex,"All Fire extinguishers sold by Tesla Fire Systems, can be fully certified by our technicians.
   FAA Approved: For onboard aircraft use, meets FAA performance standards DOT/FAA/AR-01/37.
   USCG Approved: U.S Coast Guard approved when mounted on Amerex 895 Heavy Duty Bracket.",850026795127,https://teslafiresystems.com/wp-content/uploads/2025/09/Amerex-398-%E2%80%93-Halotron-I-15.5Lbs-Fire-Extinguisher.webp,https://teslafiresystems.com/product/amerex-398x-halotron-1-15-5lbs-fire-extinguisher-faa-uscg-approved/,,,CA,15.5 lb,merge
Inspecta-Shield Clear Fire Retardant - 5 Gallon Drum,18875,941.62 CAD,new,in stock,Online,CA,en,12,,"Professional-grade fire retardant spray designed to slow flame spread on Class A combustible materials like fabric, wood, and décor. Easy-to-use, water-based formula for fast, code-compliant fire protection in residential, commercial, and institutional environments.",,https://teslafiresystems.com/wp-content/uploads/2026/04/Blankets-Ladders-Fire-Retardant-2-Clear-Fire-Retardant-5-Gallon-Pail.png,https://teslafiresystems.com/product/inspecta-shield-clear-fire-retardant-5-gallon-drum/,,,CA,45 lb,merge
Red 5lb Plastic Cabinets,tfs-1055-r,80.00 CAD,new,in stock,Online,CA,en,1,,"Protect your 5 lb fire extinguisher with a durable, surface-mounted cabinet built for high-visibility emergency access. This Tesla Fire Systems cabinet features ABS construction with a scored acrylic front, keyed cylinder lock, break-glass hammer, and instructional decal, making it a practical choice for parking garages, warehouses, industrial areas, and construction sites.",,https://teslafiresystems.com/wp-content/uploads/2026/04/Red-Plastic-Cabinet-WM.png,https://teslafiresystems.com/product/red-5lb-plastic-cabinets/,,,CA,5 lb,merge
Microm MP-300 EOL Resistor Plate- White 3.9K 1/2 WATT,mp-300,15.00 CAD,new,in stock,Online,CA,en,0,,The MIRCOM MP-300 EOL Resistor Plate is a high-quality component designed for fire alarm systems.,,https://teslafiresystems.com/wp-content/uploads/2025/01/93.-Microm-MP-300.jpg,https://teslafiresystems.com/product/mircom-mp-300-eol-resistor-plate-white-3-9k-1-2-watt/,,,CA,0.5 lb,
10 lb Fire Extinguisher - Amerex B456 ABC Multi-Purpose,b456x,113.50 CAD,new,in stock,Online,CA,en,0,Amerex,"All Fire extinguishers come with a 6 Year Manufacturer's Warranty.
   Certification Tag is available and is an extra fee.

ABC or Multi-Purpose extinguishers are a dependable and versatile solution for fire safety, designed to combat Class A, B, and C fires. They utilize a specially fluidized and siliconized mono ammonium phosphate dry chemical that melts at approximately 350°F, forming a protective coating to insulate against Class A fires. For Class B fires, it breaks the chemical chain reaction, while its non-conductive properties ensure safe use around electrical equipment, making it effective for Class C fires.",850026795028,https://teslafiresystems.com/wp-content/uploads/2025/01/3.-10-lb-Fire-Extinguisher-Amerex-B456-ABC-Multi-Purpose.jpg,https://teslafiresystems.com/product/10-lb-fire-extinguisher-amerex-b456-abc-multi-purpose/,5,1,CA,18 lb,
Strike First 30lb Dry Chemical Heavy Duty Vehicle Bracket - HDVB-4,hdvb-4-17277,150.00 CAD,new,in stock,Online,CA,en,0,Strike First,"Designed for Strike First 30lb Dry Chemical Extinguishers
   6 1/4"" – 7 1/8"" – Diameter Fire Extinguisher
   USCG Approved
   Stainless steel pull pin with tether
   Automotive Grade powder coat finish",,https://teslafiresystems.com/wp-content/uploads/2025/12/Strike-First-HDVB.png,https://teslafiresystems.com/product/strike-first-30lb-dry-chemical-heavy-duty-vehicle-bracket-hdvb-4/,,,CA,10 lb,merge
Compact Wrench for Storz Fire Hose Coupling - 1′′ to 3′′,19316,200.00 CAD,new,in stock,Online,CA,en,2,,"Ideal Applications



   Fire hose and standpipe system servicing

   Storz coupling installation and removal

   Fire hose cabinet inspections

   Commercial, industrial, and municipal fire protection systems

   Emergency response and maintenance work



Compact. Lightweight. Built for Storz.The Style SW-1 Storz Wrench is an essential tool for anyone servicing fire hose systems equipped with Storz couplings—small enough to carry anywhere, strong enough to get the job done.",,https://teslafiresystems.com/wp-content/uploads/2026/05/SW1-Wrench.webp,https://teslafiresystems.com/product/compact-wrench-for-storz-fire-hose-coupling-1%E2%80%B3-to-3%E2%80%B3/,,,CA,2 lb,merge
5 lb Fire Extinguisher - Amerex B500TX ABC Multi-Purpose / Wrap Around Bracket,b500tx,95.00 CAD,new,in stock,Online,CA,en,0,Amerex,"All Fire extinguishers come with a 6 Year Manufacturer's Warranty.
   Certification Tag is available and is an extra fee.

The Amerex 5 lb Multi-Purpose ABC Fire Extinguisher - Model B500T offers exceptional protection for both lives and property, making it a trusted choice for over 50 years. Amerex, the world’s leading manufacturer of portable and wheeled fire extinguishers, has earned a reputation for reliable fire safety solutions. This highly regarded extinguisher, complete with a vehicle bracket, is designed to effectively combat Class A, B, and C fires, making it an essential tool for both residential and commercial settings. Whether safeguarding your home, vehicle, or business, the Amerex B500T provides comprehensive protection against ordinary materials (Class A), flammable liquids and gases (Class B), and live electrical equipment (Class C). Ideal for transportation, healthcare, education, and light industrial applications, this extinguisher ensures long-lasting, dependable performance in any environment.",,https://teslafiresystems.com/wp-content/uploads/2025/01/Untitled-1.png,https://teslafiresystems.com/product/5-lb-fire-extinguisher-amerex-b500tx-abc-multi-purpose/,,,CA,9.25 lb,
Fire Safety Plan Box,tfspb-w,133.50 CAD,new,in stock,Online,CA,en,11,,"Ensure your building’s compliance and safety with our premium Fire Safety Plan Box, designed to provide a secure and accessible location for your fire safety plan. This robust box helps keep critical emergency documentation protected, clearly identified, and readily available for fire officials in commercial, industrial, institutional, and multi-residential buildings across Canada.",,https://teslafiresystems.com/wp-content/uploads/2025/01/Screenshot-2026-03-28-at-12.59.59-PM.png,https://teslafiresystems.com/product/fire-safety-plan-box/,5,1,CA,5 lb,merge
Stainless Steel Fire Safety Plan Box With Decals,tfspb-sswd-2,495.00 CAD,new,in stock,Online,CA,en,3,Tesla Fire Systems,"Premium Stainless Steel Fire Safety Plan Cabinet with lock and key — durable, professional, and ready for buildings that require secure fire safety document storage.
Fire safety documentation must remain:


   readily available
   properly stored
   clearly identified
   accessible to fire officials

A dedicated stainless steel cabinet helps protect important documents from damage, tampering, and loss while maintaining a clean, inspection-ready appearance in commercial, industrial, and multi-residential environments
Its corrosion-resistant stainless steel body makes it especially suitable for long-term installation in demanding areas such as mechanical rooms, service corridors, parking structures, and high-humidity spaces.
Suitable across Canada for professional fire safety documentation storage",,https://teslafiresystems.com/wp-content/uploads/2026/03/Screenshot-2026-03-28-at-7.26.43-PM.png,https://teslafiresystems.com/product/stainless-steel-fire-safety-plan-box-copy/,,,CA,10 lb,merge
Strike First SF6LK I 6L I UL/ULC Approved I Kitchen Use,sf6lk,270.00 CAD,new,in stock,Online,CA,en,0,Strike First,"All Fire extinguishers sold by Tesla Fire Systems, can be fully certified by our technicians.
   Made in Canada with Canadian Materials.
   Ideal for Restaurant Kitchens & Food Trucks
   Manufactured & tested to exceed ANSI/UL 299, 711 & CAN/ULC-S504, S508. Complies to NFPA 10 standard.",,https://teslafiresystems.com/wp-content/uploads/2025/01/29.-Strike-First-6L-Type-K-Fire-Extinguisher-.jpg,https://teslafiresystems.com/product/strike-first-sf6lk-6l-ul-ulc-approved-kitchen-use/,,,CA,22 lb,
5lb Fire Extinguisher - Amerex B402X ABC Multi-Purpose,b402x,83.30 CAD,new,in stock,Online,CA,en,0,Amerex,"The ABC or Multi-Purpose extinguisher is designed for commercial use, including applications such as buses and forklifts. It contains a specially treated, siliconized mono ammonium phosphate dry chemical that melts at approximately 350°F, forming a protective coating to insulate against Class A fires. It effectively smothers Class B fires by disrupting the chemical chain reaction and is non-conductive, ensuring safety when used around electrical equipment.

   All Fire extinguishers come with a 6 Year Manufacturer's Warranty.
   Certification Tag is available and is an extra fee.",850026795011,https://teslafiresystems.com/wp-content/uploads/2025/01/7.-5lb-Fire-Extinguisher-Amerex-B402-ABC-Multi-Purpose.jpg,https://teslafiresystems.com/product/5lb-fire-extinguisher-amerex-b402-abc-multi-purpose/,,,CA,9.5 lb,
Strike First 10lb Dry Chemical & 5lb CO2 Heavy Duty Vehicle Bracket - HDVB-2,hdvb-2-17268,90.00 CAD,new,in stock,Online,CA,en,1,Strike First,"Designed for Strike First 10lb Dry Chemical & 5lb CO2 Extinguishers
   5"" - 6"" - Diameter Fire Extinguisher
   USCG Approved
   Stainless steel pull pin with tether
   Automotive Grade powder coat finish",,https://teslafiresystems.com/wp-content/uploads/2025/12/Strike-First-HDVB.png,https://teslafiresystems.com/product/strike-first-5lb-heavy-duty-vehicle-bracket-hdvb-2/,,,CA,10 lb,merge
Mircom FHS-400-WW - Wall Mount LED Horn/Strobe (White),471,120.00 CAD,new,in stock,Online,CA,en,3,,"Utilizing advanced LED technology, the FHS-400 Horn/Strobes provide a lower current draw which allows for more devices on a NAC circuit while reducing the number of external power supplies required.",,https://teslafiresystems.com/wp-content/uploads/2025/01/FHS-400-White.jpg,https://teslafiresystems.com/product/mircom-strobe/,,,CA,1.2 lb,merge
Kidde 120V 3-in-1 LED Strobe and 10-Year Talking Smoke & CO Alarm (P4010ACLEDSCOCA),p4010acledscoca,144.00 CAD,new,in stock,Online,CA,en,3,Kidde,"Advanced 3-in-1 protection. Meets Visual Signaling Requirement for Ontario Building Code.


   177 Candela Strobe synchronizes with matching interconnected P4010 series strobe alarms, during an alarm event. Powered by Cree LEDs.
   120 V hardwired with 10-year sealed battery backup (on smoke and carbon monoxide alarm)
   Voice calls out danger
   Low profile - Smaller unit that homebuilders and homeowners can be happy about displaying in their homes.
   cUL- and CSA-Listed",,https://teslafiresystems.com/wp-content/uploads/2025/01/3-in-1.jpg,https://teslafiresystems.com/product/kidde-120v-hardwired-interconnecting-3-in-1-led-strobe-and-10-year-talking-smoke-co-alarm/,,,CA,1 lb,
Smoke Check - Smoke Detector Tester,t-sdt,15.00 CAD,new,in stock,Online,CA,en,0,Tesla Fire Systems,"The Smoke Check - Smoke Detector Tester is an essential tool for testing smoke detectors, ensuring they are functioning properly. Ideal for regular maintenance and safety checks, it helps confirm the effectiveness of smoke detection systems.",712231610988,https://teslafiresystems.com/wp-content/uploads/2025/01/Smoke-Detector-Tester-2.5-oz-Steelfire-SDT__91143.jpg,https://teslafiresystems.com/product/smoke-check-smoke-detector-tester/,,,CA,1 lb,
STRIKE FIRST SF-ABC310 | 5lb ABC Multi-Purpose Fire Extinguisher w/ Wall Bracket (3-Pack),sf-310-3,143.75 CAD,new,in stock,Online,CA,en,2,Strike First,"All Fire extinguishers sold by Tesla Fire Systems Inc. come inspected and fully certified for 1 year.

Ensure safety and preparedness with the STRIKE FIRST SF-ABC310 fire extinguisher.",,https://teslafiresystems.com/wp-content/uploads/2025/02/Untitled-3.png,https://teslafiresystems.com/product/strike-first-sf-abc310-5lb-multi-purpose-fire-extinguisher-w-wall-bracket-3-pack/,,,CA,8 lb,
Sprinkler Wrench for 1/2” Heads,tsfw-15,126.40 CAD,new,in stock,Online,CA,en,1,Tesla Fire Systems,"Designed for 1/2"" fire sprinkler heads
   Prevents damage during installation or removal
   Precision-cut opening for secure grip
   Heavy-duty, corrosion-resistant steel
   Compact, lightweight, and job-site ready",,https://teslafiresystems.com/wp-content/uploads/2025/12/RS_SPWR.png,https://teslafiresystems.com/product/sprinkler-head-wrench-for-1-2/,,,CA,2 lb,merge
"Polycarbonate Fire Hose Fog Nozzle, 75 gpm, 1-1/2"" NPSH",fn15,20.50 CAD,new,in stock,Online,CA,en,0,,"The Fog Nozzle is designed to turn a stream of water into tiny droplets, creating a larger surface area to effectively smother fires. It features a 1-1/2"" National Pipe Straight Hose (NPSH) threaded inlet for easy attachment to fire hoses and a rubber bumper for impact protection. Constructed from durable polycarbonate, this nozzle is resistant to high temperatures and impacts. The adjustable stem allows for smooth transitions between a straight stream and a fog pattern, offering versatile use. With a maximum pressure rating of 100 psi and a maximum flow rate of 75 gpm, it is perfect for small-scale firefighting, as well as applications in gardens, greenhouses, dust suppression, and evaporative cooling.",,https://teslafiresystems.com/wp-content/uploads/2025/01/43.-Moon-517-151-Polycarbonate-Fire-Hose-Spray-Nozzle-75-gpm-1-12-NPSH.jpg,https://teslafiresystems.com/product/moon-517-151-polycarbonate-fire-hose-spray-nozzle-75-gpm-1-1-2-npsh/,,,CA,0.5 lb,
Emergency Light Battery 6V7AH,rlss-b672,29.00 CAD,new,in stock,Online,CA,en,1,,"The Emergency Light Replacement Battery 6V7AH is designed to replace batteries in most emergency lighting systems. Easy to install, this reliable battery ensures continuous operation of emergency lights during power outages. It comes with a standard warranty for added peace of mind.",,https://teslafiresystems.com/wp-content/uploads/2025/01/6V7AH-Battery.png,https://teslafiresystems.com/product/emergency-light-replacement-battery-6v-7-ah/,,,CA,3 lb,merge
Exit Light Guard,sti-9742,41.00 CAD,new,in stock,Online,CA,en,0,,"The Exit Light Guard is designed to protect exit signs from damage, ensuring durability and visibility. Its sturdy construction provides reliable protection in high-traffic areas.",,https://teslafiresystems.com/wp-content/uploads/2025/01/64.-Exit-Light-Guard-.jpg,https://teslafiresystems.com/product/exit-light-guard/,,,CA,1 lb,
Strike First 10lb CO2 | UL/ULC Approved | USCG Approved,sf-10co2a,320.00 CAD,new,in stock,Online,CA,en,3,Strike First,"Key Features:

   All Fire extinguishers come with a 5 Year Manufacturer's Warranty.
   Certification Tag is available and is an extra fee.
   Made in Canada with Canadian Materials.
   Multi-Purpose Protection: Effective on Class B (flammable liquids) & Class C (electrical equipment)
   Powerful Performance: UL/ULC Rating of 10B:C for superior fire suppression.
   Capacity & Range: 10lb capacity, 6-12 ft range, 12-second discharge time
   Durable Design: Built to withstand extreme temperatures from -22°F to 120°F (-30°C to 49°C).
   Certified & Compliant: Manufactured & tested to exceed ANSI/UL 154, 711 & CAN/ULC-S503, S508. Complies to NFPA 10 standard. DOT Approved Cylinder
   USCG Approved: when used on Appropriate Bracket
   Included Bracket: Hook Style Wall Bracket
   Optional Bracket: HDVB-3
   Certification tags: required for Commercial / Insurance compliance (Call Tesla Fire office for pricing).",,https://teslafiresystems.com/wp-content/uploads/2025/12/Untitled-1.png,https://teslafiresystems.com/product/strike-first-10lb-co2-ul-ulc-approved-uscg-approved/,,,CA,27 lb,merge
Strike First 5lb CO2 | UL/ULC Approved | USCG Approved,sf-5co2,194.75 CAD,new,in stock,Online,CA,en,15,Strike First,"Key Features:

   All Fire extinguishers sold by Tesla Fire Systems, can be fully certified by our technicians.
   Made in Canada with Canadian Materials.
   Multi-Purpose Protection: Effective on Class B (flammable liquids) & Class C (electrical equipment)
   Powerful Performance: UL/ULC Rating of 5B:C for superior fire suppression.
   Capacity & Range: 5lb capacity, 6-12 ft range, 11-second discharge time
   Durable Design: Built to withstand extreme temperatures from -22°F to 120°F (-30°C to 49°C).
   Certified & Compliant: Manufactured & tested to exceed ANSI/UL 154, 711 & CAN/ULC-S503, S508. Complies to NFPA 10 standard. DOT Approved Cylinder
   Included Bracket: Hook Style Wall Bracket
   Optional Bracket: HDVB-2",,https://teslafiresystems.com/wp-content/uploads/2025/12/Strike-First-5lb-CO2.png,https://teslafiresystems.com/product/strike-first-5lb-co2-fire-extinguisher/,,,CA,13.25 lb,merge
Edwards Pullstation - 24VDC,-481,85.00 CAD,new,in stock,Online,CA,en,0,,The Edwards 270 Series Pull Station is a manual fire alarm device designed for reliable operation in commercial and industrial settings.,,https://teslafiresystems.com/wp-content/uploads/2025/01/Edwards-Pull-Station-2.png,https://teslafiresystems.com/product/edwards-pullstation/,,,CA,0.5 lb,
"Fire Equipment Log Book for Fire Alarm Systems, Emergency Lighting, Fire Extinguishers & Emergency Generators",tflb-298a-439,50.00 CAD,new,in stock,Online,CA,en,0,Tesla Fire Systems,"The Fire Safety Maintenance Logbook is an essential tool for recording inspections, tests, and maintenance of fire safety equipment, designed with input from Fire Departments, Fire Marshalls, and fire protection service companies.",,https://teslafiresystems.com/wp-content/uploads/2025/01/tfs-lb.webp,https://teslafiresystems.com/product/fire-protection-equipment-log-book-298a/,,,CA,0.5 lb,
Mircom MH-25R - Mini Horn (Red),mh-25r-1386,35.00 CAD,new,in stock,Online,CA,en,0,,"Mircom’s MH-25 Series mini horns are compact electronic alarm appliances that are ideal for alarm signaling in individual rooms, apartments, hotels and offices where attractive appearance and dependable performance are prime concerns.",,https://teslafiresystems.com/wp-content/uploads/2025/03/Mini-Horn-Red.jpg,https://teslafiresystems.com/product/mircom-mh-25r-mini-horn-red/,,,CA,0.5 lb,
Emergency Light Battery 12V12AH,rlss-12120,55.00 CAD,new,in stock,Online,CA,en,0,,The Emergency Light Replacement Battery 12V 12AH is designed for use with most emergency lighting packs. It offers easy installation and comes with a standard warranty for reliable performance.,,https://teslafiresystems.com/wp-content/uploads/2025/01/12V12AH-Battery.png,https://teslafiresystems.com/product/emergency-light-replacement-battery-12v-12ah/,,,CA,6 lb,
1lb Fire Extinguisher - Amerex 376 BC Purple K with Vehicle Bracket,376,135.00 CAD,new,in stock,Online,CA,en,0,Amerex,"All Fire extinguishers sold by Tesla Fire Systems Inc. come inspected and fully certified for 1 year.

The Amerex 376 is a 1lb Purple K fire extinguisher designed for Class B (flammable liquids and gases) and Class C (electrical) fires. Its potassium bicarbonate dry chemical compound effectively inhibits the chemical reactions that fuel these fires. Ideal for use in environments like boats, it is perfect for combating Class B liquid spills or fires involving live electrical equipment. With a 10-second discharge time, it provides quick and reliable suppression.",,https://teslafiresystems.com/wp-content/uploads/2025/01/16.-Amerex-376-1lb-Purple-K-Class-B-C-Ideal-for-Boats.jpg,https://teslafiresystems.com/product/amerex-376-1lb-purple-k-class-b-c-ideal-for-boats/,,,CA,2.25 lb,
"Aluminum Fire Extinguisher Sign - (4"" x 12"")",a109,23.01 CAD,new,in stock,Online,CA,en,0,Tesla Fire Systems,"The Fire Extinguisher Sign 2 Metal is a durable, high-quality metal sign designed to clearly mark fire extinguisher locations. Its sturdy construction ensures long-lasting performance in various environments, providing reliable safety signage for easy identification in emergencies.",,https://teslafiresystems.com/wp-content/uploads/2025/01/Aluminum-Fire-Extinguisher-Sign-4-x-12.png,https://teslafiresystems.com/product/fire-extinguisher-sign-metal/,,,CA,0.5 lb,
Strike First SF110ST | Compact 2.5lb ABC I UL/ULC & USCG Approved,sf-110st,40.75 CAD,new,in stock,Online,CA,en,0,Strike First,"All Fire extinguishers sold by Tesla Fire Systems, can be fully certified by our technicians.
   USCG Approved: U.S Coast Guard approved when installed with approved mounting bracket.
   Made in Canada with Canadian Materials.
   Ideal for Residential, Multi-Residential & Fleet Vehicle use.
   Manufactured & tested to exceed ANSI/UL 299, 711 & CAN/ULC-S504, S508. Complies to NFPA 10 standard.",,https://teslafiresystems.com/wp-content/uploads/2025/01/28.-Easy-to-Use-Strike-First-ABC110ST-Kitchen-Boat-Trailer-Multi-Purpose-2.5lb-Fire-Extinguisher-wFree-Wall-Mount.jpg,https://teslafiresystems.com/product/strike-first-compact-sf110st-2-5lbs-ul-ulc-uscg-approved/,,,CA,4.5 lb,
5Lb Universal Quick Release Vehicle Bracket,5brk-1054,33.99 CAD,new,in stock,Online,CA,en,1,Tesla Fire Systems,Keep your 5lb fire extinguisher secure and easily accessible with this spring-loaded vehicle bracket from Tesla Fire Products.,990312860389,https://teslafiresystems.com/wp-content/uploads/2025/02/2.5lb-Fire-Extinguisher-Spring-Clip-Vehicle-Bracket.jpg,https://teslafiresystems.com/product/5lb-fire-extinguisher-spring-clip-vehicle-bracket/,,,CA,0.5 lb,
Amerex 397X Halotron | 11Lbs | FAA & USCG Approved,397x,1330.00 CAD,new,in stock,Online,CA,en,0,Amerex,"All Fire extinguishers come with a 6 Year Manufacturer's Warranty.
   Certification Tag is available and is an extra fee.
   FAA Approved: For onboard aircraft use, meets FAA performance standards DOT/FAA/AR-01/37.
   USCG Approved: U.S Coast Guard approved when mounted on Amerex 895 Heavy Duty Bracket.",850026795165,https://teslafiresystems.com/wp-content/uploads/2025/09/Amerex-397-%E2%80%93-Halotron-I-11Lbs-Fire-Extinguisher.webp,https://teslafiresystems.com/product/amerex-397x-halotron-1-11-lbs-fire-extinguisher-faa-uscg-approved/,,,CA,12 lb,merge
20 lb Fire Extinguisher - Amerex A411 ABC Multi-Purpose,a411,235.00 CAD,new,in stock,Online,CA,en,1,Amerex,"All Fire extinguishers come with a 6 Year Manufacturer's Warranty.
   Certification Tag is available and is an extra fee.

Versatile Fire Extinguisher for Class A, B, and C Fires. Be prepared for any fire emergency with this high-performance fire extinguisher, designed to handle Class A (ordinary combustibles), Class B (flammable liquids), and Class C (electrical) fires.",850026795035,https://teslafiresystems.com/wp-content/uploads/2025/01/A411.png,https://teslafiresystems.com/product/20-lb-fire-extinguisher-amerex-a411-abc-multi-purpose/,,,CA,38 lb,
"1-1/2"" x 50' Single Jacket Fire Hose - Designed to be Clipped on a Swing Rack",15parap-50cb,119.00 CAD,new,in stock,Online,CA,en,0,,"The Paragon Single Jacket Rack and Reel Fire Hose with NPSH couplings (1 1/2"" x 50') is a durable and flexible firefighting hose designed for quick deployment in rack and reel systems. With a single polyester jacket and rubber lining, it offers excellent abrasion resistance and reliability in high-demand environments. Ideal for commercial, industrial, and residential fire protection, this hose exceeds all NFPA standards to ensure top performance when needed.",,https://teslafiresystems.com/wp-content/uploads/2025/01/35.-Paragon-Single-Jacket-Rack-and-Reel-Fire-Hose-1-12-x-50.jpg,https://teslafiresystems.com/product/paragon-single-jacket-rack-and-reel-fire-hose-1-1-2-x-50/,,,CA,8 lb,merge
ANSUL CLEANGUARD+ 7.5 lb Clean Agent Fire Extinguisher – 5-B:C – Model CA07VB,19006,619.00 CAD,new,in stock,Online,CA,en,1,Ansul,"The 7.5 lb CLEANGUARD+ is the step-up from small handheld units — giving more discharge time, range, and knockdown power while still keeping the clean agent advantage.

Built for commercial and technical environments, this extinguisher eliminates the biggest problem with ABC units: mess and damage. Ideal for :

   Server rooms
   Electrical panels
   Telecom rooms
   Offices with high-value equipment

It’s UL/ULC listed, rechargeable, and built with a durable steel cylinder + anodized aluminum valve.

   Model: CA07VB
   Agent Capacity: 7.5 lb
   UL/ULC Rating: 5-B:C
   Agent Type: FK-5-1-12 Clean Agent
   No Residue / No Cleanup
   Electrically Non-Conductive
   Discharge Time: ~10–12 sec
   Range: ~10–12 ft
   Operating Temp: -40°C to 49°C
   Application: Electrical rooms, offices, data environments
   Warranty: 6-Year Limited",,https://teslafiresystems.com/wp-content/uploads/2026/04/ansul-a.png,https://teslafiresystems.com/product/ansul-cleanguard-7-5-lb-clean-agent-fire-extinguisher-5-bc-model-ca07vb/,,,CA,8 lb,merge
Mircom FS-400-RR - Wall Mount Strobe (Red),fs400-rr,85.00 CAD,new,in stock,Online,CA,en,0,,"Utilizing advanced LED technology, the FS-400 strobes provide a lower current draw which allows for more devices on a NAC circuit while reducing the number of external power supplies required.",808221140631,https://teslafiresystems.com/wp-content/uploads/2025/03/4-inch-strobe-red.jpg,https://teslafiresystems.com/product/mircom-fs-400-rr-wall-mount-strobe-red/,,,CA,0.5 lb,
System Sensor PSP1 SYS Supervisory / Tamper Switch,psp1a,290.00 CAD,new,in stock,Online,CA,en,0,,"The System Sensor PSP1 Pressure / Tamper Switch is designed to monitor pressure changes in fire sprinkler and suppression systems, ensuring quick and accurate alerts.",,https://teslafiresystems.com/wp-content/uploads/2025/02/System-Sensor-PSP1-Pressure-Switch.jpg,https://teslafiresystems.com/product/system-sensor-psp1-sys-supervisory-tamper-switch/,,,CA,1 lb,
Fire Extinguisher Cabinet - 10lb Surface Mounted (C-999),c-999-1689,84.00 CAD,new,in stock,Online,CA,en,0,,"This surface-mounted metal fire extinguisher cabinet is designed to securely house a 10 lb ABC fire extinguisher. Constructed from durable materials, it features a keyed lock for authorized access and a clear viewing panel for easy visibility. The cabinet’s white enamel finish ensures it complements various interior settings while providing essential protection for your fire safety equipment.",,https://teslafiresystems.com/wp-content/uploads/2025/04/WIL_C999.png,https://teslafiresystems.com/product/fire-extinguisher-cabinet-10lb-surface-mounted-c-999/,,,CA,5 lb,
"Fully Assembled 100' x 1-1/2"" Fire Hose & Rack",996,230.33 CAD,new,in stock,Online,CA,en,0,,"Typically used in warehouse and industrial applications. Also very popular for high-rise residential projects stored in fire hose cabinets.

What's Included:

   100' Fire Hose
   Nozzle
   Swing Rack
   Nozzle Holder
   NPSH Threads for direct connection to gate valve",,https://teslafiresystems.com/wp-content/uploads/2025/02/Hose-Assembled-on-Rack.jpg,https://teslafiresystems.com/product/fully-assembled-1-1-2-fire-hose-rack-w-nozzle-npsh-100-ft-hose/,,,CA,22 lb,
Amerex Heavy Duty Vehicle Bracket – 4 1/4′′ Cylinder (807),4-1-4-807-285,92.23 CAD,new,in stock,Online,CA,en,0,Amerex,"The Amerex 807 Heavy Duty Steel Bracket is designed to securely mount a 5lb fire extinguisher with a 4.25"" cylinder diameter. Made from durable steel with a primed and powder-coated paint finish, this bracket ensures long-lasting performance and meets the latest U/L salt spray requirements (240 hrs. @ 20% salt solution ASTM B117), providing reliable protection for your fire extinguisher in harsh environments.",,https://teslafiresystems.com/wp-content/uploads/2025/01/21.-Amerex-807-Heavy-Duty-Steel-Bracket-for-5lb-Fire-Extinguisher.jpg,https://teslafiresystems.com/product/amerex-807-heavy-duty-steel-bracket-for-5lb-fire-extinguisher/,,,CA,6 lb,
"Mircom FA-106R: Six Zone Fire Alarm Unit, Red Door",459,550.00 CAD,new,in stock,Online,CA,en,0,,"The Mircom FA-106R is a reliable and efficient six-zone fire alarm control panel, designed to provide superior fire detection and notification capabilities. Its durable construction features a red door for high visibility, making it ideal for commercial and institutional applications.",,https://teslafiresystems.com/wp-content/uploads/2025/01/86.-Mircom-FA-106R-Six-Zone-Fire-Alarm-Unit-Red-Door.jpg,https://teslafiresystems.com/product/mircom-fa-106r-six-zone-fire-alarm-unit-red-door/,,,CA,7 lb,
Mircom MS-401 - Single Stage Pull Station,ms-401-479,48.45 CAD,new,in stock,Online,CA,en,0,,The Mircom Pull Station is a manual activation device designed for use with fire alarm control panels operating on 24 VDC or VAC systems.,778346001394,https://teslafiresystems.com/wp-content/uploads/2025/01/Ms-401.jpg,https://teslafiresystems.com/product/mircom-pullstation/,,,CA,0.5 lb,
Mircom FS-400-WW - Wall Mount Strobe (White),fs-400-ww,85.00 CAD,new,in stock,Online,CA,en,0,,"Utilizing advanced LED technology, the FS-400 strobes provide a lower current draw which allows for more devices on a NAC circuit while reducing the number of external power supplies required.",808233242521,https://teslafiresystems.com/wp-content/uploads/2025/03/4-inch-strobe-white.png,https://teslafiresystems.com/product/mircom-fs-400-ww-wall-mount-strobe-white/,,,CA,0.5 lb,
Kidde DETECT - Battery Operated Photoelectric Smoke & CO w/10 Year Sealed Battery & Voice Alerts (30CUD10-VCA),21032772,77.99 CAD,new,in stock,Online,CA,en,0,Kidde,"This alarm offers a modern 5"" design ideal for all living spaces. Cutting edge technology sends fast alerts that give your family more time to get out safely and enhanced sensing technology reduces false alarms often caused by cooking.

   10 YEAR INTEGRATED BATTERY OPERATED SMOKE & CO: Avoids inconvenient battery replacements and saves up to $60 over the life of the device.
   ALERTS YOU TO BOTH SMOKE & CARBON MONOXIDE (CO) BY VOICE & ALARM USING A SINGLE, COST EFFECTIVE DEVICE
   NO LOW BATTERY CHIRPS: This alarm beeps to remind you it’s time to replace it 10 years after it is powered.
   REDUCED NUISANCE ALARMS: Reduces false alarms often caused by cooking.
   SELF-TESTING: Internal components ensure alarm is always operating as expected.**",,https://teslafiresystems.com/wp-content/uploads/2025/02/image.png,https://teslafiresystems.com/product/kidde-detect-battery-operated-smoke-co-10-year-sealed-battery/,,,CA,1 lb,
Fire Alarm Circuit Breaker Lock Off,75000,15.00 CAD,new,in stock,Online,CA,en,0,,"The Fire Alarm Circuit Breaker Lock-Off is a safety device designed to secure fire alarm circuit breakers in the ""ON"" position, preventing accidental deactivation and ensuring uninterrupted operation of fire alarm systems.",,https://teslafiresystems.com/wp-content/uploads/2025/01/Breaker-Lock-Off.jpg,https://teslafiresystems.com/product/fire-alarm-circuit-breaker-lock-off/,,,CA,0.25 lb,
Vinyl Cover for 100' Fire Hose Assembled on a Swing Rack,t-erhc100,59.00 CAD,new,in stock,Online,CA,en,0,Tesla Fire Systems,"Protect your fire hose with this durable vinyl cover, designed for fire hoses assembled on a swing pin racks.
Key Features:

   Durable Protection: Made from high-quality vinyl to shield fire hoses from dust and damage.
   Clear Safety Messaging: Bold stenciled text on both sides for maximum visibility.
   Easy Access: Automotive grade 3M velcro fastener for quick and secure opening and closing.
   Fits Perfectly: Designed to fit 75' Fire Hose Assembled on a Swing Pin Rack
   Compliance & Safety: Ensures hoses are accessible yet protected & visible, meeting safety standards.",990312860365,https://teslafiresystems.com/wp-content/uploads/2025/02/Vinyl-Cover-for-100-ft-Pin-Rack-English.jpg,https://teslafiresystems.com/product/vinyl-cover-for-100-ft-pin-rack-english/,,,CA,0.25 lb,
Safe Signal WFD20N 5.1cm Waterflow Detector,wfd20n,250.00 CAD,new,in stock,Online,CA,en,1,,"The Safe Signal WFD20N 5.1cm Waterflow Detector provides reliable monitoring for fire sprinkler systems, ensuring safety and quick response.


   Ideal for fire sprinkler systems
   Easy installation and accurate detection",,https://teslafiresystems.com/wp-content/uploads/2025/02/System-Sensor-Honeywell-WFD25N-2.5-Waterflow-Detector.jpg,https://teslafiresystems.com/product/system-sensor-wfd20n-5-1cm-waterflow-detector/,,,CA,3 lb,merge
"1-1/2"" x 75' Single Jacket Fire Hose - Designed to be Clipped on a Swing Rack",15parap-75cb,129.00 CAD,new,in stock,Online,CA,en,0,,"The Paragon Single Jacket Rack and Reel Fire Hose with NPSH couplings (1 1/2"" x 75') is a durable and flexible firefighting hose designed for quick deployment in rack and reel systems. With a single polyester jacket and rubber lining, it offers excellent abrasion resistance and reliability in high-demand environments. Ideal for commercial, industrial, and residential fire protection, this hose exceeds all NFPA standards to ensure top performance when needed.",,https://teslafiresystems.com/wp-content/uploads/2025/01/36.-Paragon-Single-Jacket-Rack-and-Reel-Fire-Hose-1-12-x-75.jpg,https://teslafiresystems.com/product/paragon-single-jacket-rack-and-reel-fire-hose-1-1-2-x-75/,,,CA,7 lb,
ANSUL CLEANGUARD+ 3.5 lb Clean Agent Fire Extinguisher – 2-B:C – Model CA03VB,ca03vb,439.00 CAD,new,in stock,Online,CA,en,0,Ansul,"Model: CA03VB
   Part Number: 443475
   Agent Capacity: 3.5 lb (1.59 kg)
   UL/ULC Rating: 2-B:C
   Listings: UL and ULC listed
   Clean Agent: FK-5-1-12
   No Residue / No Cleanup: Safe for sensitive electronics and valuable assets
   Electrically Non-Conductive: Suitable for energized electrical hazards where clean-agent protection is preferred
   Discharge Time: 8.9 seconds
   Effective Range: 8 ft to 10 ft
   Charged Weight: 6.08 lb (2.76 kg)
   Operating Temperature: -40°F to 120°F (-40°C to 49°C)
   Typical Applications: Computer rooms, control areas, labs, telecom spaces, data/document storage, and sensitive equipment rooms
   Warranty: Six-year limited warranty",,https://teslafiresystems.com/wp-content/uploads/2026/04/ansulc.png,https://teslafiresystems.com/product/ansul-cleanguard-3-5-lb-clean-agent-fire-extinguisher-ca03vb/,,,CA,6.5 lb,
"Sprinkler Head 1/2""",775701155,10.55 CAD,new,in stock,Online,CA,en,0,,"The 1/2"" Pendant Style Sprinkler Head is designed for efficient fire suppression, offering reliable protection in commercial and residential applications. Its pendant style ensures optimal water distribution for maximum coverage.",,https://teslafiresystems.com/wp-content/uploads/2025/01/33.-Sprinkler-Head-12.jpg,https://teslafiresystems.com/product/sprinkler-head-1-2/,,,CA,0.2 lb,
Fire Extinguisher Cabinet - 5lb Surface Mounted (C-100),c-100-290,67.00 CAD,new,in stock,Online,CA,en,2,,"This surface-mounted metal fire extinguisher cabinet is designed to securely house a 5 lb ABC fire extinguisher. Constructed from durable materials, it features a keyed lock for authorized access and a clear viewing panel for easy visibility. The cabinet's white enamel finish ensures it complements various interior settings while providing essential protection for your fire safety equipment.",,https://teslafiresystems.com/wp-content/uploads/2025/01/c100.png,https://teslafiresystems.com/product/metal-extinguisher-cabinet/,,,CA,8 lb,
Kidde DETECT - Battery Operated Photoelectric Smoke Alarm w/10 Year Sealed Battery (20SD10-CA),21031471,38.75 CAD,new,in stock,Online,CA,en,65,Kidde,"This alarm offers a modern 5"" design ideal for all living spaces. Cutting edge technology sends fast alerts that give your family more time to get out safely and enhanced sensing technology reduces false alarms often caused by cooking.

   Worry-Free 10-Year Battery: No battery changes for 10 years.* Avoids inconvenient battery replacements and saves up to $40 over the life of the device.
   Fast Alerts: Cutting edge technology gives ample time to get out safely.
   Simple Installation: With included twist-and-click mounting bracket.



NO LOW BATTERY CHIRPS




This alarm beeps to remind you it’s time to replace it 10 years after it is powered.


REDUCED NUISANCE ALARMS




Reduces false alarms often caused by cooking.


SELF-TESTING




Internal components ensure alarm is always operating as expected.**",47871314713,https://teslafiresystems.com/wp-content/uploads/2025/02/kidde-DETECT-Battery-Smoke-2-scaled.webp,https://teslafiresystems.com/product/kidde-detect-battery-operated-smoke-alarm-10-year-sealed-battery/,,,CA,1 lb,merge
6 Litre (1.75g) Class AC Deionized Water Mist Extinguisher - Amerex C270,c270,420.00 CAD,new,in stock,Online,CA,en,0,Amerex,"Key Features:

   All Fire extinguishers come with a 5 Year Manufacturer's Warranty.
   Certification Tag is available and is an extra fee.
   Tested by an independent agency for use in MRI facilities to 11.7 Tesla (including wall hanger bracket).
   Ships Charged and Ready to use with Amerex 670 - Deionized Water.
   Ideal for: hospital environments, telecommunication facilities, and “clean room” manufacturing facilities
   Multi-Purpose Protection: Effective on Class A (wood, paper, cloth) & Class C (Electrical Equipment)
   Powerful Performance: UL/ULC Rating of 2A:C for superior fire suppression.
   Capacity & Range: 6 Liters (1.75g) capacity, 10-12 ft range, 72-second discharge time.
   Certified & Compliant: Manufactured & tested to exceed CAN/ULC-S554 – UL 8 & CAN/ULC-S508 – UL 711. Complies to NFPA 10 standard.
   Includes: Non-Metallic Wall Hook",,https://teslafiresystems.com/wp-content/uploads/2025/12/c270__28678.jpg,https://teslafiresystems.com/product/6-litre-1-75g-class-ac-deionized-water-mist-extinguisher-amerex-c270/,,,CA,9 lb,merge
Mircom MH-S25WA - Sileanceable Mini Horn (White),mh-s25wa-388,45.00 CAD,new,in stock,Online,CA,en,1,,"Mircom’s MH-25 Series mini horns are compact electronic alarm appliances that are ideal for alarm signaling in individual rooms, apartments, hotels and offices where attractive appearance and dependable performance are prime concerns.",,https://teslafiresystems.com/wp-content/uploads/2025/03/Mini-Horn-w-Silence.jpg,https://teslafiresystems.com/product/mircom-mh-s25wa-sileanceable-mini-horn-white/,,,CA,0.5 lb,
Combination Exit LED Sign / Emergency Lighting,sl-e6-36,147.00 CAD,new,in stock,Online,CA,en,0,,This Self-Powered Combination Exit/Emergency Lighting Unit comes with a battery and features an energy-efficient LED light source. It operates for over 30 minutes and is available in both plastic and metal options for versatile installation.,,https://teslafiresystems.com/wp-content/uploads/2025/01/58.-Combination-EXIT-LEDSign.jpg,https://teslafiresystems.com/product/combination-exit-led-sign-emergency-lighting/,,,CA,2 lb,
Kidde 2 Storey Escape Ladder,468193-426,88.65 CAD,new,in stock,Online,CA,en,0,Kidde,"The Kidde 2-Story Escape Ladder is a 13-foot emergency ladder designed for quick and easy escape from upper floors. Compact and durable, it provides a reliable solution for emergency situations, ensuring safe and rapid exit during a fire or other crisis.",47871680931,https://teslafiresystems.com/wp-content/uploads/2025/01/Blankets-Ladders-Fire-Retardant-5-2-Storey-3Storey-Fire-Escape-Ladder-1.png,https://teslafiresystems.com/product/2-story-escape-ladder/,,,CA,6 lb,
"Mircom BL-6B - 24V 6"" Fire Alarm Bell",bl-6b-24v-6-467,65.00 CAD,new,in stock,Online,CA,en,0,,"The Mircom 6-Inch Motorized Steel Bell (BL-6B) is a durable and reliable alarm signaling device, perfect for various fire and security applications.",,https://teslafiresystems.com/wp-content/uploads/2025/01/Mircom-6-Inch-Bell.jpg,https://teslafiresystems.com/product/mircom-6inch-bell/,,,CA,1 lb,
30 lb Model B570 Class D Fire Extinguisher,b570,1395.00 CAD,new,in stock,Online,CA,en,0,Amerex,"All Fire extinguishers sold by Tesla Fire Systems Inc. come inspected and fully certified for 1 year.

The MODEL B570 Class D Fire Extinguisher is equipped with a specially blended Sodium Chloride-based dry powder extinguishing agent. When exposed to heat, it forms a crust that excludes air and dissipates heat, effectively extinguishing metal fires. This extinguisher is ideal for fires involving magnesium, sodium, potassium, and sodium-potassium alloys, and is proven to control and extinguish fires involving zirconium, uranium, titanium, and powdered aluminum.",850026795073,https://teslafiresystems.com/wp-content/uploads/2025/01/14.-Model-B570-30LBS-Class-D-Fire-Extinguisher.jpg,https://teslafiresystems.com/product/model-b570-30lbs-class-d-fire-extinguisher/,,,CA,55 lb,
Kidde DETECT – Battery Operated Photoelectric Smoke & CO w/10 Year Sealed Battery - NO VOICE ALERT (30CUD10-CA),21031518,69.00 CAD,new,in stock,Online,CA,en,54,Kidde,"This alarm offers a modern 5′′ design ideal for all living spaces. Cutting edge technology sends fast alerts that give your family more time to get out safely and enhanced sensing technology reduces false alarms often caused by cooking.

   Worry-Free 10-Year Battery Backup: No battery changes for 10 years.† Avoids inconvenient battery replacements and saves up to $40 over the life of the device.
   Double the Detection: Alerts you to both smoke & carbon monoxide (CO) using a single, cost-effective device.
This product has NO VOICE ALERTS



NO LOW BATTERY CHIRPS




This alarm beeps to remind you it’s time to replace it 10 years after it is powered.


REDUCED NUISANCE ALARMS




Reduces false alarms often caused by cooking.


SELF-TESTING




Internal components ensure alarm is always operating as expected.**",47871315185,https://teslafiresystems.com/wp-content/uploads/2026/01/image-1.png,https://teslafiresystems.com/product/kidde_no-voice-alert-30cud10-ca/,5,1,CA,1.2 lb,merge
Running Man Combo Exit Emergency Light Unit 12V 36W,sl-rm-12-36,325.00 CAD,new,in stock,Online,CA,en,0,,"The Combo Exit Emergency Light with a running man pictorial sign and battery unit offers a modern, sleek design ideal for commercial and institutional settings. This versatile fixture combines exit marking and path lighting in one unit, providing reliable performance during emergencies. Features include universal pictograms, a 12V 36W battery for 30 minutes of operation, a white LED single face plate, and two 12W quartz lamp PAR18 emergency heads. With universal mounting and a white finish, this unit supports 120/277/347V input for flexible installation options.",,https://teslafiresystems.com/wp-content/uploads/2025/01/59.-Running-Man-Combo-Exit-Emergency-Light-Unit.jpg,https://teslafiresystems.com/product/running-man-combo-exit-emergency-light-unit/,,,CA,2 lb,
Kidde Quick Connect Alarm Adapter,21032239,5.50 CAD,new,in stock,Online,CA,en,28,Kidde,"Install hardwired Kidde detectors quicker & easier
   Allows installation to an existing Kidde wiring harness
   For use only with Kidde branded detectors only
   Allows a new Kidde detector to be interconnected with other Kidde smoke and combination detectors (see user guide for compatibility)
   Box includes 1 Kidde Quick Connect Wiring Adapter
   Designed for use with Kidde interconnected hardwired alarms
   Not compatible with BRK or First Alert alarms
   10-year limited manufacturer's warranty",47871322398,https://teslafiresystems.com/wp-content/uploads/2026/01/20-9003_f.jpg,https://teslafiresystems.com/product/kidde-quick-connect-alarm-adapter/,,,CA,1.2 lb,merge
Mircom C2W-BA Smoke Detector 12/24 VDC,c2w-ba-460,95.00 CAD,new,in stock,Online,CA,en,0,,The Mircom C2W-BA Smoke Detector is a reliable and efficient solution for early smoke detection in residential and commercial spaces.,,https://teslafiresystems.com/wp-content/uploads/2025/01/87.-Mircom-C2W-BA-Smoke-Detector-1224-VDC.jpg,https://teslafiresystems.com/product/mircom-c2w-ba-smoke-detector-12-24-vdc/,,,CA,0.5 lb,
System Sensor - D4120 4-Wire Photoelectric Duct Smoke Detector and 1.5' Sampling Tube,dd4120-st15-17897,265.00 CAD,new,in stock,Online,CA,en,48,System Sensor,The System Sensor D4120 provides 24VAC/DC and 120VAC contacts for dual / individual fire alarm initiation / furnace shutdown.,783863034411,https://teslafiresystems.com/wp-content/uploads/2026/02/dd.png,https://teslafiresystems.com/product/system-sensor-d4120-4-wire-photoelectric-duct-smoke-detector-with-1-5-sampling-tube-exhausting-tube-operates-on-24v-fire-alarm-and-120v-furnace-shutdown/,,,CA,5 lb,merge
5 lb Fire Extinguisher - Amerex B386TX Halotron Class BC,b386tx,790.00 CAD,new,in stock,Online,CA,en,0,Amerex,"Key Features:

   All Fire extinguishers come with a 6 Year Manufacturer's Warranty.
   Certification Tag is available and is an extra fee.
   Class B & C Protection: Effective for flammable liquid and electrical fires
   Clean Agent: Halotron leaves no residue, safe for sensitive equipment
   Durable Construction: Steel cylinder and all-metal valve for extended durability
   Optimal Size: 5lb design for added fire suppression capacity
   Versatile Use: Ideal for offices, data centers, vehicles, and more",850026795226,https://teslafiresystems.com/wp-content/uploads/2025/01/20.-5lb-Fire-Extinguisher-Amerex-B386TX-Halotron-Class-BC.jpg,https://teslafiresystems.com/product/5lb-fire-extinguisher-amerex-b386tx-halotron-class-bc/,,,CA,9 lb,
Pull Station Label - no Elevator,ne20,5.00 CAD,new,in stock,Online,CA,en,3,Tesla Fire Systems,"The ""IN CASE OF FIRE"" Pull Station Sticker is a clear, easy-to-read label designed to mark fire alarm pull stations.",,https://teslafiresystems.com/wp-content/uploads/2025/02/Tesla-Signs-2-Pull-Station-No-Elevator.png,https://teslafiresystems.com/product/in-case-of-fire-pull-station-sticker/,,,CA,1 lb,merge
Strike First 20lb Dry Chemical & 10lb-15lb CO2 Heavy Duty Vehicle Bracket - HDVB-3,hdvb-3-17275,95.00 CAD,new,in stock,Online,CA,en,0,Strike First,"Designed for Strike First 20lb Dry Chemical & 10lb - 15lb CO2 Extinguishers
   6 1/4"" – 7 1/8"" – Diameter Fire Extinguisher
   USCG Approved
   Stainless steel pull pin with tether
   Automotive Grade powder coat finish",,https://teslafiresystems.com/wp-content/uploads/2025/12/Strike-First-HDVB.png,https://teslafiresystems.com/product/strike-first-5lb-heavy-duty-vehicle-bracket-hdvb-3/,,,CA,10 lb,merge
Edwards Pullstation - 120VAC,k-270-a-dpo-483,120.00 CAD,new,in stock,Online,CA,en,0,,"The Edwards 120V Pull Station meets ESA standards for 120V applications. Reliable, safe operation. Order now with free delivery across Canada!",793016051295,https://teslafiresystems.com/wp-content/uploads/2025/01/Edwards-Pull-Station-1.png,https://teslafiresystems.com/product/edwards-pullstation-120v/,,,CA,0.5 lb,
Audible Pull Station Cover - STI1100,sti1100,165.00 CAD,new,in stock,Online,CA,en,0,,The Pull Station Audible Cover is designed to deter false alarms in high-traffic public areas.,,https://teslafiresystems.com/wp-content/uploads/2025/01/STI_1100.png,https://teslafiresystems.com/product/pullstation-audible-cover/,,,CA,1 lb,
5lb Fire Extinguisher - Amerex B402TXC ABC Multi-Purpose - Chrome,b402txc,271.80 CAD,new,in stock,Online,CA,en,0,Amerex,"All Fire extinguishers sold by Tesla Fire Systems Inc. come inspected and fully certified for 1 year.

The Amerex 5 lb. Multi-Purpose ABC Fire Extinguisher Chrome B402TC is a reliable and durable fire safety solution. It features an aluminum valve with a light- to medium-duty anodized aluminum valve body, along with an anodized aluminum handle and lever for enhanced durability. Designed for long-lasting performance, the extinguisher is coated with a high-gloss polyester powder paint and constructed with dependable drawn-steel cylinders. Its stored pressure design ensures consistent performance, while bilingual labels make it user-friendly for a diverse audience.",850026795257,https://teslafiresystems.com/wp-content/uploads/2025/01/5lb-Chrome-Fire-Extinguisher-Amerex-B402-ABC-Multi-Purpose.jpg,https://teslafiresystems.com/product/5lb-chrome-fire-extinguisher-amerex-b402-abc-multi-purpose/,,,CA,9.25 lb,
Sprinkler Guard,spg,5.00 CAD,new,in stock,Online,CA,en,0,,"The Economy Sprinkler Cage 1/2"" provides essential protection for sprinkler heads, reducing the risk of accidental damage. Its durable construction ensures reliable performance in commercial and residential settings.",,https://teslafiresystems.com/wp-content/uploads/2025/01/32.-Sprinkler-Guard.jpg,https://teslafiresystems.com/product/sprinkler-guard/,,,CA,0.2 lb,
Emergency Lighting Unit 36 Watt Output,nv-6-36,158.00 CAD,new,in stock,Online,CA,en,0,,This Hardwired LED Exit Sign features a 6V battery backup and tough metal construction for durability. It includes an AC on LED test switch and can be hardwired or plugged into an existing receptacle for versatile installation options.,,https://teslafiresystems.com/wp-content/uploads/2025/01/57.-Emergency-Lighting-Unit-36-Watt-Output.jpg,https://teslafiresystems.com/product/emergency-lighting-unit-36-watt-output/,,,CA,7 lb,
Fiber Glass Fire Blanket (1m x 1m),fb64pc-1072,20.00 CAD,new,in stock,Online,CA,en,0,Tesla Fire Systems,Ensure safety in emergencies with this high-quality fire blanket made from 100% fiberglass. It withstands temperatures up to 550°C (1022°F) and meets CE standards for reliable fire protection.,,https://teslafiresystems.com/wp-content/uploads/2025/02/Fire-Blanket-1m-x-1m.jpg,https://teslafiresystems.com/product/glass-fiber-fire-blanket-2/,,,CA,0.1 lb,
Mircom MH-25W - Mini Horn (White),470,35.00 CAD,new,in stock,Online,CA,en,0,,"Mircom’s MH-25 Series mini horns are compact electronic alarm appliances that are ideal for alarm signaling in individual rooms, apartments, hotels and offices where attractive appearance and dependable performance are prime concerns.",,https://teslafiresystems.com/wp-content/uploads/2025/01/Mini-Horn-White.jpg,https://teslafiresystems.com/product/mircom-mini-horn/,,,CA,0.2 lb,
Mircom FH-400-RR - Wall/Ceiling Mount Horn (Red),fh-400-rr-1397,85.00 CAD,new,in stock,Online,CA,en,0,,MGC’s FH-400 Horns offer an audible solution that deliver exceptional energy efficiency in a compact design. The lower current draw allows for more devices on a NAC circuit while reducing the number of external power supplies required.,,https://teslafiresystems.com/wp-content/uploads/2025/03/4-Inch-Horn-Red.jpg,https://teslafiresystems.com/product/mircom-fh-400-rr-wall-ceiling-mount-horn-red/,,,CA,0.5 lb,
Single LED Emergency Light Remote Head - 6-24V5W,el-7030a5,35.00 CAD,new,in stock,Online,CA,en,0,,"LED Single Remote Head Emergency Light, Thermoplastic Adjustable 1 X 5W Heads, 6V – 24VDC",,https://teslafiresystems.com/wp-content/uploads/2025/01/Single-Remote-Head-LED.png,https://teslafiresystems.com/product/single-emergency-remote/,,,CA,0.25 lb,
2.5lb Chrome Fire Extinguisher - Amerex B417TXC ABC Multi-Purpose,b417txc,264.80 CAD,new,in stock,Online,CA,en,1,Amerex,"All Fire extinguishers sold by Tesla Fire Systems Inc. come inspected and fully certified for 1 year.

Designed for marinas and pool areas, this extinguisher is a reliable choice for fire safety in outdoor environments. Featuring dependable drawn steel cylinders and all-metal valve construction, it ensures long-lasting durability with minimal maintenance.",850026795172,https://teslafiresystems.com/wp-content/uploads/2025/01/2.5lb-Chrome-Fire-Extinguisher-Amerex-B403TX-ABC-Multi-Purpose.jpg,https://teslafiresystems.com/product/2-5lb-chrome-fire-extinguisher-amerex-b417txc-abc-multi-purpose/,5,1,CA,5.5 lb,
Emergency Light Battery 6V12AH,rlss-b6120,33.00 CAD,new,in stock,Online,CA,en,0,,"The 6V 12AH Emergency Light Battery is a durable replacement battery designed for most emergency lighting units, offering reliable performance and easy installation.",,https://teslafiresystems.com/wp-content/uploads/2025/01/6V12AH-Battery.png,https://teslafiresystems.com/product/6v-12ah-emergency-light-battery/,,,CA,4 lb,
Kidde DETECT - 120V Photoelectric Smoke Alarm w/ 10 Year Backup Battery (20SA10-CA),21031559,56.15 CAD,new,in stock,Online,CA,en,0,Kidde,"This alarm offers cutting edge technology that sends fast alerts to give your family more time to get out safely and enhanced sensing technology reduces false alarms often caused by cooking.

   Hardwired Alarm with Worry-Free 10-Year Backup Battery: No battery changes for 10 years.† Avoids inconvenient battery replacements and saves up to $40 over the life of the device.
   Fast Alerts: Cutting edge technology gives ample time to get out safely.
   Interconnected Alarms : When one alarm sounds, they all sound, so you never miss an emergency and can get out faster.



NO LOW BATTERY CHIRPS




This alarm beeps to remind you it’s time to replace it 10 years after it is powered.




INTERCONNECTED ALARMS




When one alarm sounds, they all sound, so you never miss an emergency and can get out faster.


REDUCED NUISANCE ALARMS




Reduces false alarms often caused by cooking.",,https://teslafiresystems.com/wp-content/uploads/2025/02/Kidde-DETECT-120V-Photoelectric-Smoke-Alarm-20SA10-CA-1-scaled.webp,https://teslafiresystems.com/product/kidde-detect-120v-photoelectric-smoke-alarm-w-10-year-backup-battery-20sa10-ca/,,,CA,0.5 lb,
Kidde DETECT - 120V Photoelectric Smoke + Carbon Monoxide Alarm w/ 10 Year Backup Battery & Voice Alert (30CUA10-VCA),21032774,78.00 CAD,new,in stock,Online,CA,en,96,Kidde,"This alarm offers a modern 5"" design ideal for all living spaces. Cutting edge technology sends fast alerts that give your family more time to get out safely and enhanced sensing technology reduces false alarms often caused by cooking.

   Hardwired Alarm with Worry-Free 10-Year Battery Backup: No battery changes for 10 years.† Avoids inconvenient battery replacements and saves up to $40 over the life of the device.
   Double the Detection: Alerts you to both smoke & carbon monoxide (CO) using a single, cost-effective device.
   Interconnected Alarms: When one alarm sounds, they all sound, so you never miss an emergency and can get out faster.



NO LOW BATTERY CHIRPS




This alarm beeps to remind you it’s time to replace it 10 years after it is powered.




REDUCED NUISANCE ALARMS




Reduces false alarms often caused by cooking.",47871327744,https://teslafiresystems.com/wp-content/uploads/2025/02/Kidde-DETECT-SMoke-CO-scaled.jpg,https://teslafiresystems.com/product/kidde-detect-smoke-co-120v-w-10-year-sealed-battery-backup-voice-alerts/,5,4,CA,0.5 lb,merge
"Amerex Heavy Duty Vehicle Bracket - 5"" Cylinder (809)",5-809-288,94.05 CAD,new,in stock,Online,CA,en,0,Amerex,"The Heavy Duty Vehicle Bracket is designed to securely mount fire extinguishers with a 5"" cylinder diameter in vehicles. Made from durable steel, it ensures your extinguisher stays in place during transport, providing reliable access in case of an emergency.",,https://teslafiresystems.com/wp-content/uploads/2025/01/22.-Amerex-809-Heavy-Duty-Steel-Bracket-for-10lb-Fire-Extinguisher.jpg,https://teslafiresystems.com/product/amerex-809-heavy-duty-steel-bracket-for-10lb-fire-extinguisher/,,,CA,7 lb,
"Aluminum Fire Extinguisher Sign - (4"" x 18"")",nlrp109,31.45 CAD,new,in stock,Online,CA,en,0,Tesla Fire Systems,"The aluminum Fire Extinguisher Sign is a durable, high-quality metal sign designed to clearly mark fire extinguisher locations. Its sturdy construction ensures long-lasting performance in various environments, providing reliable safety signage for easy identification in emergencies.",,https://teslafiresystems.com/wp-content/uploads/2025/02/Aluminum-Fire-Extinguisher-Sign-4-x-18.png,https://teslafiresystems.com/product/aluminum-fire-extinguisher-sign-4-x-18/,,,CA,0.5 lb,
Strike First SF-ABC110ST | 2.5lb ABC Multi-Purpose Fire Extinguisher w/Vehicle Bracket (2-Pack),sf-abc110st-2,77.25 CAD,new,in stock,Online,CA,en,0,Strike First,"All Fire extinguishers sold by Tesla Fire Systems Inc. come inspected and fully certified for 1 year.

Compact and reliable, the Strike First SF-ABC110ST 2.5lb Multi-Purpose Fire Extinguisher is designed to protect your vehicle, home, or workplace from Class A (ordinary combustibles), Class B (flammable liquids), and Class C (electrical equipment) fires.",,https://teslafiresystems.com/wp-content/uploads/2025/02/Untitled-2.png,https://teslafiresystems.com/product/strike-first-sf-abc110st-2-5lb-multi-purpose-fire-extinguisher-w-vehicle-bracket-2-pack/,,,CA,9 lb,
Emergency Light Pack 36 Watt Output,el-7012,99.00 CAD,new,in stock,Online,CA,en,2,,"This Emergency Remote Head comes in durable thermoplastic or metal housing and features MR16 lamps. A single heat remote option is also available, offering flexibility for different emergency lighting needs.",,https://teslafiresystems.com/wp-content/uploads/2025/01/62.-Emergency-Light-Pack-36-Watt-Output.jpg,https://teslafiresystems.com/product/emergency-light-pack-36-watt-output/,,,CA,10 lb,merge
Amerex 551- 12.5lbs Halotron BrX Clean Agent HT Series,brx-551,2000.00 CAD,new,in stock,Online,CA,en,0,Amerex,"Key Features:


   Certification Tag is available and is an extra fee.
   12-year service life; non-rechargeable.
   Clean Agent Technology: Discharges as a rapidly evaporating liquid, leaving no residue.
   Non-Conductive & Non-Corrosive: Safe for electrical & sensitive equipment.
   Environmentally Friendly: Low Global Warming Potential (GWP) and near-zero Ozone Depletion Potential (ODP).
   Recommended for : data centers, server rooms, telecom facilities, control rooms, military electronics, aircraft service facilities
   UL/ULC Rating: 2A:10BC
   Capacity & Range: 12.5 lbs capacity, 15-17 ft range, 16-second discharge time.
   Certified & Compliant: Manufactured to ANSI/UL Standards, ISO-9001/ISO-14001 Certified. Conforms to CAN/ULC-S508 - UL 2129 & CAN/ULC-S566 - UL 711",,https://teslafiresystems.com/wp-content/uploads/2025/12/ht-series.png,https://teslafiresystems.com/product/amerex-551-12-5-lbs-halotron-brx-clean-agent/,,,CA,20 lb,merge
5 lb Fire Extinguisher - Amerex B500 ABC Multi-Purpose w/ Wall Bracket,b500x,75.50 CAD,new,in stock,Online,CA,en,0,Amerex,"All Fire extinguishers come with a 6 Year Manufacturer's Warranty.
   Certification Tag is available and is an extra fee.

ABC or Multi-Purpose extinguishers are a reliable and versatile solution for fire safety. They utilize a specially fluidized and siliconized mono ammonium phosphate dry chemical that melts at approximately 350°F, forming a protective coating to insulate against Class A fires. For Class B fires, it smothers and disrupts the chemical chain reaction, and its non-conductive properties ensure safe use around electrical equipment, making it effective for Class C fires as well.",850026795134,https://teslafiresystems.com/wp-content/uploads/2025/01/b500.png,https://teslafiresystems.com/product/5-lb-fire-extinguisher-amerex-b500-abc-multi-purpose/,,,CA,9.25 lb,
System Sensor DST 1.5-1.5' Duct Detector Sampling Tube,dst1_5,36.95 CAD,new,in stock,Online,CA,en,0,,System Sensor DST 1.5-1.5' Duct Detector Sampling Tube is designed for optimal performance in duct detection systems.,783863035074,https://teslafiresystems.com/wp-content/uploads/2025/01/95.-System-Sensor-DST-1.5-1.5-Duct-Detector-Sampling-Tube.jpg,https://teslafiresystems.com/product/system-sensor-dst-1-5-1-5-duct-detector-sampling-tube/,,,CA,0.2 lb,
First Alert Radon Test Kit,rd1-437,29.95 CAD,new,in stock,Online,CA,en,0,,"The First Alert radon test kit can provide accurate information on the hazardous level of radon in your home and help find out what to do about it. This test can only be used once and is EPA listed.

   Do-it-your self testing
   Kit comes complete with test samplers and detailed instructions for test results
   This short term radon test kit provides accurate information on the hazard level of radon in the home
   Assists the consumer to find out what to do if radon is detected",29054850003,https://teslafiresystems.com/wp-content/uploads/2025/01/80.-First-Alert-Radon-Test-Kit.jpg,https://teslafiresystems.com/product/first-alert-radon-test-kit/,,,CA,0.1 lb,
"Single Jacket Reel Hose (1 1/2"" x 50')",tfs15ind-50-19253,177.90 CAD,new,in stock,Online,CA,en,0,Tesla Fire Systems,"The Single Jacket Reel Hose (1 1/2"" x 50') is a durable and flexible multi-use hose designed for quick deployment in hose reel systems. Constructed with a high-quality spun polyester jacket and EPDM rubber lining, it offers excellent abrasion resistance and smooth water flow with minimal friction loss.
Ideal for commercial, industrial, agricultural, and municipal applications, this hose resists ozone, UV exposure, chemicals, and mildew for long-lasting performance. Rated for temperatures from -50°C to 70°C, it ensures reliable operation in a wide range of environments.",,https://teslafiresystems.com/wp-content/uploads/2026/05/Reel-Hose.webp,https://teslafiresystems.com/product/single-jacket-reel-hose-1-1-2-x-50/,,,CA,6 lb,
"2 Stage Alarm Pull Station Label - ""do Not Use Elevator""",2s30,5.00 CAD,new,in stock,Online,CA,en,1,,"Ensure safety and compliance with this clear and durable ""In Case of Fire"" single-stage alarm sign. Designed for use near elevators, it provides essential safety instructions in emergency situations.
Key Features:


   Clear Instructions: Clearly indicates single-stage alarm procedure
   Elevator Safety Reminder: Instructs not to use elevators during a fire
   Durable Material: Made from high-quality, long-lasting materials
   Easy Installation: Sticker
   Highly Visible: Bold lettering and contrasting colors for easy readability",,https://teslafiresystems.com/wp-content/uploads/2025/02/Tesla-Signs-1-2-Stage-Pull-Station-Do-not-use-elevator.png,https://teslafiresystems.com/product/in-case-of-fire-single-stage-alarm-sign-w-elevator/,,,CA,0.1 lb,
"Vinyl Fire Extinguisher Sign - Peel & Stick (4"" x 12"")",nl109,10.00 CAD,new,in stock,Online,CA,en,0,,"The Fire Extinguisher Sign Plastic is designed for easy application with a glued backside, providing clear visibility to mark the location of fire extinguishers. It is made of durable plastic for long-lasting use in safety environments.",,https://teslafiresystems.com/wp-content/uploads/2025/01/Vinyl-Fire-Extinguisher-Sign-4-x-12.png,https://teslafiresystems.com/product/fire-extinguisher-sign-plastic/,,,CA,0.1 lb,
"Fully Assembled 75' x 1-1/2"" Fire Hose & Rack",994,212.50 CAD,new,in stock,Online,CA,en,0,,"Typically used in warehouse and industrial applications. Also very popular for high-rise residential projects stored in fire hose cabinets.

What's Included:

   75' Fire Hose
   Nozzle
   Swing Rack
   Nozzle Holder
   NPSH Threads for direct connection to gate valve",,https://teslafiresystems.com/wp-content/uploads/2025/02/Hose-Assembled-on-Rack.jpg,https://teslafiresystems.com/product/fully-assembled-1-1-2-fire-hose-rack-w-nozzle-npsh-75-ft-hose/,,,CA,18 lb,
Mircom FH-400-WW - Wall/Ceiling Mount Horn (White),fh-400-ww-465,85.00 CAD,new,in stock,Online,CA,en,0,,MGC’s FH-400 Horns offer an audible solution that deliver exceptional energy efficiency in a compact design. The lower current draw allows for more devices on a NAC circuit while reducing the number of external power supplies required.,,https://teslafiresystems.com/wp-content/uploads/2025/01/4-Inch-Horn-White.jpg,https://teslafiresystems.com/product/mircom-standard-horn/,,,CA,0.2 lb,
"Amerex Heavy Duty Vehicle Bracket – 7"" Cylinder (810)",12933-1740,95.27 CAD,new,in stock,Online,CA,en,0,,"The Amerex 810 Heavy Duty Steel Bracket is designed to securely mount a 20lb ABC/10lb CO2 fire extinguisher with a 7′′ cylinder diameter. Made from durable steel with a primed and powder-coated paint finish, this bracket ensures long-lasting performance and meets the latest U/L salt spray requirements (240 hrs. @ 20% salt solution ASTM B117), providing reliable protection for your fire extinguisher in harsh environments.",850026795547,https://teslafiresystems.com/wp-content/uploads/2025/06/810-Bracket.jpg,https://teslafiresystems.com/product/amerex-heavy-duty-vehicle-bracket-7-cylinder-810/,,,CA,6 lb,
"Safe Signal WFD60N 6"" Waterflow Detector",wfd60n,250.00 CAD,new,in stock,Online,CA,en,0,,"The Safe Signal WFD60N 6"" Waterflow Detector is designed for reliable flow monitoring in fire sprinkler systems. It features a durable, tamper-resistant enclosure and is compatible with a wide range of pipe schedules.",,https://teslafiresystems.com/wp-content/uploads/2025/02/System-Sensor-WFD60N-6-waterflow-detector.jpg,https://teslafiresystems.com/product/system-sensor-wfd60n-6-waterflow-detector/,,,CA,1 lb,
Fire Alarm Control Panel Battery - 12V5AH,12v5ah-1733,45.00 CAD,new,in stock,Online,CA,en,0,,12V5AH Sealed lead acid battery,,https://teslafiresystems.com/wp-content/uploads/2025/06/12V5AH-Battery.png,https://teslafiresystems.com/product/fire-alarm-control-panel-battery-12v5ah/,,,CA,5 lb,
Pull Station Cover w/ Breaker Bar,433,88.17 CAD,new,in stock,Online,CA,en,0,,"The Pullstation Cover is designed to protect fire alarm pull stations in high-traffic public areas, helping to deter false alarms.",,https://teslafiresystems.com/wp-content/uploads/2025/01/Pull-Station-Cover-w-Breaker-Bar.png,https://teslafiresystems.com/product/pullstation-cover/,,,CA,1 lb,
"Swing Rack for 50', 75' & 100' x 1-1/2"" Single Jacket Lined Fire Hose",hr-100,79.00 CAD,new,in stock,Online,CA,en,0,,"The Fire Hose Rack is designed for storing 1½” (38mm) folded single jacket lined fire hoses, commonly used in warehouse, industrial, and high-rise residential applications. It can be mounted on a hose valve or wall bracket and swivels 360° for easy access. The rack features a positive water stop, allowing for one-person operation by preventing water from entering the hose until the last fold is pulled away. Constructed from durable 16-gauge metal with a red powder coat finish, this rack is built to withstand pressures up to 150 PSI (1035 kPa). It comes complete with a nozzle clip and has chrome-plated moving parts and zinc-plated hanging pins for added durability.",,https://teslafiresystems.com/wp-content/uploads/2025/01/Rack.jpg,https://teslafiresystems.com/product/swing-pin-rack-for-50-ft-75-ft-100-ft-1-1-2-single-jacket-lined-fire-hose/,,,CA,12 lb,
Amerex B500X - 5lb ABC Multi-Purpose Fire Extinguisher - 5 Pack,b500x5,372.50 CAD,new,in stock,Online,CA,en,17,Amerex,"All Fire extinguishers come with a 6 Year Manufacturer’s Warranty.
   Certification Tag is available and is an extra fee.
   CAN/ULC Rating: 3A:10BC – Meets and exceeds Ministry of Labor standards for construction and industrial sites.
   Heavy-Duty Construction – Steel cylinder with rugged all-metal valve ensures durability in demanding environments.
   Wall Bracket Included – For quick, visible access in high-risk areas.
   Multi-Pack Convenience – Bundle of 5 extinguishers, ideal for facilities, or multi-residential needs.",,https://teslafiresystems.com/wp-content/uploads/2025/12/5-Pack-Amerex-5lb-Fire-Extinguisher.png,https://teslafiresystems.com/product/amerex-b500x-5lb-abc-multi-purpose-fire-extinguisher-5-pack/,,,CA,46.25 lb,merge
Double LED Emergency Light Remote Head - 6-24V5W,cl-r2-rl,69.99 CAD,new,in stock,Online,CA,en,0,,"LED Dual Remote Heads Emergency Light, Thermoplastic Adjustable 2 X 5W Heads, 6V – 24VDC",,https://teslafiresystems.com/wp-content/uploads/2025/01/Double-Remote-Head-LED.png,https://teslafiresystems.com/product/double-emergency-remote/,,,CA,1 lb,
Fire Extinguisher Cabinet - 5lb Semi-Recessed,ec-111-292,150.00 CAD,new,in stock,Online,CA,en,0,,"Semi-Recessed Cabinet for a 5lb dry chemical fire extinguisher
   Designed to provide a durable and secure housing for your fire extinguisher
   Full glass viewing panel for easy inspection
   White Powder Coat finish baked for long-lasting durability.",,https://teslafiresystems.com/wp-content/uploads/2025/01/recessed-cabinet-5lb.png,https://teslafiresystems.com/product/semi-recessed-cabinet-for-5lb-dry-chemical/,,,CA,9 lb,
"Fully Assembled 50' x 1-1/2"" Fire Hose Rack",tfsar-50,204.00 CAD,new,in stock,Online,CA,en,23,,"Typically used in warehouse and industrial applications. Also very popular for high-rise residential projects stored in fire hose cabinets.

What's Included:

   50' Fire Hose
   Nozzle
   Swing Rack
   Nozzle Holder
   NPSH Threads for direct connection to gate valve",,https://teslafiresystems.com/wp-content/uploads/2025/02/Hose-Assembled-on-Rack.jpg,https://teslafiresystems.com/product/fully-assembled-50-x-1-1-2-fire-hose-rack/,,,CA,17 lb,merge
Kidde 3 Storey Escape Ladder,468094-428,162.50 CAD,new,in stock,Online,CA,en,0,Kidde,"The Kidde 3-Story (25') Emergency Escape Ladder is designed for worry-free, quick escapes from upper floors. Made with durable, flame-resistant materials, it attaches easily to any window for rapid deployment. The tangle-free design ensures ease of use, allowing for practice and simple repacking. This ladder is tested to support up to 900 lbs, with anti-slip rungs for added safety. No tools or assembly are required, making it ready for use when you need it most. Backed by a 5-year limited warranty, it's a reliable choice for home safety.",47871680948,https://teslafiresystems.com/wp-content/uploads/2025/01/Blankets-Ladders-Fire-Retardant-5-2-Storey-3Storey-Fire-Escape-Ladder-1.png,https://teslafiresystems.com/product/3-story-escape-ladder/,,,CA,12 lb,
10lb Fire Extinguisher - Amerex 330 Carbon Dioxide,330x,333.65 CAD,new,in stock,Online,CA,en,0,Amerex,"All Fire extinguishers sold by Tesla Fire Systems Inc. come inspected and fully certified for 1 year.

The Carbon Dioxide extinguisher releases a white cloud of ""snow"" that extinguishes fires by removing oxygen. It is highly effective against Class B flammable liquids and Class C electrical fires, and its non-conductive properties make it safe for use around sensitive equipment like automobiles, computer rooms, and electrical devices. As a clean, odorless gas, it leaves no residue or contamination behind.",850026795301,https://teslafiresystems.com/wp-content/uploads/2025/01/10.-10lb-Fire-Extinguisher-Amerex-330-Carbon-Dioxide.jpg,https://teslafiresystems.com/product/10lb-fire-extinguisher-amerex-330-carbon-dioxide/,,,CA,28.5 lb,
Strike First SF1020 | 20lb ABC | UL/ULC & USCG Approved | Industrial,rq-4jdk-3uex,175.00 CAD,new,in stock,Online,CA,en,0,Strike First,"All Fire extinguishers sold by Tesla Fire Systems, can be fully certified by our technicians.
   Made in Canada with Canadian Materials.
   USCG Approved: U.S Coast Guard approved when installed with approved mounting bracket.
   Designed for industrial workplaces and effective against Class A, B, and C fires.
   Manufactured & tested to exceed ANSI/UL 299, 711 & CAN/ULC-S504, S508. Complies to NFPA 10 standard.",,https://teslafiresystems.com/wp-content/uploads/2025/05/20lb-SF-Instagram-Size.png,https://teslafiresystems.com/product/strike-first-sf-abc-1020-20lbs-ul-ulc-uscg-approved-industrial/,,,CA,38 lb,
Running Man LED Sign,ve2-rm-sp-l-u-olr-m,75.00 CAD,new,in stock,Online,CA,en,0,,"This L.E.D. Emergency Light features a durable injected molded thermoplastic housing, providing reliable performance. It includes battery backup for uninterrupted use and offers universal mounting options for both ceiling and wall installations.",884685347779,https://teslafiresystems.com/wp-content/uploads/2025/01/55.-Running-Man-LED-Sign.jpg,https://teslafiresystems.com/product/running-man-led-sign/,,,CA,1 lb,
Amerex Wall Bracket - 2.5lb / 5lb ABC,01521-1064,10.00 CAD,new,in stock,Online,CA,en,0,Amerex,Secure your 5 lb. fire extinguisher with this universal wall hook. Includes free screw and washer for easy installation.,,https://teslafiresystems.com/wp-content/uploads/2025/02/4-Pack-Universal-Fire-Extinguisher-Wall-Hook-Mount-Bracket-Hanger-for-5-Lb.-Extinguisher-Free-Screws-WASHERS-Included.jpg,https://teslafiresystems.com/product/universal-fire-extinguisher-wall-hook-mount-bracket-hanger-for-5-lb-extinguisher-free-screw-washer-included/,,,CA,1 lb,merge
Emergency Light Battery 6V5AH,rlss-b650,25.00 CAD,new,in stock,Online,CA,en,0,,"The Emergency Light Replacement Battery 6V5AH is a reliable replacement for most emergency lighting packs, easy to install, and backed by a standard warranty for dependable performance.",,https://teslafiresystems.com/wp-content/uploads/2025/01/6V5AH-Battery.png,https://teslafiresystems.com/product/emergency-light-replacement-battery-6v-4ah/,,,CA,5 lb,
System Sensor – D4120 4-Wire Photoelectric Duct Smoke Detector and 3′ Sampling Tube,d4120_dst3,270.00 CAD,new,in stock,Online,CA,en,0,,The System Sensor D4120 provides 24VAC/DC and 120VAC contacts for dual / individual fire alarm initiation / furnace shutdown.,,https://teslafiresystems.com/wp-content/uploads/2026/05/dd-3-dst.png,https://teslafiresystems.com/product/system-sensor-d4120-4-wire-photoelectric-duct-smoke-detector-and-3%E2%80%B2-sampling-tube/,,,CA,3.5 lb,
"Single Stage Alarm Pull Station Label - ""do Not Use Elevator""",s10,5.00 CAD,new,in stock,Online,CA,en,0,Tesla Fire Systems,"Ensure safety and compliance with this clear and durable ""In Case of Fire"" single-stage alarm sign. Designed to provide essential safety instructions, it clearly states that elevators should not be used during a fire.",,https://teslafiresystems.com/wp-content/uploads/2025/02/Tesla-Signs-3-Pull-Station-Do-not-use-Elevator-.png,https://teslafiresystems.com/product/in-case-of-fire-single-stage-alarm-sign-no-elevator/,,,CA,0.1 lb,
Amerex B479T - 5lb Purple K | Class B C Fire Extinguisher,b479tx,160.00 CAD,new,in stock,Online,CA,en,1,Amerex,"All Fire extinguishers sold by Tesla Fire Systems Inc. come inspected and fully certified for 1 year.

PURPLE K extinguishers contain specially fluidized and siliconized potassium bicarbonate dry chemical which is particularly effective on Class B flammable liquids and pressurized gases. It is electrically non-conductive.",850026795219,https://teslafiresystems.com/wp-content/uploads/2025/02/17.-Amerex-B479T.jpg,https://teslafiresystems.com/product/amerex-b479t-5lb-purple-k-class-b-c-fire-extinguisher/,,,CA,9.5 lb,
Strike First SF340 I 5lb 3A40B:C I UL/ULC & USCG Approved I Mixed Use w/ Vehicle Bracket,sf340-vb,75.00 CAD,new,in stock,Online,CA,en,0,Strike First,"All Fire extinguishers sold by Tesla Fire Systems, can be fully certified by our technicians.
   Made in Canada with Canadian Materials.
   USCG Approved: U.S Coast Guard approved when installed with approved mounting bracket.
   Ideal for Residential, Multi-Residential & Commercial use
   Manufactured & tested to exceed ANSI/UL 299, 711 & CAN/ULC-S504, S508. Complies to NFPA 10 standard.",,https://teslafiresystems.com/wp-content/uploads/2025/02/Untitled.png,https://teslafiresystems.com/product/strike-first-sf340-5lbs-ul-ulc-uscg-approved-mixed-use/,,,CA,9.5 lb,
Sprinkler Head Upright 155 Degree Celsius,ru65b,10.55 CAD,new,in stock,Online,CA,en,0,,"The Upright Sprinkler Head (155°C) is designed for fire protection systems, activating when the temperature reaches 155°C to suppress fires effectively. Its upright installation ensures optimal water distribution in commercial and industrial settings, providing reliable coverage in case of fire emergencies.",,https://teslafiresystems.com/wp-content/uploads/2025/01/38.-Sprinkler-head-upright-155-degree-Celsius.jpg,https://teslafiresystems.com/product/sprinkler-head-upright-155-degree-celsius/,,,CA,0.1 lb,
"Fire Extinguisher Cover (Window) for 2.5 to 5lb Extinguisher (16"" x 11"")",e-fec-5-1038,38.55 CAD,new,in stock,Online,CA,en,0,Tesla Fire Systems,"Protect your fire extinguisher with this durable vinyl cover, designed to fit 2.5lb to 5lb extinguishers. The clear viewing window lets you easily check the charge status without removing the cover.",,https://teslafiresystems.com/wp-content/uploads/2025/02/Fire-Extinguisher-Cover-Window-for-2.5-to-5lb-Extinguisher-16-x-11.jpg,https://teslafiresystems.com/product/fire-extinguisher-cover-window-for-2-5-to-5lb-extinguisher/,,,CA,3 lb,merge
Kidde DETECT - 120V Photoelectric Smoke + Carbon Monoxide Alarm w/AA Backup Battery (30CUAR-VCA) - Batteries Included,21032773,63.99 CAD,new,in stock,Online,CA,en,0,Kidde,This alarm offers cutting edge technology that sends fast alerts to give your family more time to get out safely and enhanced sensing technology reduces false alarms often caused by cooking.,47871327737,https://teslafiresystems.com/wp-content/uploads/2025/02/kidde-DETECT-120V-Smoke-CO-AA-1.jpg,https://teslafiresystems.com/product/kidde-detect-120v-photoelectric-smoke-carbon-monoxide-alarm-w-aa-backup-battery-30cuar-vca-batteries-included/,,,CA,0.5 lb,
Brass Cap,343,52.80 CAD,new,in stock,Online,CA,en,0,,"The Brass Cap is a reliable, corrosion-resistant fitting used to seal or close pipes and fittings, ensuring a secure, leak-free connection in plumbing or fire protection systems.",,https://teslafiresystems.com/wp-content/uploads/2025/01/Brass-Cap.webp,https://teslafiresystems.com/product/brass-cap-2/,,,CA,2 lb,merge
No Decal Stainless Steel Fire Safety Plan Box,tfspb-ss-1-nd,495.00 CAD,new,in stock,Online,CA,en,2,Tesla Fire Systems,"Premium Stainless Steel Fire Safety Plan Box with lock and key — durable, professional, and designed for commercial, industrial, and multi-residential buildings.

  Why This Box Matters
Approved fire safety plans must be:


   readily available
   properly stored
   clearly identified
   accessible to fire officials

A dedicated stainless steel fire safety plan box helps protect your documentation from damage, tampering, and loss while maintaining a clean, professional, inspection-ready appearance.
Its stainless steel construction provides strong corrosion resistance and long-term durability, making it ideal for demanding installation areas such as mechanical rooms, parking garages, service corridors, and high-humidity environments.
Suitable across Canada for secure fire safety document storage",,https://teslafiresystems.com/wp-content/uploads/2026/03/Screenshot-2026-03-28-at-7.53.47-PM.png,https://teslafiresystems.com/product/decal-stainless-steel-fire-safety-plan-box/,,,CA,5 lb,merge
Mircom MH-S25RA - Sileanceable Mini Horn (Red),mh-s25ra,45.00 CAD,new,in stock,Online,CA,en,2,,"Mircom’s MH-25 Series mini horns are compact electronic alarm appliances that are ideal for alarm signaling in individual rooms, apartments, hotels and offices where attractive appearance and dependable performance are prime concerns.",,https://teslafiresystems.com/wp-content/uploads/2025/03/Mini-Horn-w-Silence-Red.jpg,https://teslafiresystems.com/product/mircom-mh-s25ra-sileanceable-mini-horn-red/,,,CA,1 lb,merge
6 Litre Fire Extinguisher - Amerex C260X Type K Wet Chemical,c260x,285.00 CAD,new,in stock,Online,CA,en,0,Amerex,"All Fire extinguishers come with a 6 Year Manufacturer's Warranty.
   Certification Tag is available and is an extra fee.

The Model C260 Wet Chemical extinguisher is the ultimate solution for restaurant kitchen fire safety. Specifically designed and UL-listed for Class K fires, it excels at tackling the challenges of modern cooking appliances and vegetable-based cooking oils. This extinguisher is highly effective in extinguishing oil, grease, and chemical fires.",850026795066,https://teslafiresystems.com/wp-content/uploads/2025/01/c260.png,https://teslafiresystems.com/product/6-litre-fire-extinguisher-amerex-c260-type-k-wet-chemical/,,,CA,16 lb,
Strike First SF680 I 10lb ABC I UL/ULC & USCG Approved I Multi-Purpose,sf680,79.95 CAD,new,in stock,Online,CA,en,0,Strike First,"All Fire extinguishers sold by Tesla Fire Systems, can be fully certified by our technicians.
   USCG Approved: U.S Coast Guard approved when installed with approved mounting bracket.
   Made in Canada with Canadian Materials.
   Ideal for Home Workshops, Commercial & Industrial
   Manufactured & tested to exceed ANSI/UL 299, 711 & CAN/ULC-S504, S508. Complies to NFPA 10 standard.",,https://teslafiresystems.com/wp-content/uploads/2025/01/30.-10lb-Fire-Extinguisher-Strike-First-680-ABC-Multi-Purpose.jpg,https://teslafiresystems.com/product/multi-purpose-strike-first-sf680-10lbs-ul-ulc-uscg-approved/,,,CA,17 lb,
Amerex Wall Bracket - 6L K Class,6l-k-275,10.00 CAD,new,in stock,Online,CA,en,1,,This Type K Fire Extinguisher Wall Bracket is designed for securely mounting water-filled fire extinguishers. It provides easy access and ensures the extinguisher is always within reach in case of a fire emergency.,,https://teslafiresystems.com/wp-content/uploads/2025/01/11.-Type-K-Fire-Extinguisher-Wall-Bracket.jpg,https://teslafiresystems.com/product/type-k-fire-extinguisher-wall-bracket/,,,CA,0.1 lb,
Kidde DETECT - Combination Smoke & Carbon Monoxide Alarm | Photoelectric Sensor | AA Battery Operated | 30CUDR-CA,21032771,58.00 CAD,new,in stock,Online,CA,en,0,Kidde,"This alarm offers a modern 5′′ design ideal for all living spaces. Cutting edge technology sends fast alerts that give your family more time to get out safely and enhanced sensing technology reduces false alarms often caused by cooking.


   2x AA Replaceable Batteries: Provides power even during short-term power outages for extra peace of mind.
   ALERTS YOU TO BOTH SMOKE & CARBON MONOXIDE (CO) BY VOICE & ALARM USING A SINGLE, COST EFFECTIVE DEVICE
   REDUCED NUISANCE ALARMS: Reduces false alarms often caused by cooking.
   SELF-TESTING: Internal components ensure alarm is always operating as expected.**
   SIMPLE INSTALLATION: Easy to install with the included twist-and-click mounting bracket.",47871327713,https://teslafiresystems.com/wp-content/uploads/2025/02/Kidde-Detect-Battery-Operated-Smoke-CO-AA-battery-operated-.jpg,https://teslafiresystems.com/product/kidde-detect-battery-operated-smoke-co-aa-battery-operated/,,,CA,0.5 lb,
Fire Extinguisher Cover (With Window) – Fits 10 to 20 lb Extinguishers Medium 25 x 16 1/2,efec20el,69.15 CAD,new,in stock,Online,CA,en,0,Tesla Fire Systems,"Protect your fire extinguisher from dust, moisture, and mildew with this durable, water-resistant cover. Designed for 10 to 20 lb extinguishers, its bright red color ensures high visibility, while the clear window allows quick checks of the charge status.",,https://teslafiresystems.com/wp-content/uploads/2025/02/20lb-FX-Cover-with-Window.png,https://teslafiresystems.com/product/fire-extinguisher-cover-with-window-fits-10-to-20-lb-extinguishers-medium-25-x-16-1-2/,,,CA,1 lb,merge
"Safe Signal WFD40N 4"" waterflow detector",wfd40n,250.00 CAD,new,in stock,Online,CA,en,0,,"The Safe Signal WFD40N 4"" Waterflow Detector ensures reliable flow monitoring for fire sprinkler systems.",,https://teslafiresystems.com/wp-content/uploads/2025/02/System-Sensor-Honeywell-WFD25N-2.5-Waterflow-Detector.jpg,https://teslafiresystems.com/product/system-sensor-wfd40n-4-waterflow-detector/,,,CA,2 lb,
System Sensor 5601A Heat Detector Fixed Temperature & Rate Of Rise,5601a, 24.35 CAD,new,in stock,Online,CA,en,0,,"The System Sensor 5601A Heat Detector is a low-profile mechanical heat detector designed for property protection and non-life-safety fire alarm applications where smoke detectors may not be suitable.
Ideal for:


Utility Rooms




Mechanical Rooms




Garages




Warehouses




Industrial Areas




Residential Installations




Areas Unsuitable for Smoke Detection (Kitchens, Bathrooms, Laundry Room,




Key Features & Benefits:


135°F (57°C) Fixed Temperature Activation




Rate-of-Rise Detection (15°F per minute)




Restorable Rate-of-Rise Element for Field Testing




Low-Profile Residential Style Housing




Compatible with Multiple Electrical Back Boxes




Reversible Mounting Bracket




Easy-to-Use Terminal Screws




External Alarm Indicator Collector




ULC Listed for Fire Protective Signaling Systems




Ideal for Residential, Commercial & Industrial Applications",783863024450,https://teslafiresystems.com/wp-content/uploads/2025/01/88.-Mircom-Heat-Detector-Fixed-Temperature-Rate-Of-Rise.jpg,https://teslafiresystems.com/product/mircom-heat-detector-fixed-temperature-rate-of-rise/,,,CA,0.5 lb,
Stainless Steel Fire Safety Plan Box,tfspb-ss,495.00 CAD,new,in stock,Online,CA,en,0,Tesla Fire Systems,"Premium stainless steel Fire Safety Plan cabinet with lock and key. Durable, professional, and code-ready for commercial, industrial, and multi-residential buildings.
  Why This Cabinet Matters
Fire Codes require that approved Fire Safety Plans be:


   Readily available
   Properly stored
   Clearly identified
   Accessible to fire officials

A dedicated stainless steel cabinet ensures your documentation is protected from damage, tampering, or loss — while maintaining a professional, inspection-ready appearance.",,https://teslafiresystems.com/wp-content/uploads/2026/01/ss_tb_.png,https://teslafiresystems.com/product/stainless-steel-fire-safety-plan-box/,,,CA,6 lb,
5lb Fire Extinguisher - Amerex B500 ABC Multi-Purpose (3 Pack),b500x3,220.00 CAD,new,in stock,Online,CA,en,13,Amerex,"All Fire extinguishers come with a 6 Year Manufacturer's Warranty.
   Certification Tag is available and is an extra fee.

Ensure comprehensive fire safety with the Amerex B500 5lb ABC Dry Chemical Fire Extinguisher bundle.",850026795523,https://teslafiresystems.com/wp-content/uploads/2025/02/Amerex-B500-5lb-ABC-Dry-Chemical-Class-A-B-C-Fire-Extinguisher-3-Pack.jpg,https://teslafiresystems.com/product/amerex-b500-5lb-abc-dry-chemical-class-a-b-c-fire-extinguisher-3-pack/,,,CA,30 lb,merge
Amerex Vehicle Bracket - 2.5lb ABC (817),2_5-817-283,15.00 CAD,new,in stock,Online,CA,en,0,Amerex,"The Amerex 817 2.5lb Fire Extinguisher Vehicle Bracket is designed to securely hold a 2.5lb fire extinguisher in vehicles, ensuring it remains in place during travel. This durable bracket provides easy access to the extinguisher in case of an emergency.",,https://teslafiresystems.com/wp-content/uploads/2025/01/18.-2.5lb-Fire-Extinguisher-Vehicle-Bracket-Amerex-817.jpg,https://teslafiresystems.com/product/2-5lb-fire-extinguisher-vehicle-bracket-amerex-817/,,,CA,0.1 lb,
Strike First SRFE2A | 2lb ABC | UL/ULC Approved I Residential,srfe2a,37.00 CAD,new,in stock,Online,CA,en,0,Strike First,"All Fire extinguishers sold by Tesla Fire Systems, can be fully certified by our technicians.
   Made in Canada with Canadian Materials.
   Ideal for Residential use
   Manufactured & tested to exceed ANSI/UL 299, 711 & CAN/ULC-S504, S508. Complies to NFPA 10 standard.",,https://teslafiresystems.com/wp-content/uploads/2025/05/2lb-SF-with-Vehicle-Bracket-side-by-side-1-scaled-e1746375268767.png,https://teslafiresystems.com/product/strike-first-srfe2a-2lbs-ul-ulc-approved-residential/,,,CA,3.40 lb,
2.5lb Universal Quick Release Vehicle Bracket,ubrk-1052,33.99 CAD,new,in stock,Online,CA,en,0,Tesla Fire Systems,Secure your 2.5lb fire extinguisher safely in your vehicle with this durable spring clip bracket. Designed for easy installation and quick access in emergencies.,,https://teslafiresystems.com/wp-content/uploads/2025/02/2.5lb-Fire-Extinguisher-Spring-Clip-Vehicle-Bracket.jpg,https://teslafiresystems.com/product/2-5lb-fire-extinguisher-spring-clip-vehicle-bracket/,,,CA,0.5 lb,
Fire Alarm Control Panel Battery – 12V7AH,12v7ah-1735,45.00 CAD,new,in stock,Online,CA,en,0,,Fire Alarm Control Panel Battery – 12V7AH,,https://teslafiresystems.com/wp-content/uploads/2025/06/12V7AH-Battery.png,https://teslafiresystems.com/product/fire-alarm-control-panel-battery-12v7ah/,,,CA,5 lb,
Vinyl Cover for 75' Fire Hose - Assembled on a Swing Rack,t-erhc75,49.00 CAD,new,in stock,Online,CA,en,0,Tesla Fire Systems,"Protect your fire hose with this durable vinyl cover, designed for fire hoses assembled on a swing pin racks.

Key Features:

   Durable Protection: Made from high-quality vinyl to shield fire hoses from dust and damage.
   Clear Safety Messaging: Bold stenciled text on both sides for maximum visibility.
   Easy Access: Automotive grade 3M velcro fastener for quick and secure opening and closing.
   Fits Perfectly: Designed to fit 100' Fire Hose Assembled on a Swing Pin Rack
   Compliance & Safety: Ensures hoses are accessible yet protected & visible, meeting safety standards.",990312860402,https://teslafiresystems.com/wp-content/uploads/2025/02/Vinyl-Cover-for-100-ft-Pin-Rack-English.jpg,https://teslafiresystems.com/product/1031/,,,CA,5 lb,merge
Amerex Wall Bracket - 10lb ABC,00456-p-1050,10.00 CAD,new,in stock,Online,CA,en,0,Amerex,Securely mount your fire extinguisher with this universal wall hook designed for 10 to 15 lb. extinguishers (refers to chemical weight).,,https://teslafiresystems.com/wp-content/uploads/2025/02/universal-fire-extinguisher-bracket-wall-hook-10-15lb.jpg,https://teslafiresystems.com/product/fire-extinguisher-bracket-wall-mount-hanger-universal-for-10-to-15-lb-extinguisher-with-screws-and-washers/,,,CA,0.5 lb,merge
Keyed Lock for Fire Alarm Panels,bkb-420,29.00 CAD,new,in stock,Online,CA,en,0,Tesla Fire Systems,"The Fire Alarm Panel Key Mount ensures that you'll never lose access to your fire alarm panel. By securely mounting an extra key near the panel, it provides easy and immediate access for superintendents or tenants to open the panel door for quick shut-off in case of an emergency. This convenient solution enhances safety and accessibility.",5036140235236,https://teslafiresystems.com/wp-content/uploads/2025/01/Break-Glass-for-Key.png,https://teslafiresystems.com/product/keyed-lock-for-fire-alarm-panels/,,,CA,0.1 lb,
"1-1/2"" x 100' Single Jacket Fire Hose - Designed to be Clipped on a Swing Rack",15parap-100cb,129.00 CAD,new,in stock,Online,CA,en,0,,"The Paragon Single Jacket Rack and Reel Fire Hose with NPSH couplings (1 1/2"" x 100') is a durable and flexible firefighting hose designed for quick deployment in rack and reel systems. With a single polyester jacket and rubber lining, it offers excellent abrasion resistance and reliability in high-demand environments. Ideal for commercial, industrial, and residential fire protection, this hose exceeds all NFPA standards to ensure top performance when needed.",,https://teslafiresystems.com/wp-content/uploads/2025/01/37.-1-12-x-100-Hose.jpg,https://teslafiresystems.com/product/1-1-2-x-100-fire-hose-designed-to-be-clipped-on-a-swing-rack/,,,CA,15 lb,merge
ANSUL CLEANGUARD+ 13 lb Clean Agent Fire Extinguisher – 10-B:C – Model CA13VB,19005,1230.00 CAD,new,in stock,Online,CA,en,3,,"The 13 lb CLEANGUARD+ is where you move into serious commercial coverage.

This unit delivers longer discharge time and stronger suppression capability, making it ideal for:

   Electrical rooms
   Manufacturing control panels
   Data centers
   Laboratories
   Telecom infrastructure
   Model: CA13VB
   Agent Capacity: 13 lb
   UL/ULC Rating: 10-B:C
   Clean Agent: FK-5-1-12
   Residue-Free Operation
   Safe for Electronics
   Discharge Time: ~13–15 sec
   Range: ~12–15 ft
   Rechargeable Design
   Heavy-Duty Steel Cylinder
   Warranty: 6-Year Limited


Unlike dry chemical extinguishers, this unit:

   Does NOT damage electronics
   Does NOT require cleanup
   Does NOT contaminate sensitive areas",,https://teslafiresystems.com/wp-content/uploads/2026/04/ansulb_.png,https://teslafiresystems.com/product/ansul-cleanguard-13-lb-clean-agent-fire-extinguisher-10-bc-model-ca13vb/,,,CA,13 lb,merge
System Sensor D4120 4-Wire Photoelectric Duct Smoke Detector,d4120-1058,245.00 CAD,new,in stock,Online,CA,en,0,System Sensor,"The System Sensor D4120 is a 4-wire duct smoke detector designed to monitor air ducts in HVAC systems for early smoke detection. Ideal for commercial, industrial, and institutional buildings requiring reliable, code-compliant air duct smoke detection.",636836973722,https://teslafiresystems.com/wp-content/uploads/2025/02/Duct-Detector-1.jpg,https://teslafiresystems.com/product/system-sensor-d4120-innovairflex-4-wire-photoelectric-duct-smoke-detector/,,,CA,3.5 lb,
5lb Fire Extinguisher - Amerex B500X ABC Multi-Purpose (2-Pack),b500x2,141.00 CAD,new,in stock,Online,CA,en,5,Amerex,"All Fire extinguishers come with a 6 Year Manufacturer's Warranty.
   Certification Tag is available and is an extra fee.

Stay prepared with the Amerex B500 5lb ABC Dry Chemical Fire Extinguisher, designed to tackle Class A (ordinary combustibles), Class B (flammable liquids), and Class C (electrical equipment) fires.",850026795516,https://teslafiresystems.com/wp-content/uploads/2025/02/Amerex-B500-5lb-ABC-Dry-Chemical-Class-A-B-C-Fire-Extinguisher-2-Pack.jpg,https://teslafiresystems.com/product/amerex-b500-5lb-abc-dry-chemical-class-a-b-c-fire-extinguisher-2-pack/,,,CA,18.5 lb,merge
Strike First SF310 I Versatile 5lb ABC I UL/ULC & USCG Approved,sf310,51.25 CAD,new,in stock,Online,CA,en,0,Strike First,"All Fire extinguishers sold by Tesla Fire Systems, can be fully certified by our technicians.
   Made in Canada with Canadian Materials.
   USCG Approved: U.S Coast Guard approved when installed with approved mounting bracket.
   Versatile & Ideal for all environments.
   Manufactured & tested to exceed ANSI/UL 299, 711 & CAN/ULC-S504, S508. Complies to NFPA 10 standard.",,https://teslafiresystems.com/wp-content/uploads/2025/01/27.-Easy-to-Use-Strike-First-ABC310-Home-Business-Multi-Purpose-5lb-Fire-Extinguisher-wFree-Wall-Mount.jpg,https://teslafiresystems.com/product/strike-first-versatile-5lbs-ul-ulc-uscg-approved/,5,1,CA,9 lb,
Fire Blanket and Bag,bfb-430,136.89 CAD,new,in stock,Online,CA,en,0,Tesla Fire Systems,"The 62x80 Wool Fireproof Blanket is an essential safety item for commercial cooking areas. Made from high-quality wool, it offers reliable fire protection and is designed to quickly smother small fires.",,https://teslafiresystems.com/wp-content/uploads/2025/01/Fire-Blanket-Bag.png,https://teslafiresystems.com/product/fire-blanket-and-bag/,,,CA,4 lb,
9 Litre (2.5g) Class AC Deionized Water Mist Extinguisher - Amerex C272,c272,450.00 CAD,new,in stock,Online,CA,en,4,Amerex,"Key Features:

   All Fire extinguishers come with a 6 Year Manufacturer's Warranty.
   Certification Tag is available and is an extra fee.
   Tested by an independent agency for use in MRI facilities to 11.7 Tesla (including wall hanger bracket).
   Ships Uncharged - Additional $85.00 to be charged with Amerex 671 Deionized Water.
   Ideal for: hospital environments, telecommunication facilities, and “clean room” manufacturing facilities.
   Multi-Purpose Protection: Effective on Class A (wood, paper, cloth) & Class C (Electrical Equipment).
   Powerful Performance: UL/ULC Rating of 2A:C for superior fire suppression.
   Capacity & Range: 9 Liters (2.5g) capacity, 10-12 ft range, 80-second discharge time.
   Certified & Compliant: Manufactured & tested to exceed CAN/ULC-S554 – UL 8 & CAN/ULC-S508 – UL 711. Complies to NFPA 10 standard. Tested for use in 11.7 Tesla MRI Facilities.
   Includes: Non-Metallic Wall Hook.",850026795363,https://teslafiresystems.com/wp-content/uploads/2025/12/c272__03426.jpg,https://teslafiresystems.com/product/amerex-c272-9l-2-5g-deionized-water-mist/,,,CA,10 lb,merge
"Happy Tree (6 Pack) 1/2"" IPS Fire Sprinkler Head Guard Cover Red for Pendent & Upright & Horizontal Sidewall Head - Double Hook Fire Sprinkler Head ",tfs1100,43.99 CAD,new,in stock,Online,CA,en,0,Tesla Fire Systems,Protect your fire sprinkler heads with the Happy Tree Fire Sprinkler Head Guard Cover.,,https://teslafiresystems.com/wp-content/uploads/2025/02/Happy-Tree-6-Pack-12-IPS-Fire-Sprinkler-Head-Guard-Cover-%E2%80%93-Red.jpg,https://teslafiresystems.com/product/happy-tree-6-pack-1-2-ips-fire-sprinkler-head-guard-cover-red-for-pendent-upright-horizontal-sidewall-head-double-hook-fire-sprinkler-head-cover-cage/,,,CA,1 lb,merge
2.5lb Fire Extinguisher - Amerex B417TX ABC Multi Purpose w/ Vehicle Bracket,b417tx,70.65 CAD,new,in stock,Online,CA,en,0,Amerex,"ABC or Multi-Purpose extinguishers are an essential safety tool, utilizing a specially treated, siliconized mono ammonium phosphate dry chemical. This versatile extinguisher is designed to tackle Class A, B, and C fires. It provides chemical insulation for Class A fires by melting at approximately 350°F, forming a protective coating on surfaces. For Class B fires, it smothers and disrupts the chemical chain reaction, while its non-conductive properties ensure safe use around electrical equipment.

Key features include:

   All Fire extinguishers come with a 6 Year Manufacturer's Warranty.
   Certification Tag is available and is an extra fee.
   CAN/ULC Rating: 1A 10BC
   Durable Construction: Dependable steel cylinder with all-metal valve construction
   Convenient Design: Includes a vehicle bracket for easy mounting
   Our most popular model—no home should be without one!",850026795240,https://teslafiresystems.com/wp-content/uploads/2025/01/ABC_B417.webp,https://teslafiresystems.com/product/2-5-lb-fire-extinguisher-amerex-b417-abc-multi-purpose/,,,CA,5.5 lb,
Amerex B385TSX - 2.5lb Halotron1 - Class B C Fire Extinguisher,b385tsx,625.00 CAD,new,in stock,Online,CA,en,0,Amerex,"All Fire extinguishers come with a 6 Year Manufacturer's Warranty.
   Certification Tag is available and is an extra fee.
   Clean Agent Technology: Discharges as a rapidly evaporating liquid, leaving no residue.
   Non-Conductive & Non-Corrosive: Safe for electrical equipment and sensitive areas.
   Versatile Applications: Ideal for data centers, labs, offices, telecom, military electronics, vehicles, and more.
   Effective on Class B & C Fires: Suitable for flammable liquids/gases and live electrical equipment.",850026795400,https://teslafiresystems.com/wp-content/uploads/2025/02/Tesla-Fire-Systems-Products-2.jpg,https://teslafiresystems.com/product/amerex-b385ts-2-5lb-halotron-i-class-b-c-fire-extinguisher/,,,CA,5.5 lb,
"Amerex A384T, 1.4lb Halotron I Class B C Fire Extinguisher",a384t,428.00 CAD,new,in stock,Online,CA,en,0,Amerex,"All Fire extinguishers come with a 6 Year Manufacturer's Warranty.
   Certification Tag is available and is an extra fee.
   Clean Agent Technology: Rapidly evaporates without leaving any residue.
   Non-Conductive & Non-Corrosive: Safe for electrical equipment and sensitive environments.
   Versatile Applications: Ideal for data centers, labs, offices, telecom, clean rooms, military electronics, vehicles (including boats and aircraft), and more.
   Effective on Class B & C Fires: Designed for flammable liquids/gases and live electrical equipment.",850026795394,https://teslafiresystems.com/wp-content/uploads/2025/02/Amerex-A384T-1.4lb-Halotron-I-Class-B-C-Fire-Extinguisher.jpg,https://teslafiresystems.com/product/amerex-a384t-1-4lb-halotron-i-class-b-c-fire-extinguisher/,5,1,CA,3.5 lb,
"Safe Signal WFD25N 2.5"" Waterflow Detector",wfd25n,250.00 CAD,new,in stock,Online,CA,en,1,,"The Safe Signal WFD25N 2.5"" Waterflow Detector provides reliable flow monitoring for fire sprinkler systems.",,https://teslafiresystems.com/wp-content/uploads/2025/02/System-Sensor-Honeywell-WFD25N-2.5-Waterflow-Detector.jpg,https://teslafiresystems.com/product/system-sensor-honeywell-wfd25n-2-5-waterflow-detector/,,,CA,3 lb,merge
Amerex B500X - 5lb ABC Multi-Purpose Fire Extinguisher - 4 Pack,b500x4,297.00 CAD,new,in stock,Online,CA,en,19,Amerex,"All Fire extinguishers come with a 6 Year Manufacturer’s Warranty.
   Certification Tag is available and is an extra fee.
   CAN/ULC Rating: 3A:10BC – Meets and exceeds Ministry of Labor standards for construction and industrial sites.
   Heavy-Duty Construction – Steel cylinder with rugged all-metal valve ensures durability in demanding environments.
   Wall Bracket Included – For quick, visible access in high-risk areas.
   Multi-Pack Convenience – Bundle of 4 extinguishers, ideal for facilities, or multi-residential needs.",,https://teslafiresystems.com/wp-content/uploads/2025/12/4-Pack-Amerex-5lb.png,https://teslafiresystems.com/product/amerex-b500x-5lb-abc-multi-purpose-fire-extinguisher-4-pack/,,,CA,37 lb,merge
"2.5"" Threaded Brass Plug",plug-b-250cl-pl,52.80 CAD,new,in stock,Online,CA,en,0,,"The Brass Plug is a durable and corrosion-resistant component designed to securely cover pipes or fittings, ensuring protection and maintaining the integrity of your plumbing or fire protection systems.",,https://teslafiresystems.com/wp-content/uploads/2025/01/Brass-Plug.webp,https://teslafiresystems.com/product/brass-cap/,,,CA,1 lb,
"Mircom BL-10B - 24VDC 10"" Fire Alarm Bell",bl-10b-24vdc-1382,75.00 CAD,new,in stock,Online,CA,en,0,,"The Mircom 10-Inch Motorized Steel Bell (BL-10B) is a durable and reliable alarm signaling device, perfect for various fire and security applications.",778346000618,https://teslafiresystems.com/wp-content/uploads/2025/03/Untitled-design-3.jpeg,https://teslafiresystems.com/product/mircom-bl-10b-24vdc-10-fire-alarm-bell/,,,CA,1 lb,
Emergency Fire Blanket | For Fire Suppression & Burn Victim Protection,18877,520.50 CAD,new,in stock,Online,CA,en,2,,"Emergency Fire Blanket for fast Fire Surpression and Burn Protection. Designed to extinguish flames on Surfaces and humans while cooling & preventing burns from spreading.
5 Year Shelf Life",,https://teslafiresystems.com/wp-content/uploads/2026/04/Blankets-Ladders-Fire-Retardant-1-Burn-Blanket.png,https://teslafiresystems.com/product/emergency-fire-blanket-for-fire-suppression-burn-victim-protection/,,,CA,20 lb,merge
