ID,SKU,"GTIN, UPC",Name,Description,In stock?,Weight (lbs),Sale price,Regular price,Images,product_page_url,Meta: product meta description (google),Meta: _wc_gla_mpn,Meta: _wc_gla_brand,Meta: _wc_gla_condition
222,B417TX,850026795240,2.5lb Fire Extinguisher - Amerex B417TX ABC Multi Purpose w/ Vehicle Bracket,"ABC or Multi-Purpose extinguishers are an essential safety tool, utilizing a specially treated, siliconized mono ammonium phosphate dry chemical. This versatile extinguisher is designed to tackle Class A, B, and C fires. It provides chemical insulation for Class A fires by melting at approximately 350°F, forming a protective coating on surfaces. For Class B fires, it smothers and disrupts the chemical chain reaction, while its non-conductive properties ensure safe use around electrical equipment.
\n
\n<strong>Key features include:</strong>
\n<ul>
\n 	<li style=""font-weight: 400;"" aria-level=""1""><b>All Fire extinguishers come with a 6 Year Manufacturer's Warranty.</b></li>
\n 	<li style=""font-weight: 400;"" aria-level=""1""><b>Certification Tag is available and is an extra fee.</b></li>
\n 	<li style=""font-weight: 400;"" aria-level=""1""><span style=""font-weight: 400;"">Durable Construction: Dependable steel cylinder with all-metal valve construction</span></li>
\n 	<li style=""font-weight: 400;"" aria-level=""1""><span style=""font-weight: 400;"">Convenient Design: Includes a vehicle bracket for easy mounting</span></li>
\n 	<li style=""font-weight: 400;"" aria-level=""1""><span style=""font-weight: 400;"">Our most popular model—no home should be without one</span></li>
\n 	<li style=""font-weight: 400;"" aria-level=""1""><span style=""font-weight: 400;"">Certification tags are required for Commercial / Insurance compliance (Call Tesla Fire office for pricing).</span></li>
\n</ul>
\n<!--EndFragment -->",in_stock,5.5,$70.65,$84.50,https://teslafiresystems.com/wp-content/uploads/2025/01/ABC_B417.webp,https://teslafiresystems.com/product/2-5-lb-fire-extinguisher-amerex-b417-abc-multi-purpose/,"Low Prices - 2.5lb Fire Extinguisher - Amerex B417 ABC Multi-Purpose. Versatile for Class A, B, and C fires. Includes vehicle bracket.",,,
229,B500X,850026795134,5 lb Fire Extinguisher - Amerex B500 ABC Multi-Purpose w/ Wall Bracket,"ABC or Multi-Purpose extinguishers are a reliable and versatile solution for fire safety. They utilize a specially fluidized and siliconized mono ammonium phosphate dry chemical that melts at approximately 350°F, forming a protective coating to insulate against Class A fires. For Class B fires, it smothers and disrupts the chemical chain reaction, and its non-conductive properties ensure safe use around electrical equipment, making it effective for Class C fires as well.
\n
\n<strong>Key features include:</strong>
\n<ul>
\n 	<li style=""list-style-type: none;"">
\n<ul>
\n 	<li><strong>All Fire extinguishers come with a 6 Year Manufacturer's Warranty.</strong></li>
\n 	<li><strong>Certification Tag is available and is an extra fee.</strong></li>
\n 	<li>U/L Rating: 3A:10BC</li>
\n 	<li>Durable Construction: Dependable steel cylinder with all-metal valve construction</li>
\n 	<li>Convenient Design: Includes a wall bracket for easy mounting</li>
\n 	<li>This versatile extinguisher is designed to combat Class A, B, and C fires—an essential safety tool for any home or workplace!</li>
\n 	<li>Certification tags are required for Commercial / Insurance compliance (Call Tesla Fire office for pricing).</li>
\n</ul>
\n</li>
\n</ul>",in_stock,9.25,$75.50,$89.00,https://teslafiresystems.com/wp-content/uploads/2025/01/b500.png,https://teslafiresystems.com/product/5-lb-fire-extinguisher-amerex-b500-abc-multi-purpose/,"Low Prices - Amerex B500 ABC Multi-Purpose. Effective for Class A, B, and C fires. Includes wall bracket.",,,
230,B456X,850026795028,10 lb Fire Extinguisher - Amerex B456 ABC Multi-Purpose,"ABC or Multi-Purpose extinguishers are a dependable and versatile solution for fire safety, designed to combat Class A, B, and C fires. They utilize a specially fluidized and siliconized mono ammonium phosphate dry chemical that melts at approximately 350°F, forming a protective coating to insulate against Class A fires. For Class B fires, it breaks the chemical chain reaction, while its non-conductive properties ensure safe use around electrical equipment, making it effective for Class C fires.
\n
\n<strong>Key features include:</strong>
\n<ul>
\n 	<li style=""list-style-type: none;"">
\n<ul>
\n 	<li style=""font-weight: 400;"" aria-level=""1""><b>All Fire extinguishers come with a 6 Year Manufacturer's Warranty.</b></li>
\n 	<li style=""font-weight: 400;"" aria-level=""1""><b>Certification Tag is available and is an extra fee.</b></li>
\n 	<li>CAN/ULC Rating: 6A:80BC</li>
\n 	<li>Meets Standards: Exceeds Ministry of Labor requirements for construction sites</li>
\n 	<li>Durable Construction: Dependable steel cylinder with all-metal valve construction</li>
\n 	<li>Convenient Design: Includes a wall bracket for easy mounting</li>
\n 	<li>This extinguisher combines reliability with superior performance, making it an essential tool for safety in any setting!</li>
\n 	<li style=""font-weight: 400;"" aria-level=""1""><span style=""font-weight: 400;"">Certification tags are required for Commercial / Insurance compliance (Call Tesla Fire office for pricing).</span></li>
\n</ul>
\n</li>
\n</ul>",in_stock,18,$113.50,$145.00,https://teslafiresystems.com/wp-content/uploads/2025/01/3.-10-lb-Fire-Extinguisher-Amerex-B456-ABC-Multi-Purpose.jpg,https://teslafiresystems.com/product/10-lb-fire-extinguisher-amerex-b456-abc-multi-purpose/,"Low Prices - 10 lb Fire Extinguisher - Amerex B456 ABC. Reliable for Class A, B, and C fires. Order today!",,,
233,B402TXC,850026795257,5lb Fire Extinguisher - Amerex B402TXC ABC Multi-Purpose - Chrome,"The Amerex 5 lb. Multi-Purpose ABC Fire Extinguisher Chrome B402TC is a reliable and durable fire safety solution. It features an aluminum valve with a light- to medium-duty anodized aluminum valve body, along with an anodized aluminum handle and lever for enhanced durability.
\n
\nDesigned for long-lasting performance, the extinguisher is coated with a high-gloss polyester powder paint and constructed with dependable drawn-steel cylinders. Its stored pressure design ensures consistent performance, while bilingual labels make it user-friendly for a diverse audience.
\n
\nThis extinguisher provides exceptional fire protection:
\n<ul>
\n 	<li>Class A Fires: Chemically insulates by melting at approximately 350°F and coating affected surfaces.</li>
\n 	<li>Class B Fires: Smothers and disrupts the chemical chain reaction.</li>
\n 	<li>Class C Fires: Non-conductive, ensuring safe use around electrical equipment.</li>
\n</ul>
\n<strong>Key Features:</strong>
\n<ul>
\n 	<li><strong>All Fire extinguishers sold by Tesla Fire Systems Inc. come inspected and fully certified for 1 year.</strong></li>
\n 	<li>All-metal valve construction</li>
\n 	<li>Durable high-gloss polyester powder paint</li>
\n 	<li>Dependable steel cylinder design</li>
\n 	<li>Includes vehicle bracket (Model 818) for convenient mounting</li>
\n 	<li>The Amerex B402TC is a versatile and dependable extinguisher, ideal for a wide range of fire safety needs.</li>
\n</ul>",in_stock,9.5,$271.80,$499.00,https://teslafiresystems.com/wp-content/uploads/2025/01/5lb-Chrome-Fire-Extinguisher-Amerex-B402-ABC-Multi-Purpose.jpg,https://teslafiresystems.com/product/5lb-chrome-fire-extinguisher-amerex-b402-abc-multi-purpose/,"Low Prices - 5lb Chrome Fire Extinguisher - Amerex B402TXC ABC. Durable, high-gloss finish, bilingual labels.",,,
235,C260X,850026795066,6 Litre Fire Extinguisher - Amerex C260X Type K Wet Chemical,"The Model C260 Wet Chemical extinguisher is the ultimate solution for restaurant kitchen fire safety. Specifically designed and UL-listed for Class K fires, it excels at tackling the challenges of modern cooking appliances and vegetable-based cooking oils. This extinguisher is highly effective in extinguishing oil, grease, and chemical fires.
\n
\nWith a 6-liter capacity, the Model C260 features a durable stainless steel cylinder, an all-metal valve construction, and an easy-to-use hose with a spray nozzle for precise application. The potassium acetate-based Wet Chemical agent quickly cools high-temperature fires, reduces the risk of re-ignition, and leaves no chemical residue to clean up.
\n
\n<strong>Key features include:</strong>
\n<ul>
\n 	<li style=""font-weight: 400;"" aria-level=""1""><b>All Fire extinguishers come with a 6 Year Manufacturer's Warranty.</b></li>
\n 	<li style=""font-weight: 400;"" aria-level=""1""><b>Certification Tag is available and is an extra fee.</b></li>
\n 	<li>CAN/ULC Rating: 2A:K</li>
\n 	<li>Durable Construction: Dependable steel cylinder and all-metal valve construction</li>
\n 	<li>Convenient Design: Comes with a wall bracket for easy mounting</li>
\n 	<li>The Model C260 also supplements existing automatic fire suppression systems, offering an additional layer of safety and protection. It's an essential addition to any commercial kitchen, ensuring reliable fire safety and peace of mind.</li>
\n 	<li style=""font-weight: 400;"" aria-level=""1""><span style=""font-weight: 400;"">Certification tags are required for Commercial / Insurance compliance (Call Tesla Fire office for pricing).</span></li>
\n</ul>",in_stock,16,$285.00,$320.00,https://teslafiresystems.com/wp-content/uploads/2025/01/c260.png,https://teslafiresystems.com/product/6-litre-fire-extinguisher-amerex-c260-type-k-wet-chemical/,"Low Prices - 6L Amerex B260 Type K Wet Chemical ? Ideal for Class K kitchen fires. Durable, effective.",,,
241,B402X,850026795011,5lb Fire Extinguisher - Amerex B402X ABC Multi-Purpose,"The ABC or Multi-Purpose extinguisher is designed for commercial use, including applications such as buses and forklifts. It contains a specially treated, siliconized mono ammonium phosphate dry chemical that melts at approximately 350°F, forming a protective coating to insulate against Class A fires. It effectively smothers Class B fires by disrupting the chemical chain reaction and is non-conductive, ensuring safety when used around electrical equipment.
\n
\nThis extinguisher is ideal for tackling Class A, B, and C fires and features a dependable steel cylinder, all-metal valve construction, and comes with a marine bracket for easy mounting.
\n
\n<strong>Key Features:</strong>
\n<ul>
\n 	<li style=""list-style-type: none;"">
\n<ul>
\n 	<li style=""font-weight: 400;"" aria-level=""1""><b>All Fire extinguishers come with a 6 Year Manufacturer's Warranty.</b></li>
\n 	<li style=""font-weight: 400;"" aria-level=""1""><b>Certification Tag is available and is an extra fee.</b></li>
\n 	<li>Regular Dry Chemical, 5lb Unit</li>
\n 	<li>U/L Rating: 3A 40B:C</li>
\n 	<li>Dimensions: Height: 15.25"", Width: 5.5"", Diameter: 4.5""</li>
\n 	<li>Durable Construction: Dependable steel cylinder with all-metal valve construction</li>
\n 	<li>A versatile and reliable fire safety tool, perfect for commercial environments requiring robust protection.</li>
\n 	<li style=""font-weight: 400;"" aria-level=""1""><span style=""font-weight: 400;"">Certification tags are required for Commercial / Insurance compliance (Call Tesla Fire office for pricing).</span></li>
\n</ul>
\n</li>
\n</ul>",in_stock,9.5,$83.30,$103.00,https://teslafiresystems.com/wp-content/uploads/2025/01/7.-5lb-Fire-Extinguisher-Amerex-B402-ABC-Multi-Purpose.jpg,https://teslafiresystems.com/product/5lb-fire-extinguisher-amerex-b402-abc-multi-purpose/,"Low Prices - 5lb Fire Extinguisher - Amerex B402 ABC Multi-Purpose. Ideal for Class A, B &amp; C fires.",,,
244,B417TXC,850026795172,2.5lb Chrome Fire Extinguisher - Amerex B417TXC ABC Multi-Purpose,"Designed for marinas and pool areas, this extinguisher is a reliable choice for fire safety in outdoor environments. Featuring dependable drawn steel cylinders and all-metal valve construction, it ensures long-lasting durability with minimal maintenance.
\n
\nThis extinguisher is an economical option that meets UL and U.S. Coast Guard standards, making it ideal for marine and recreational areas. It also comes with bar-coded and bilingual labels, ensuring ease of use and compliance.
\n
\n<strong>Key Features:</strong>
\n<ul>
\n 	<li style=""list-style-type: none"">
\n<ul>
\n 	<li><strong>All Fire extinguishers sold by Tesla Fire Systems Inc. come inspected and fully certified for 1 year.</strong></li>
\n 	<li>CAN/ULC Rating: 1A:10BC</li>
\n 	<li>Durable Construction: Reliable drawn steel cylinders with all-metal valve construction</li>
\n 	<li>Maintenance: Trouble-free upkeep</li>
\n 	<li>Listings: UL and U.S. Coast Guard approved</li>
\n 	<li>Convenience: Bar-coded and bilingual labels for user-friendliness</li>
\n</ul>
\n</li>
\n</ul>
\n<ul>
\n 	<li>A dependable and cost-effective solution for marina and pool area fire safety.</li>
\n</ul>",in_stock,5.5,$264.80,$290.00,https://teslafiresystems.com/wp-content/uploads/2025/01/2.5lb-Chrome-Fire-Extinguisher-Amerex-B403TX-ABC-Multi-Purpose.jpg,https://teslafiresystems.com/product/2-5lb-chrome-fire-extinguisher-amerex-b417txc-abc-multi-purpose/,"Low Prices - 2.5lb Chrome Fire Extinguisher - Amerex B402TXC ABC. Durable, high-gloss finish, bilingual labels.",,,
246,322X,850026795202,5lb Fire Extinguisher - Amerex 322 Carbon Dioxide,"The Carbon Dioxide extinguisher is an effective solution for fighting Class B and Class C fires, including flammable liquids and electrically non-conductive fires. It releases CO2 as a white cloud of ""snow,"" suffocating the fire by displacing oxygen. This clean, odorless gas leaves no residue, making it ideal for use in sensitive environments like automobiles, computer rooms, and areas with electrical equipment.
\n
\n<strong>Key Features:</strong>
\n<ul>
\n 	<li style=""font-weight: 400;"" aria-level=""1""><b>All Fire extinguishers come with a 6 Year Manufacturer's Warranty.</b></li>
\n 	<li style=""font-weight: 400;"" aria-level=""1""><b>Certification Tag is available and is an extra fee.</b></li>
\n 	<li>U/L Rating: 5B:C</li>
\n 	<li>Durable Construction: Dependable steel cylinder with all-metal valve construction</li>
\n 	<li>Convenient Design: Comes with a wall bracket for easy mounting</li>
\n 	<li>Dimensions: Height: 17.75"", Width: 8.25"", Diameter: 5.25""</li>
\n 	<li>A reliable and residue-free solution for fires involving flammable liquids and electrical equipment.</li>
\n 	<li style=""font-weight: 400;"" aria-level=""1""><span style=""font-weight: 400;"">Certification tags are required for Commercial / Insurance compliance (Call Tesla Fire office for pricing).</span></li>
\n</ul>",in_stock,14,$265.00,$280.00,https://teslafiresystems.com/wp-content/uploads/2025/01/9.-5lb-Fire-Extinguisher-Amerex-322-Carbon-Dioxide.jpg,https://teslafiresystems.com/product/5lb-fire-extinguisher-amerex-322-carbon-dioxide/,"Low Prices - Amerex 322 5lb CO2 Fire Extinguisher for Class B &amp; C fires. Residue-free, ideal for sensitive areas.",,,
248,330X,850026795301,10lb Fire Extinguisher - Amerex 330 Carbon Dioxide,"The Carbon Dioxide extinguisher releases a white cloud of ""snow"" that extinguishes fires by removing oxygen. It is highly effective against Class B flammable liquids and Class C electrical fires, and its non-conductive properties make it safe for use around sensitive equipment like automobiles, computer rooms, and electrical devices. As a clean, odorless gas, it leaves no residue or contamination behind.
\n
\n<strong>Key Features:</strong>
\n<ul>
\n 	<li style=""list-style-type: none;"">
\n<ul>
\n 	<li><strong>All Fire extinguishers sold by Tesla Fire Systems Inc. come inspected and fully certified for 1 year.</strong></li>
\n 	<li>CAN/ULC Rating: 5BC</li>
\n 	<li>Durable Construction: Dependable steel cylinder with all-metal valve construction</li>
\n 	<li>Convenient Design: Comes with a wall bracket for easy mounting</li>
\n</ul>
\n</li>
\n</ul>
\n<ul>
\n 	<li>This CO2 extinguisher provides reliable fire suppression for flammable liquids and electrical fires, making it ideal for sensitive environments.</li>
\n</ul>",in_stock,28.5,$333.65,$480.00,https://teslafiresystems.com/wp-content/uploads/2025/01/10.-10lb-Fire-Extinguisher-Amerex-330-Carbon-Dioxide.jpg,https://teslafiresystems.com/product/10lb-fire-extinguisher-amerex-330-carbon-dioxide/,"Low Prices - 10lb Amerex 330 CO2 Fire Extinguisher, 5BC rated for Class B &amp; C fires. Non-conductive, residue-free.",,,
250,B570,850026795073,30 lb Model B570 Class D Fire Extinguisher,"The MODEL B570 Class D Fire Extinguisher is equipped with a specially blended Sodium Chloride-based dry powder extinguishing agent. When exposed to heat, it forms a crust that excludes air and dissipates heat, effectively extinguishing metal fires. This extinguisher is ideal for fires involving magnesium, sodium, potassium, and sodium-potassium alloys, and is proven to control and extinguish fires involving zirconium, uranium, titanium, and powdered aluminum.
\n
\n<strong>Key Features:</strong>
\n<ul>
\n 	<li><strong>All Fire extinguishers sold by Tesla Fire Systems Inc. can be fully certified for 1 year.</strong></li>
\n 	<li>Rugged Design: Dependable drawn steel cylinders with corrosion-resistant yellow Class D color-coded paint finish</li>
\n 	<li>Stored Pressure Design: Ensures reliable performance</li>
\n 	<li>Temperature Range: Operates between -40°F to 120°F</li>
\n 	<li>6-Year Warranty: Built for long-lasting durability</li>
\n 	<li>All-Metal Valve Construction: Ensures robust functionality</li>
\n</ul>
\nThe Amerex ""soft flow"" extension applicator is designed specifically for Class D fires, keeping the operator away from extreme heat and toxic fumes. It provides a controlled, even discharge of the agent, ensuring precise application. The applicator can be quickly detached for a straight stream, perfect for greater range or narrow discharge patterns.",in_stock,53,"$1,395.00","$1,400.00",https://teslafiresystems.com/wp-content/uploads/2025/01/14.-Model-B570-30LBS-Class-D-Fire-Extinguisher.jpg,https://teslafiresystems.com/product/model-b570-30lbs-class-d-fire-extinguisher/,"Low Prices - 30lb Amerex B570 Class D Fire Extinguisher for metal fires. Durable design, 6-year warranty",,,
252,715,,Amerex 715 Z-Series High Performance 30lb ABC Extinguisher,"This 30lb fire extinguisher is designed to effectively combat Class A, B, and C fires, providing reliable fire protection for larger spaces and high-risk areas. Featuring a robust steel cylinder and all-metal valve construction, it ensures durability and dependable performance. The extinguisher comes with either a wall or vehicle bracket, allowing for easy mounting and quick access when needed.
\n
\n<strong>Key Features:</strong>
\n<ul>
\n 	<li style=""list-style-type: none;"">
\n<ul>
\n 	<li><strong>All Fire extinguishers sold by Tesla Fire Systems Inc. come inspected and fully certified for 1 year.</strong></li>
\n 	<li>Multi-Class Protection: Suitable for Class A, B, and C fires</li>
\n 	<li>Durable Construction: Dependable steel cylinder with all-metal valve construction</li>
\n 	<li>Convenient Mounting: Includes wall or vehicle bracket for easy installation and accessibility</li>
\n</ul>
\n</li>
\n</ul>",in_stock,58,$755.00,$805.00,https://teslafiresystems.com/wp-content/uploads/2025/01/15.30-lb.-Fire-Extinguisher-Amerex-ABC-Multi-Purpose.jpg,https://teslafiresystems.com/product/30-lb-fire-extinguisher-amerex-abc-multi-purpose/,"Low Prices - 30lb fire extinguisher for Class A, B, and C fires. Durable steel, all-metal valve, with bracket.",,,
254,376,,1lb Fire Extinguisher - Amerex 376 BC Purple K with Vehicle Bracket,"The Amerex 376 is a 1lb Purple K fire extinguisher designed for Class B (flammable liquids and gases) and Class C (electrical) fires. Its potassium bicarbonate dry chemical compound effectively inhibits the chemical reactions that fuel these fires. Ideal for use in environments like boats, it is perfect for combating Class B liquid spills or fires involving live electrical equipment. With a 10-second discharge time, it provides quick and reliable suppression.
\n
\n<strong>Key Features:</strong>
\n<ul>
\n 	<li style=""list-style-type: none;"">
\n<ul>
\n 	<li><strong>All Fire extinguishers sold by Tesla Fire Systems Inc. come inspected and fully certified for 1 year.</strong></li>
\n 	<li>Class B &amp; C Protection: Suitable for flammable liquid and electrical fires</li>
\n 	<li>Effective Chemical Compound: Potassium bicarbonate inhibits fire reactions</li>
\n 	<li>Quick Discharge: 10-second discharge time for fast fire suppression</li>
\n 	<li>Durable Construction: Compact 1lb design for easy handling and storage</li>
\n</ul>
\n</li>
\n</ul>
\nConvenient Use: Recommended for environments such as boats and other high-risk areas",in_stock,2.25,$135.00,$150.00,https://teslafiresystems.com/wp-content/uploads/2025/01/16.-Amerex-376-1lb-Purple-K-Class-B-C-Ideal-for-Boats.jpg,https://teslafiresystems.com/product/amerex-376-1lb-purple-k-class-b-c-ideal-for-boats/,"Low Prices - Amerex 1lb Purple K Fire Extinguisher for Class B &amp; C fires. Quick 10-second discharge, compact.",,,
260,B386TX,850026795226,5 lb Fire Extinguisher - Amerex B386TX Halotron Class BC,"The Amerex B386TX Halotron 5lb Fire Extinguisher is designed to combat Class B and C fires, making it ideal for flammable liquid and electrical fires. Using Halotron, a clean, non-toxic agent, it effectively suppresses fires without leaving residue, making it perfect for use around sensitive equipment like computers and electronics. With a durable steel cylinder and all-metal valve construction, this extinguisher ensures long-lasting reliability and performance.
\n
\n<strong>Key Features:</strong>
\n<ul>
\n 	<li style=""font-weight: 400""><b>All Fire extinguishers come with a 6 Year Manufacturer's Warranty.</b></li>
\n 	<li style=""font-weight: 400""><b>Certification Tag is available and is an extra fee.</b></li>
\n 	<li>Class B &amp; C Protection: Effective for flammable liquid and electrical fires</li>
\n 	<li>Clean Agent: Halotron leaves no residue, safe for sensitive equipment</li>
\n 	<li>Durable Construction: Steel cylinder and all-metal valve for extended durability</li>
\n 	<li>Optimal Size: 5lb design for added fire suppression capacity</li>
\n 	<li>Versatile Use: Ideal for offices, data centers, vehicles, and more</li>
\n 	<li style=""font-weight: 400""><span style=""font-weight: 400"">Certification tags are required for Commercial / Insurance compliance (Call Tesla Fire office for pricing).</span></li>
\n</ul>",in_stock,9,$790.00,$820.00,https://teslafiresystems.com/wp-content/uploads/2025/01/20.-5lb-Fire-Extinguisher-Amerex-B386TX-Halotron-Class-BC.jpg,https://teslafiresystems.com/product/5lb-fire-extinguisher-amerex-b386tx-halotron-class-bc/,Low Prices - Amerex 5lb B386TX Halotron Fire Extinguisher for Class BC fires. Durable and reliable.,B386TX,Amerex,new
262,B500TX,,5 lb Fire Extinguisher - Amerex B500TX ABC Multi-Purpose / Wrap Around Bracket,"The Amerex 5 lb Multi-Purpose ABC Fire Extinguisher - Model B500TX offers exceptional protection for both lives and property, making it a trusted choice for over 50 years. Amerex, the world’s leading manufacturer of portable and wheeled fire extinguishers, has earned a reputation for reliable fire safety solutions. This highly regarded extinguisher, complete with a vehicle bracket, is designed to effectively combat Class A, B, and C fires, making it an essential tool for both residential and commercial settings. Whether safeguarding your home, vehicle, or business, the Amerex B500TX provides comprehensive protection against ordinary materials (Class A), flammable liquids and gases (Class B), and live electrical equipment (Class C). Ideal for transportation, healthcare, education, and light industrial applications, this extinguisher ensures long-lasting, dependable performance in any environment.
\n
\n<strong>Key Features:</strong>
\n<ul>
\n 	<li style=""font-weight: 400;"" aria-level=""1""><b>All Fire extinguishers come with a 6 Year Manufacturer's Warranty.</b></li>
\n 	<li style=""font-weight: 400;"" aria-level=""1""><b>Certification Tag is available and is an extra fee.</b></li>
\n 	<li>Reliable ABC Protection: Ideal for Class A, B, and C fires</li>
\n 	<li>Durable Construction: Dependable steel cylinder with all-metal valve</li>
\n 	<li>Versatile Use: Perfect for vehicles, homes, and commercial spaces</li>
\n 	<li>Equipped with genuine Amerex 818 wrap-around bracket for flexible horizontal or vertical mounting.</li>
\n 	<li>Amerex B500TX Fire Extinguisher delivers trusted, professional-grade fire protection for every environment.</li>
\n 	<li style=""font-weight: 400;"" aria-level=""1""><span style=""font-weight: 400;"">Certification tags are required for Commercial / Insurance compliance (Call Tesla Fire office for pricing).</span></li>
\n</ul>",in_stock,9.5,$95.00,$100.00,https://teslafiresystems.com/wp-content/uploads/2025/01/Untitled-1.png,https://teslafiresystems.com/product/5-lb-fire-extinguisher-amerex-b500tx-abc-multi-purpose/,,,,
264,SF310,501,Strike First SF310 I Versatile 5lb ABC I UL/ULC & USCG Approved,"<p data-start=""59"" data-end=""445"">This 5lb Versatile ABC Dry Chemical Fire Extinguisher is designed to provide reliable fire protection for a variety of hazards. It is effective on Class A fires (wood, paper, cloth), Class B fires (flammable liquids and gases), and Class C fires (electrical equipment). This versatile extinguisher is ideal for Residential, Multi-Residential &amp; Commercial use, ensuring safety and peace of mind.</p>
\n<p data-start=""447"" data-end=""466"">Key Features:</p>
\n
\n<ul>
\n 	<li><strong><span class=""cf0"">All Fire extinguishers sold by Tesla Fire Systems, can be fully certified by our technicians.</span></strong></li>
\n 	<li><strong>USCG Approved: U.S Coast Guard approved when installed with approved mounting bracket.</strong></li>
\n 	<li><strong>Made in Canada with Canadian Materials. </strong></li>
\n 	<li><b>Versatile &amp; Ideal for all environments.</b></li>
\n 	<li data-start=""447"" data-end=""466""><strong>Multi-Purpose Protection</strong>: Effective on Class A (wood, paper, cloth), Class B (flammable liquids and gases), and Class C (electrical equipment) fires.</li>
\n 	<li data-start=""625"" data-end=""713""><strong data-start=""627"" data-end=""651"">Powerful Performance</strong>: UL/ULC Rating of 3A:10BC for superior fire suppression.</li>
\n 	<li data-start=""714"" data-end=""808""><strong data-start=""716"" data-end=""734"">Capacity &amp; Range</strong>: 5 lbs capacity, 8-10ft range, 14-second discharge time</li>
\n 	<li data-start=""899"" data-end=""999""><strong data-start=""901"" data-end=""919"">Durable Design</strong>: Built to withstand extreme temperatures from -65°F to 120°F (-54°C to 49°C).</li>
\n 	<li><strong>Certified &amp; Compliant: </strong>Manufactured &amp; tested to exceed ANSI/UL 299, 711 &amp; CAN/ULC-S504, S508. Complies to NFPA 10 standard.</li>
\n 	<li><strong>Included Bracket: </strong>Hook Style Wall Bracket</li>
\n 	<li><strong>Optional Brackets: </strong>Strike First UB5 - Single Strap Vehicle Bracket, UB5-DB - Dual Strap Vehicle Bracket &amp; HDVB-1  Heavy Duty Vehicle Bracket</li>
\n</ul>",in_stock,9,$51.25,$87.50,https://teslafiresystems.com/wp-content/uploads/2025/01/27.-Easy-to-Use-Strike-First-ABC310-Home-Business-Multi-Purpose-5lb-Fire-Extinguisher-wFree-Wall-Mount.jpg,https://teslafiresystems.com/product/strike-first-versatile-5lbs-ul-ulc-uscg-approved/,,SF310,Strike First,new
266,SF-110ST,251,Strike First SF110ST | Compact 2.5lb ABC I UL/ULC & USCG Approved,"<p data-start=""59"" data-end=""445"">The 2.5lb Compact ABC Dry Chemical Fire Extinguisher is designed to provide reliable fire protection for a variety of hazards. It is effective on Class A fires (wood, paper, cloth), Class B fires (flammable liquids and gases), and Class C fires (electrical equipment). This compact &amp; versatile extinguisher is ideal for Residential, Multi-Residential &amp; Fleet Vehicle use, ensuring safety and peace of mind.</p>
\n<p data-start=""447"" data-end=""466"">Key Features:</p>
\n
\n<ul>
\n 	<li><strong><span class=""cf0"">All Fire extinguishers sold by Tesla Fire Systems, can be fully certified by our technicians.</span></strong></li>
\n 	<li><strong>USCG Approved: U.S Coast Guard approved when installed with approved mounting bracket.</strong></li>
\n 	<li><strong>Made in Canada with Canadian Materials. </strong></li>
\n 	<li><strong>Ideal for Residential, Multi-Residential &amp; Fleet Vehicle use</strong></li>
\n 	<li><strong>Multi-Purpose Protection</strong>: Effective on Class A (wood, paper, cloth), Class B (flammable liquids and gases), and Class C (electrical equipment) fires.</li>
\n 	<li data-start=""625"" data-end=""713""><strong data-start=""627"" data-end=""651"">Powerful Performance</strong>: UL/ULC Rating of 1A:10BC for superior fire suppression.</li>
\n 	<li data-start=""714"" data-end=""808""><strong data-start=""716"" data-end=""734"">Capacity &amp; Range</strong>: 2.5 lbs capacity, 8-10ft range, 9-second discharge time</li>
\n 	<li data-start=""899"" data-end=""999""><strong data-start=""901"" data-end=""919"">Durable Design</strong>: Built to withstand extreme temperatures from -65°F to 120°F (-54°C to 49°C).</li>
\n 	<li><strong>Certified &amp; Compliant: </strong>Manufactured &amp; tested to exceed ANSI/UL 299, 711 &amp; CAN/ULC-S504, S508. Complies to NFPA 10 standard.</li>
\n 	<li><strong>Included Bracket: </strong>Single Strap Metal Vehicle Bracket</li>
\n 	<li><strong>Optional Brackets: </strong>Strike First Fork Type Wall Bracket &amp; UP2-DB - Dual Strap Metal Vehicle Bracket</li>
\n</ul>",in_stock,4.5,$40.75,$69.35,https://teslafiresystems.com/wp-content/uploads/2025/01/28.-Easy-to-Use-Strike-First-ABC110ST-Kitchen-Boat-Trailer-Multi-Purpose-2.5lb-Fire-Extinguisher-wFree-Wall-Mount.jpg,https://teslafiresystems.com/product/strike-first-compact-sf110st-2-5lbs-ul-ulc-uscg-approved/,,SF-110ST,Strike First,new
268,SF6LK,6,Strike First SF6LK I 6L I UL/ULC Approved I Kitchen Use,"<p data-start=""59"" data-end=""445"">The 6 liter K Class Wet Chemical Extinguisher is ideal for restaurant or commercial kitchen use &amp; for mobile food trucks. The low PH wet chemical agent effectively smothers &amp; cools fires involving combustible cooking oil or animal fat. It is intended to be used as a backup for an automatic fire suppression systems or used in mobile food trucks when a suppression system is not required.</p>
\n<span style=""font-size: 16px;"">Key Features:</span>
\n<ul>
\n 	<li><strong><span class=""cf0"">All Fire extinguishers sold by Tesla Fire Systems, can be fully certified by our technicians.</span></strong></li>
\n 	<li><strong>Made in Canada with Canadian Materials. </strong></li>
\n 	<li><strong>Ideal for Restaurant Kitchens &amp; Food Trucks</strong></li>
\n 	<li data-start=""447"" data-end=""466""><strong>Multi-Purpose Protection</strong>: Effective on Class A (wood, paper, cloth) &amp; Class K (Restaurant &amp; Kitchen Hazzard)</li>
\n 	<li data-start=""625"" data-end=""713""><strong data-start=""627"" data-end=""651"">Powerful Performance</strong>: UL/ULC Rating of 1A:K for superior fire suppression.</li>
\n 	<li data-start=""714"" data-end=""808""><strong data-start=""716"" data-end=""734"">Capacity &amp; Range</strong>: 6 Liters capacity, 8-10 ft range, 73-second discharge time</li>
\n 	<li data-start=""899"" data-end=""999""><strong data-start=""901"" data-end=""919"">Durable Design</strong>: Built to withstand extreme temperatures from 35°F to 120°F (2°C to 49°C).</li>
\n 	<li><strong>Certified &amp; Compliant: </strong>Manufactured &amp; tested to exceed ANSI/UL 299, 711 &amp; CAN/ULC-S504, S508. Complies to NFPA 10 standard.</li>
\n 	<li><strong>Included Bracket: </strong>Hook Style Wall Bracket</li>
\n</ul>",in_stock,22,$270.00,$403.00,https://teslafiresystems.com/wp-content/uploads/2025/01/29.-Strike-First-6L-Type-K-Fire-Extinguisher-.jpg,https://teslafiresystems.com/product/strike-first-sf6lk-6l-ul-ulc-approved-kitchen-use/,,SF6LK,Strike First,new
270,SF680,100680,Strike First SF680 I 10lb ABC I UL/ULC & USCG Approved I Multi-Purpose,"<p data-start=""59"" data-end=""445"">The 10lb Multi-Purpose ABC Dry Chemical Fire Extinguisher is designed to provide reliable fire protection for a variety of hazards. It is effective on Class A fires (wood, paper, cloth), Class B fires (flammable liquids and gases), and Class C fires (electrical equipment). This versatile extinguisher is ideal for home workshops, commercial &amp; industrial use, ensuring safety, peace of mind &amp; effectively smothering fires.</p>
\n<p data-start=""447"" data-end=""466"">Key Features:</p>
\n
\n<ul>
\n 	<li><strong><span class=""cf0"">All Fire extinguishers sold by Tesla Fire Systems, can be fully certified by our technicians.</span></strong></li>
\n 	<li><strong>USCG Approved: U.S Coast Guard approved when installed with approved mounting bracket.</strong></li>
\n 	<li><strong>Made in Canada with Canadian Materials. </strong></li>
\n 	<li><strong>Ideal for Home Workshops, Commercial &amp; Industrial</strong></li>
\n 	<li data-start=""447"" data-end=""466""><strong>Multi-Purpose Protection</strong>: Effective on Class A (wood, paper, cloth), Class B (flammable liquids and gases), and Class C (electrical equipment) fires.</li>
\n 	<li data-start=""625"" data-end=""713""><strong data-start=""627"" data-end=""651"">Powerful Performance</strong>: UL/ULC Rating of 6A:80BC for superior fire suppression.</li>
\n 	<li data-start=""714"" data-end=""808""><strong data-start=""716"" data-end=""734"">Capacity &amp; Range</strong>: 10 lbs capacity, 10-15ft range, 21-second discharge time</li>
\n 	<li data-start=""899"" data-end=""999""><strong data-start=""901"" data-end=""919"">Durable Design</strong>: Built to withstand extreme temperatures from -65°F to 120°F (-54°C to 49°C).</li>
\n 	<li><strong>Certified &amp; Compliant: </strong>Manufactured &amp; tested to exceed ANSI/UL 299, 711 &amp; CAN/ULC-S504, S508. Complies to NFPA 10 standard.</li>
\n 	<li><strong>Included Bracket: </strong>Hook Style Wall Bracket</li>
\n 	<li><strong>Optional Brackets: </strong>Strike First UP10-MD - Medium Duty Vehicle Bracket &amp; HDVB-2 - Heavy Duty Vehicle Bracket</li>
\n</ul>",in_stock,17,$79.95,$147.90,https://teslafiresystems.com/wp-content/uploads/2025/01/30.-10lb-Fire-Extinguisher-Strike-First-680-ABC-Multi-Purpose.jpg,https://teslafiresystems.com/product/multi-purpose-strike-first-sf680-10lbs-ul-ulc-uscg-approved/,,SF340-VB,Strike First,new
275,6L-K-275,,Amerex Wall Bracket - 6L K Class,This Type K Fire Extinguisher Wall Bracket is designed for securely mounting water-filled fire extinguishers. It provides easy access and ensures the extinguisher is always within reach in case of a fire emergency.,in_stock,0.5,,$10.00,https://teslafiresystems.com/wp-content/uploads/2025/01/11.-Type-K-Fire-Extinguisher-Wall-Bracket.jpg,https://teslafiresystems.com/product/type-k-fire-extinguisher-wall-bracket/,,,,
279,A411,850026795035,20 lb Fire Extinguisher - Amerex A411 ABC Multi-Purpose,"&nbsp;
\n
\nBe prepared for any fire emergency with this high-performance fire extinguisher, designed to handle Class A (ordinary combustibles), Class B (flammable liquids), and Class C (electrical) fires. Whether at home, in your vehicle, or at the workplace, this fire extinguisher provides peace of mind and dependable protection when you need it most.
\n
\n<strong>Key Features</strong>
\n<ul>
\n 	<li style=""list-style-type: none;"">
\n<ul>
\n 	<li style=""font-weight: 400;"" aria-level=""1""><b>All Fire extinguishers come with a 6 Year Manufacturer's Warranty.</b></li>
\n 	<li style=""font-weight: 400;"" aria-level=""1""><b>Certification Tag is available and is an extra fee.</b></li>
\n 	<li>CAN/ULC Rating: 10A:120BC for powerful and reliable extinguishing capability.</li>
\n 	<li>Durable Design: Made with a dependable steel cylinder for long-lasting performance.</li>
\n 	<li>All-Metal Valve Construction: Ensures durability and reliability in critical moments.</li>
\n 	<li>Convenient Mounting Options: Includes a wall or vehicle bracket for secure and easy installation wherever you need it.</li>
\n 	<li><span style=""font-weight: 400;"">Certification tags are required for Commercial / Insurance compliance (Call Tesla Fire office for pricing).</span></li>
\n</ul>
\n</li>
\n</ul>",in_stock,38,$235.00,$300.00,https://teslafiresystems.com/wp-content/uploads/2025/01/A411.png,https://teslafiresystems.com/product/20-lb-fire-extinguisher-amerex-a411-abc-multi-purpose/,"Low Prices - Amerex ABC Multi-Purpose 20lb extinguisher for Class A, B, and C fires. Durable, all-metal valve.",,,
281,5-818-281,,Amerex Vehicle Bracket - 5lb ABC (818),"The Amerex 818 5lb Fire Extinguisher Vehicle Bracket is designed to securely mount a 5lb fire extinguisher in vehicles for easy access in emergencies. Made for durability, it ensures the extinguisher stays safely in place while on the move.",in_stock,5,,$25.00,https://teslafiresystems.com/wp-content/uploads/2025/01/17-5lb-Fire-Extinguisher-Vehicle-Bracket-Amerex-818.jpg,https://teslafiresystems.com/product/5lb-fire-extinguisher-vehicle-bracket-amerex-818/,,,,
283,2.5-817-283,,Amerex Vehicle Bracket - 2.5lb ABC (817),"The Amerex 817 2.5lb Fire Extinguisher Vehicle Bracket is designed to securely hold a 2.5lb fire extinguisher in vehicles, ensuring it remains in place during travel. This durable bracket provides easy access to the extinguisher in case of an emergency.",in_stock,2.5,,$15.00,https://teslafiresystems.com/wp-content/uploads/2025/01/18.-2.5lb-Fire-Extinguisher-Vehicle-Bracket-Amerex-817.jpg,https://teslafiresystems.com/product/2-5lb-fire-extinguisher-vehicle-bracket-amerex-817/,,,,
285,4-1-4-807-285,,Amerex Heavy Duty Vehicle Bracket – 4 1/4″ Cylinder (807),"The Amerex 807 Heavy Duty Steel Bracket is designed to securely mount a 5lb fire extinguisher with a 4.25"" cylinder diameter. Made from durable steel with a primed and powder-coated paint finish, this bracket ensures long-lasting performance and meets the latest U/L salt spray requirements (240 hrs. @ 20% salt solution ASTM B117), providing reliable protection for your fire extinguisher in harsh environments.",in_stock,5,,$92.23,https://teslafiresystems.com/wp-content/uploads/2025/01/21.-Amerex-807-Heavy-Duty-Steel-Bracket-for-5lb-Fire-Extinguisher.jpg,https://teslafiresystems.com/product/amerex-807-heavy-duty-steel-bracket-for-5lb-fire-extinguisher/,,,,
288,5-809-288,,"Amerex Heavy Duty Vehicle Bracket - 5"" Cylinder (809)","The Heavy Duty Vehicle Bracket is designed to securely mount fire extinguishers with a 5"" cylinder diameter in vehicles. Made from durable steel, it ensures your extinguisher stays in place during transport, providing reliable access in case of an emergency.",in_stock,6,,$94.05,https://teslafiresystems.com/wp-content/uploads/2025/01/22.-Amerex-809-Heavy-Duty-Steel-Bracket-for-10lb-Fire-Extinguisher.jpg,https://teslafiresystems.com/product/amerex-809-heavy-duty-steel-bracket-for-10lb-fire-extinguisher/,,,,
290,C-100,190735481837,5lb Surface Mounted Steel Fire Extinguisher Cabinet - White,"This surface-mounted metal fire extinguisher cabinet is designed to securely house a 5 lb ABC fire extinguisher. Constructed from durable materials, it features a keyed lock for authorized access and a clear viewing panel for easy visibility. The cabinet's white enamel finish ensures it complements various interior settings while providing essential protection for your fire safety equipment.",in_stock,5,$67.00,$102.00,https://teslafiresystems.com/wp-content/uploads/2025/01/c100.png,https://teslafiresystems.com/product/metal-extinguisher-cabinet/,,C-100,The Williams Brother Corporation,
292,TFS-102RS,13923164360,"5lb Semi-Recessed Fire Extinguisher Cabinet - White with Glass Door & 1"" Trim","<p class=""isSelectedEnd"">Protect and display your fire extinguisher with the ELITE Series Semi-Recessed Fire Extinguisher Cabinet. Designed to complement virtually any architectural specification, this cabinet combines durability, visibility, and code compliance in a professional, attractive design.</p>
\n
\n<h6 class=""isSelectedEnd"">Features &amp; Benefits:</h6>
\n<ul>
\n 	<li class=""isSelectedEnd"">ELITE Series architectural fire extinguisher cabinet</li>
\n 	<li class=""isSelectedEnd"">Designed to accommodate one 5 lb (2.3 kg) portable fire extinguisher</li>
\n 	<li class=""isSelectedEnd"">Semi-recessed design provides a clean, professional appearance</li>
\n 	<li class=""isSelectedEnd"">Ideal for commercial, institutional, industrial, healthcare, educational, and multi-residential buildings</li>
\n 	<li class=""isSelectedEnd"">Durable white powder coat finish for long-lasting protection</li>
\n 	<li class=""isSelectedEnd"">Cold-rolled steel construction</li>
\n 	<li class=""isSelectedEnd"">Heavy-duty 16-gauge cold-rolled steel cabinet front</li>
\n 	<li class=""isSelectedEnd"">22-gauge cold-rolled steel cabinet tub</li>
\n 	<li class=""isSelectedEnd"">Full glass panel door allows immediate extinguisher visibility during emergencies</li>
\n 	<li class=""isSelectedEnd"">Continuous piano hinge for smooth, reliable operation</li>
\n 	<li class=""isSelectedEnd"">Stainless steel paddle latch provides secure yet easy access</li>
\n 	<li class=""isSelectedEnd"">1"" (25 mm) square trim turnback delivers a finished architectural appearance</li>
\n 	<li class=""isSelectedEnd"">Suitable for new construction and retrofit applications</li>
\n</ul>
\n<h6>Specifications:</h6>
\n<ul>
\n 	<li class=""isSelectedEnd"">Capacity: One 5 lb (2.3 kg) Fire Extinguisher</li>
\n 	<li class=""isSelectedEnd"">Cabinet Type: Semi-Recessed</li>
\n 	<li class=""isSelectedEnd"">Cabinet Material: Cold-Rolled Steel</li>
\n 	<li class=""isSelectedEnd"">Finish: White Powder Coat</li>
\n 	<li class=""isSelectedEnd"">Door Style: Full Glass Panel</li>
\n 	<li class=""isSelectedEnd"">Hinge Type: Continuous Piano Hinge</li>
\n 	<li class=""isSelectedEnd"">Latch Type: Stainless Steel Paddle Latch</li>
\n 	<li class=""isSelectedEnd"">Trim: 1"" (25 mm) Square Trim Turnback</li>
\n 	<li class=""isSelectedEnd"">Dimensions: 8"" W × 17"" H × 5"" D (203 × 432 × 127 mm)</li>
\n</ul>
\n<h6 class=""isSelectedEnd"">Compliance &amp; Certifications:</h6>
\n<ul>
\n 	<li>NFPA Compliant</li>
\n 	<li>UL Classified (United States &amp; Canada)</li>
\n 	<li>Intertek Listed (United States &amp; Canada)</li>
\n</ul>",in_stock,8,$150.00,$185.00,"https://teslafiresystems.com/wp-content/uploads/2025/01/Semi-Recessed-5lb-Cabinet-1-Cabinet-FX-1.png, https://teslafiresystems.com/wp-content/uploads/2026/06/Semi-Recessed-5lb-Cabinet-2-Side-View.png",https://teslafiresystems.com/product/5lb-semi-recessed-fire-extinguisher-cabinet-white/,,EC-111,The Williams Brothers Corporation,new
312,UP5MD-312,,Strike First 5lb ABC Medium Duty Fire Extinguisher Bracket - UP5MD,"The Strike First 5lb ABC Medium Duty Fire Extinguisher Bracket - UP5HD is a durable and reliable mounting solution for 5lb ABC fire extinguishers. Built for medium-duty applications, it ensures secure placement and easy access during emergencies, making it ideal for residential, commercial, and light industrial use.",in_stock,1.2,,$26.90,https://teslafiresystems.com/wp-content/uploads/2025/01/31.-Strike-First-5lb-ABC-Medium-Duty-Fire-Extinguisher-Bracket-UP5HD.jpg,https://teslafiresystems.com/product/strike-first-5lb-abc-medium-duty-fire-extinguisher-bracket-up5hd/,,UP5HD,Strike First,new
324,SPG,,Sprinkler Guard,"The Economy Sprinkler Cage 1/2"" provides essential protection for sprinkler heads, reducing the risk of accidental damage. Its durable construction ensures reliable performance in commercial and residential settings.",in_stock,1.4,$5.00,$14.00,https://teslafiresystems.com/wp-content/uploads/2025/01/32.-Sprinkler-Guard.jpg,https://teslafiresystems.com/product/sprinkler-guard/,,,,
326,TY-325,635902557651,"Tyco TY325 TY-B Series | Pendent Fire Sprinkler Head | 5.6K - Standard Response - 155°F | Chrome Plated - 1/2"" NPT","The <strong data-start=""1746"" data-end=""1772"">TYCO TY325 </strong>is a <strong data-start=""1778"" data-end=""1835"">5.6 K-Factor Pendent Standard Response Fire Sprinkler</strong> featuring a premium <strong data-start=""1856"" data-end=""1907"">chrome plated frame and chrome plated deflector</strong>, a <strong data-start=""1911"" data-end=""1942"">155°F (68°C) red glass bulb</strong>, and a <strong data-start=""1950"" data-end=""1973"">1/2"" NPT connection</strong>. Designed for commercial fire sprinkler systems, the TY325 provides reliable fire protection for Light Hazard, Ordinary Hazard, and Extra Hazard occupancies and is compatible with Style 15 and Style 20 recessed escutcheons where finished ceilings are required.
\n<h6 data-start=""5044"" data-end=""5062"">Specifications</h6>
\n<ul data-start=""5064"" data-end=""5814"">
\n 	<li data-start=""2744"" data-end=""2803""><strong data-start=""2746"" data-end=""2763"">Manufacturer:</strong> TYCO Fire Protection (Johnson Controls)</li>
\n 	<li data-start=""2804"" data-end=""2822""><strong data-start=""2806"" data-end=""2816"">Model:</strong> TY325</li>
\n 	<li data-start=""2823"" data-end=""2841""><strong data-start=""2825"" data-end=""2836"">Series:</strong> TY-B</li>
\n 	<li data-start=""2842"" data-end=""2871""><strong data-start=""2844"" data-end=""2863"">Sprinkler Type:</strong> Pendent</li>
\n 	<li data-start=""2872"" data-end=""2917""><strong data-start=""2874"" data-end=""2885"">Finish:</strong> Chrome Plated Frame &amp; Deflector</li>
\n 	<li data-start=""2918"" data-end=""2956""><strong data-start=""2920"" data-end=""2938"">Response Type:</strong> Standard Response</li>
\n 	<li data-start=""2957"" data-end=""2990""><strong data-start=""2959"" data-end=""2972"">Coverage:</strong> Standard Coverage</li>
\n 	<li data-start=""2991"" data-end=""3019""><strong data-start=""2993"" data-end=""3006"">K-Factor:</strong> 5.6 GPM/psi½</li>
\n 	<li data-start=""3020"" data-end=""3046""><strong data-start=""3022"" data-end=""3037"">Connection:</strong> 1/2"" NPT</li>
\n 	<li data-start=""3047"" data-end=""3085""><strong data-start=""3049"" data-end=""3072"">Temperature Rating:</strong> 155°F (68°C)</li>
\n 	<li data-start=""3086"" data-end=""3107""><strong data-start=""3088"" data-end=""3103"">Bulb Color:</strong> Red</li>
\n 	<li data-start=""3108"" data-end=""3147""><strong data-start=""3110"" data-end=""3139"">Maximum Working Pressure:</strong> 175 psi</li>
\n 	<li data-start=""3148"" data-end=""3200""><strong data-start=""3150"" data-end=""3164"">Approvals:</strong> UL Listed, C-UL Listed, FM Approved</li>
\n 	<li data-start=""3201"" data-end=""3250""><strong data-start=""3203"" data-end=""3230"">Compatible Escutcheons:</strong> Style 15 &amp; Style 20</li>
\n</ul>
\n<h6 data-start=""4228"" data-end=""4244"">Key Features</h6>
\n<ul data-start=""4246"" data-end=""4837"">
\n 	<li data-start=""2292"" data-end=""2327"">Chrome plated frame and deflector</li>
\n 	<li data-start=""2328"" data-end=""2361"">155°F (68°C) temperature rating</li>
\n 	<li data-start=""2362"" data-end=""2383"">Red 5 mm glass bulb</li>
\n 	<li data-start=""2384"" data-end=""2402"">TYCO Series TY-B</li>
\n 	<li data-start=""2403"" data-end=""2416"">Model TY325</li>
\n 	<li data-start=""2417"" data-end=""2436"">Pendent sprinkler</li>
\n 	<li data-start=""2437"" data-end=""2456"">Standard Response</li>
\n 	<li data-start=""2457"" data-end=""2476"">Standard Coverage</li>
\n 	<li data-start=""2477"" data-end=""2505"">K-Factor 5.6 (80.6 Metric)</li>
\n 	<li data-start=""2506"" data-end=""2536"">1/2"" NPT threaded connection</li>
\n 	<li data-start=""2537"" data-end=""2595"">Compatible with Style 15 &amp; Style 20 recessed escutcheons</li>
\n 	<li data-start=""2596"" data-end=""2631"">Maximum working pressure: 175 psi</li>
\n 	<li data-start=""2632"" data-end=""2650"">UL &amp; C-UL Listed</li>
\n 	<li data-start=""2651"" data-end=""2664"">FM Approved</li>
\n 	<li data-start=""2665"" data-end=""2722"">Manufactured by Johnson Controls / TYCO Fire Protection</li>
\n</ul>
\n<h6 data-start=""4839"" data-end=""4855"">Applications</h6>
\n<p data-start=""4857"" data-end=""4867"">Ideal for:</p>
\n
\n<ul data-start=""4869"" data-end=""5042"">
\n 	<li data-start=""4869"" data-end=""4891"">Commercial Buildings</li>
\n 	<li data-start=""4892"" data-end=""4900"">Hotels</li>
\n 	<li data-start=""4901"" data-end=""4916"">Retail Stores</li>
\n 	<li data-start=""4917"" data-end=""4935"">Office Buildings</li>
\n 	<li data-start=""4936"" data-end=""4945"">Schools</li>
\n 	<li data-start=""4946"" data-end=""4957"">Hospitals</li>
\n 	<li data-start=""4958"" data-end=""4976"">Shopping Centres</li>
\n 	<li data-start=""4977"" data-end=""4989"">Warehouses</li>
\n 	<li data-start=""4990"" data-end=""5016"">Manufacturing Facilities</li>
\n 	<li data-start=""5017"" data-end=""5042"">Institutional Buildings</li>
\n</ul>",in_stock,0.2,$15.00,$20.00,https://teslafiresystems.com/wp-content/uploads/2025/01/Untitled-June-26-2026-at-10.03.35-2-TY315.png,https://teslafiresystems.com/product/sprinkler-head-1-2/,,TY325,Tyco,new
328,15PARAP-50CB,,"1-1/2"" x 50' Single Jacket Fire Hose - Designed to be Clipped on a Swing Rack","The NPSH Paragon Single Jacket Rack and Reel Fire Hose (1 1/2"" x 50') is a durable and flexible firefighting hose designed for quick deployment in rack and reel systems. With a single polyester jacket and rubber lining, it offers excellent abrasion resistance and reliability in high-demand environments. Ideal for commercial, industrial, and residential fire protection, this hose meets NFPA standards to ensure top performance when needed.",in_stock,5,$119.00,$131.88,https://teslafiresystems.com/wp-content/uploads/2025/01/35.-Paragon-Single-Jacket-Rack-and-Reel-Fire-Hose-1-12-x-50.jpg,https://teslafiresystems.com/product/paragon-single-jacket-rack-and-reel-fire-hose-1-1-2-x-50/,,,,
330,15PARAP-75CB,,"1-1/2"" x 75' Single Jacket Fire Hose - Designed to be Clipped on a Swing Rack","The NPSH Paragon Single Jacket Rack and Reel Fire Hose (1 1/2"" x 75') is a durable and flexible firefighting hose designed for quick deployment in rack and reel systems. With a single polyester jacket and rubber lining, it offers excellent abrasion resistance and reliability in high-demand environments. Ideal for commercial, industrial, and residential fire protection, this hose meets NFPA standards to ensure top performance when needed.",in_stock,6,$129.00,$144.07,https://teslafiresystems.com/wp-content/uploads/2025/01/36.-Paragon-Single-Jacket-Rack-and-Reel-Fire-Hose-1-12-x-75.jpg,https://teslafiresystems.com/product/paragon-single-jacket-rack-and-reel-fire-hose-1-1-2-x-75/,,,,
332,15PARAP-100CB,,"1-1/2"" x 100' Single Jacket Fire Hose - Designed to be Clipped on a Swing Rack","The NPSH Paragon Single Jacket Rack and Reel Fire Hose (1 1/2"" x 100') is a durable and flexible firefighting hose designed for quick deployment in rack and reel systems. With a single polyester jacket and rubber lining, it offers excellent abrasion resistance and reliability in high-demand environments. Ideal for commercial, industrial, and residential fire protection, this hose meets NFPA standards to ensure top performance when needed.",in_stock,4,$129.00,$150.53,https://teslafiresystems.com/wp-content/uploads/2025/01/37.-1-12-x-100-Hose.jpg,https://teslafiresystems.com/product/1-1-2-x-100-fire-hose-designed-to-be-clipped-on-a-swing-rack/,,,,
334,TY315,13424344698,"Tyco TY315 TY-B Series | Upright Fire Sprinkler Head | 5.6K - Standard Response - 155°F | Natural Brass - 1/2"" NPT","The <strong data-start=""271"" data-end=""297"">TYCO TY315 S</strong> is a <strong data-start=""303"" data-end=""360"">5.6 K-Factor Upright Standard Response Fire Sprinkler</strong> featuring a durable <strong data-start=""381"" data-end=""432"">natural brass frame and natural brass deflector</strong>, a <strong data-start=""436"" data-end=""467"">155°F (68°C) red glass bulb</strong>, and a <strong data-start=""475"" data-end=""498"">1/2"" NPT connection</strong>. Designed for installation in accordance with NFPA 13, the TY315 is suitable for Light Hazard, Ordinary Hazard, and Extra Hazard commercial fire sprinkler systems.
\n
\nIdeal for exposed piping installations, the TY315 provides dependable fire protection in offices, warehouses, hotels, retail stores, manufacturing facilities, chemical plants, and other commercial occupancies. Its proven spray pattern, decorative appearance, and multiple finish options make it one of the industry's most widely specified standard response sprinklers.
\n<h6 data-start=""2075"" data-end=""2093"">Specifications</h6>
\n<ul data-start=""2095"" data-end=""2774"">
\n 	<li data-start=""1113"" data-end=""1172""><strong data-start=""1115"" data-end=""1132"">Manufacturer:</strong> TYCO Fire Protection (Johnson Controls)</li>
\n 	<li data-start=""1173"" data-end=""1191""><strong data-start=""1175"" data-end=""1185"">Model:</strong> TY315</li>
\n 	<li data-start=""1192"" data-end=""1210""><strong data-start=""1194"" data-end=""1205"">Series:</strong> TY-B</li>
\n 	<li data-start=""1211"" data-end=""1240""><strong data-start=""1213"" data-end=""1232"">Sprinkler Type:</strong> Upright</li>
\n 	<li data-start=""1241"" data-end=""1286""><strong data-start=""1243"" data-end=""1254"">Finish:</strong> Natural Brass Frame &amp; Deflector</li>
\n 	<li data-start=""1287"" data-end=""1325""><strong data-start=""1289"" data-end=""1307"">Response Type:</strong> Standard Response</li>
\n 	<li data-start=""1326"" data-end=""1359""><strong data-start=""1328"" data-end=""1341"">Coverage:</strong> Standard Coverage</li>
\n 	<li data-start=""1360"" data-end=""1388""><strong data-start=""1362"" data-end=""1375"">K-Factor:</strong> 5.6 GPM/psi½</li>
\n 	<li data-start=""1389"" data-end=""1415""><strong data-start=""1391"" data-end=""1406"">Connection:</strong> 1/2"" NPT</li>
\n 	<li data-start=""1416"" data-end=""1454""><strong data-start=""1418"" data-end=""1441"">Temperature Rating:</strong> 155°F (68°C)</li>
\n 	<li data-start=""1455"" data-end=""1476""><strong data-start=""1457"" data-end=""1472"">Bulb Color:</strong> Red</li>
\n 	<li data-start=""1477"" data-end=""1516""><strong data-start=""1479"" data-end=""1508"">Maximum Working Pressure:</strong> 175 psi</li>
\n 	<li data-start=""1517"" data-end=""1569""><strong data-start=""1519"" data-end=""1533"">Approvals:</strong> UL Listed, C-UL Listed, FM Approved</li>
\n</ul>
\n<h6 data-start=""1245"" data-end=""1261"">Key Features</h6>
\n<ul data-start=""1263"" data-end=""1836"">
\n 	<li data-start=""720"" data-end=""755"">Natural Brass frame and deflector</li>
\n 	<li data-start=""756"" data-end=""789"">155°F (68°C) temperature rating</li>
\n 	<li data-start=""790"" data-end=""811"">Red 5 mm glass bulb</li>
\n 	<li data-start=""812"" data-end=""830"">TYCO Series TY-B</li>
\n 	<li data-start=""831"" data-end=""844"">Model TY315</li>
\n 	<li data-start=""845"" data-end=""864"">Upright sprinkler</li>
\n 	<li data-start=""865"" data-end=""884"">Standard Response</li>
\n 	<li data-start=""885"" data-end=""904"">Standard Coverage</li>
\n 	<li data-start=""905"" data-end=""933"">K-Factor 5.6 (80.6 Metric)</li>
\n 	<li data-start=""934"" data-end=""964"">1/2"" NPT threaded connection</li>
\n 	<li data-start=""965"" data-end=""1000"">Maximum working pressure: 175 psi</li>
\n 	<li data-start=""1001"" data-end=""1019"">UL &amp; C-UL Listed</li>
\n 	<li data-start=""1020"" data-end=""1033"">FM Approved</li>
\n 	<li data-start=""1034"" data-end=""1091"">Manufactured by Johnson Controls / TYCO Fire Protection</li>
\n</ul>
\n<h6 data-start=""1838"" data-end=""1854"">Applications</h6>
\n<p data-start=""1856"" data-end=""1885"">Suitable for installation in:</p>
\n
\n<ul data-start=""1887"" data-end=""2073"">
\n 	<li data-start=""1887"" data-end=""1909"">Commercial Buildings</li>
\n 	<li data-start=""1910"" data-end=""1933"">Industrial Facilities</li>
\n 	<li data-start=""1934"" data-end=""1946"">Warehouses</li>
\n 	<li data-start=""1947"" data-end=""1965"">Office Buildings</li>
\n 	<li data-start=""1966"" data-end=""1974"">Hotels</li>
\n 	<li data-start=""1975"" data-end=""1993"">Shopping Centres</li>
\n 	<li data-start=""1994"" data-end=""2016"">Manufacturing Plants</li>
\n 	<li data-start=""2017"" data-end=""2029"">Refineries</li>
\n 	<li data-start=""2030"" data-end=""2047"">Chemical Plants</li>
\n 	<li data-start=""2048"" data-end=""2073"">Institutional Buildings</li>
\n</ul>",in_stock,0.2,$10.55,$20.00,https://teslafiresystems.com/wp-content/uploads/2025/01/Untitled-June-26-2026-at-10.03.35.png,https://teslafiresystems.com/product/tyco-ty315-upright-sprinkler-head-standard-response/,,TY315,Tyco,new
341,PLUG-B-250CL-PL,,"2.5"" Threaded Brass Plug","The Brass Plug is a durable and corrosion-resistant component designed to securely cover pipes or fittings, ensuring protection and maintaining the integrity of your plumbing or fire protection systems.",in_stock,1.4,$52.80,$59.00,https://teslafiresystems.com/wp-content/uploads/2025/01/Brass-Plug.webp,https://teslafiresystems.com/product/brass-cap/,,,,
343,,,Brass Cap,"The Brass Cap is a reliable, corrosion-resistant fitting used to seal or close pipes and fittings, ensuring a secure, leak-free connection in plumbing or fire protection systems.",in_stock,3,$52.80,$59.00,https://teslafiresystems.com/wp-content/uploads/2025/01/Brass-Cap.webp,https://teslafiresystems.com/product/brass-cap-2/,,,,
345,FN15,1575,"Polycarbonate Fire Hose Fog Nozzle, 75 gpm, 1-1/2"" NPSH","The Fog Nozzle is designed to turn a stream of water into tiny droplets, creating a larger surface area to effectively smother fires. It features a 1-1/2"" National Pipe Straight Hose (NPSH) threaded inlet for easy attachment to fire hoses and a rubber bumper for impact protection. Constructed from durable polycarbonate, this nozzle is resistant to high temperatures and impacts. The adjustable stem allows for smooth transitions between a straight stream and a fog pattern, offering versatile use. With a maximum pressure rating of 100 psi and a maximum flow rate of 75 gpm, it is perfect for small-scale firefighting, as well as applications in gardens, greenhouses, dust suppression, and evaporative cooling.
\n
\n<strong>Key Features:</strong>
\n<ul>
\n 	<li style=""list-style-type: none;"">
\n<ul>
\n 	<li>Adjustable Flow: Switches from a straight stream to a fog pattern for versatile applications</li>
\n 	<li>Durable Construction: Polycarbonate body for resistance to heat and impact</li>
\n 	<li>Protection: Rubber bumper to prevent damage</li>
\n 	<li>High Performance: Maximum pressure rating of 100 psi and a flow rate of 75 gpm</li>
\n 	<li>Versatile Use: Ideal for firefighting, dust suppression, and evaporative cooling</li>
\n 	<li>Certified: Underwriters Laboratory of Canada (CUL) listed</li>
\n</ul>
\n</li>
\n</ul>",in_stock,1.4,$20.50,$22.99,https://teslafiresystems.com/wp-content/uploads/2025/01/43.-Moon-517-151-Polycarbonate-Fire-Hose-Spray-Nozzle-75-gpm-1-12-NPSH.jpg,https://teslafiresystems.com/product/moon-517-151-polycarbonate-fire-hose-spray-nozzle-75-gpm-1-1-2-npsh/,,,,
347,HR-100,,"Swing Rack for 50', 75' & 100' x 1-1/2"" Single Jacket Lined Fire Hose","The Fire Hose Rack is designed for storing 1½” (38mm) folded single jacket lined fire hoses, commonly used in warehouse, industrial, and high-rise residential applications. It can be mounted on a hose valve or wall bracket and swivels 360° for easy access. The rack features a positive water stop, allowing for one-person operation by preventing water from entering the hose until the last fold is pulled away. Constructed from durable 16-gauge metal with a red powder coat finish, this rack is built to withstand pressures up to 150 PSI (1035 kPa). It comes complete with a nozzle clip and has chrome-plated moving parts and zinc-plated hanging pins for added durability.
\n
\n<strong>Key Features:</strong>
\n<ul>
\n 	<li>Versatile Storage: Ideal for storing 1½” single jacket lined fire hoses</li>
\n 	<li>360° Swivel Design: Mounted on a hose valve or wall bracket for easy access</li>
\n 	<li>Positive Water Stop: Ensures one-person operation by preventing water flow until the last fold is pulled away</li>
\n 	<li>Durable Construction: Made from 16-gauge metal with a red powder coat finish for added durability</li>
\n 	<li>High Pressure Resistance: Max. service pressure of 150 PSI (1035 kPa)</li>
\n 	<li>Convenient Nozzle Clip: Included for secure nozzle storage</li>
\n 	<li>Long-lasting Parts: Chrome-plated moving parts and zinc-plated hanging pins</li>
\n</ul>",in_stock,3,$79.00,$98.59,https://teslafiresystems.com/wp-content/uploads/2025/01/Rack.jpg,https://teslafiresystems.com/product/swing-pin-rack-for-50-ft-75-ft-100-ft-1-1-2-single-jacket-lined-fire-hose/,,,,
349,P4010ACLEDSCOCA,0-47871-26962-5,Kidde 120V 3-in-1 LED Strobe and 10-Year Talking Smoke &amp; CO Alarm (P4010ACLEDSCOCA),"<p class=""h2"">Advanced 3-in-1 protection. Meets Visual Signaling Requirement for Ontario Building Code.</p>
\n
\n<ul>
\n 	<li>177 Candela Strobe synchronizes with matching interconnected P4010 series strobe alarms, during an alarm event. Powered by Cree® LEDs.</li>
\n 	<li>120 V hardwired with 10-year sealed battery backup (on smoke and carbon monoxide alarm)</li>
\n 	<li>Voice calls out danger</li>
\n 	<li>Low profile - Smaller unit that homebuilders and homeowners can be happy about displaying in their homes.</li>
\n 	<li>cUL- and CSA-Listed</li>
\n</ul>
\n&nbsp;",in_stock,1.2,$144.00,$172.00,https://teslafiresystems.com/wp-content/uploads/2025/01/3-in-1.jpg,https://teslafiresystems.com/product/kidde-120v-hardwired-interconnecting-3-in-1-led-strobe-and-10-year-talking-smoke-co-alarm/,,P4010ACLEDSCOCA,Kidde,new
351,T-SDT,712231610988,Smoke Check - Smoke Detector Tester,"The Smoke Check - Smoke Detector Tester is an essential tool for testing smoke detectors, ensuring they are functioning properly. Ideal for regular maintenance and safety checks, it helps confirm the effectiveness of smoke detection systems.",in_stock,1.2,$15.00,$25.00,https://teslafiresystems.com/wp-content/uploads/2025/01/Smoke-Detector-Tester-2.5-oz-Steelfire-SDT__91143.jpg,https://teslafiresystems.com/product/smoke-check-smoke-detector-tester/,,T-SDT,TESLA FIRE SYSTEMS,new
354,SM120X,0-47870-00123-1,Kidde SM120X - Smoke Alarm Relay,"This module is only activated by a smoke alarm interconnect signal.
\nThe relay portion of this module can be used to activate auxiliary warning devices such as external bells and sirens, hallway or stairwell lighting. It provides isolated, (no internal connection to 120 volts AC) normally open, and normally closed contacts.
\nThe power supply portion can be used to connect spot type heat detectors (Rate of rise or combined rate of rise and fixed temperature only), flow switches and manual pull stations with interconnected multiple station alarms.",in_stock,1.2,$17.00,$20.00,https://teslafiresystems.com/wp-content/uploads/2025/01/0000293_kidde-sm120x-smoke-alarm-relay-module_550.jpeg,https://teslafiresystems.com/product/smoke-alarm-relay-sm120x/,,SM120X,Kidde,new
381,VE2-RM-SP-L-U-OLR-M,884685347779,Running Man LED Sign,"This L.E.D. Emergency Light features a durable injected molded thermoplastic housing, providing reliable performance. It includes battery backup for uninterrupted use and offers universal mounting options for both ceiling and wall installations.",in_stock,2,,$75.00,https://teslafiresystems.com/wp-content/uploads/2025/01/55.-Running-Man-LED-Sign.jpg,https://teslafiresystems.com/product/running-man-led-sign/,,VE2-RM-SP-L-U-OLR-M,Beluce (Beghelli),new
382,NV-6-36,636,Emergency Lighting Unit 36 Watt Output,This Hardwired LED Exit Sign features a 6V battery backup and tough metal construction for durability. It includes an AC on LED test switch and can be hardwired or plugged into an existing receptacle for versatile installation options.,in_stock,6,,$158.00,https://teslafiresystems.com/wp-content/uploads/2025/01/57.-Emergency-Lighting-Unit-36-Watt-Output.jpg,https://teslafiresystems.com/product/emergency-lighting-unit-36-watt-output/,,NV-6-36,Beluce (Beghelli),new
385,SL-E6-36,6-36,Combination Exit LED Sign / Emergency Lighting,This Self-Powered Combination Exit/Emergency Lighting Unit comes with a battery and features an energy-efficient LED light source. It operates for over 30 minutes and is available in both plastic and metal options for versatile installation.,in_stock,4,,$147.00,https://teslafiresystems.com/wp-content/uploads/2025/01/58.-Combination-EXIT-LEDSign.jpg,https://teslafiresystems.com/product/combination-exit-led-sign-emergency-lighting/,,SL-E6-36,Beluce (Beghelli),new
387,SL-RM-12-36,1236,Running Man Combo Exit Emergency Light Unit 12V 36W,"The Combo Exit Emergency Light with a running man pictorial sign and battery unit offers a modern, sleek design ideal for commercial and institutional settings. This versatile fixture combines exit marking and path lighting in one unit, providing reliable performance during emergencies. Features include universal pictograms, a 12V 36W battery for 30 minutes of operation, a white LED single face plate, and two 12W quartz lamp PAR18 emergency heads. With universal mounting and a white finish, this unit supports 120/277/347V input for flexible installation options.",in_stock,5,,$325.00,https://teslafiresystems.com/wp-content/uploads/2025/01/59.-Running-Man-Combo-Exit-Emergency-Light-Unit.jpg,https://teslafiresystems.com/product/running-man-combo-exit-emergency-light-unit/,,SL-RM-12-36,Beluce (Beghelli),
389,CL-R2-RL,7030,Double LED Emergency Light Remote Head - 6-24V5W,"<b>DESIGN:
\n</b>• High Impact ABS Thermoplastic.
\n• Fully Adjustable and lockable.
\n• Ceiling &amp; Wallmount.
\n• Surface Mounting Holes to Match J-Box.<span class=""Apple-converted-space lazyloaded"">
\n</span>• White &amp; Black Available.
\n• Lumen Output Remains Stable Throughout Battery Discharge.
\n• Colour Temp.: 6000 – 6500K.• IP20 Rating.• Class II Safety Classification.
\n
\n<b>CIRCUITS:
\n</b>• Supply Voltage 6-24VDC.
\n• Output Voltage 3V.
\n• Operating Temp 0-30˚C.
\n• Single Heads – 1W / 5W / 7W.
\n• Dual Heads – 1W / 5W / 7W.
\n• Super Bright SMD LED.",in_stock,1.2,,$69.99,https://teslafiresystems.com/wp-content/uploads/2025/01/Double-Remote-Head-LED.png,https://teslafiresystems.com/product/double-emergency-remote/,,CL-R2-RL,Maple Armor,new
392,EL-7030A5,1101,Single LED Emergency Light Remote Head - 6-24V5W,"<b>DESIGN:
\n</b><span class=""s1 lazyloaded""><span class=""Apple-converted-space lazyloaded""> </span></span>• High Impact ABS Thermoplastic.
\n• Fully Adjustable and lockable.
\n• Ceiling &amp; Wallmount.
\n• Surface Mounting Holes to Match J-Box.<span class=""Apple-converted-space lazyloaded"">
\n</span>• White &amp; Black Available.
\n• Lumen Output Remains Stable Throughout Battery Discharge.
\n• Colour Temp.: 6000 – 6500K.• IP20 Rating.• Class II Safety Classification.
\n
\n<span class=""s1 lazyloaded""><span class=""Apple-converted-space lazyloaded""> </span></span><b>CIRCUITS:
\n</b><span class=""s1 lazyloaded""><span class=""Apple-converted-space lazyloaded""> </span></span>• Supply Voltage 6-24VDC.
\n• Output Voltage 3V.
\n• Operating Temp 0-30˚C.
\n• Single Heads – 1W / 5W / 7W.
\n• Dual Heads – 1W / 5W / 7W.
\n• Super Bright SMD LED.
\n
\n&nbsp;",in_stock,1.2,,$35.00,https://teslafiresystems.com/wp-content/uploads/2025/01/Single-Remote-Head-LED.png,https://teslafiresystems.com/product/single-emergency-remote/,,EL-7030A5,Maple Armor,new
394,EL-7012,7012,Emergency Light Pack 36 Watt Output,"This Emergency Remote Head comes in durable thermoplastic or metal housing and features MR16 lamps. A single heat remote option is also available, offering flexibility for different emergency lighting needs.",in_stock,2,,$99.00,https://teslafiresystems.com/wp-content/uploads/2025/01/62.-Emergency-Light-Pack-36-Watt-Output.jpg,https://teslafiresystems.com/product/emergency-light-pack-36-watt-output/,,EL-7012,Mircom,new
396,STI-9742,9742,Exit Light Guard,"The Exit Light Guard is designed to protect exit signs from damage, ensuring durability and visibility. Its sturdy construction provides reliable protection in high-traffic areas.",in_stock,1.2,,$41.00,https://teslafiresystems.com/wp-content/uploads/2025/01/64.-Exit-Light-Guard-.jpg,https://teslafiresystems.com/product/exit-light-guard/,,STI-9742,STI-SAFETY TECHNOLOGY INTERNATIONAL,new
398,STI-9641,9641,Emergency Light Guard,"The Emergency Light Guard offers robust protection for emergency lighting fixtures, shielding them from damage in high-traffic or industrial environments. Its durable design ensures long-lasting performance and reliability.",in_stock,1.2,,$44.00,https://teslafiresystems.com/wp-content/uploads/2025/01/65.-Emergency-Light-Guard-.jpg,https://teslafiresystems.com/product/emergency-light-guard/,,STI-9641,STI-SAFETY TECHNOLOGY INTERNATIONAL,new
400,RLSS-12120,1212,Emergency Light Battery 12V12AH,The Emergency Light Replacement Battery 12V 12AH is designed for use with most emergency lighting packs. It offers easy installation and comes with a standard warranty for reliable performance.,in_stock,3,,$55.00,https://teslafiresystems.com/wp-content/uploads/2025/01/12V12AH-Battery.png,https://teslafiresystems.com/product/emergency-light-replacement-battery-12v-12ah/,,RLSS-12120,Maple Armor,new
404,RLSS-B672,67,Emergency Light Battery 6V7AH,"The Emergency Light Replacement Battery 6V7AH is designed to replace batteries in most emergency lighting systems. Easy to install, this reliable battery ensures continuous operation of emergency lights during power outages. It comes with a standard warranty for added peace of mind.",in_stock,1.2,,$29.00,https://teslafiresystems.com/wp-content/uploads/2025/01/6V7AH-Battery.png,https://teslafiresystems.com/product/emergency-light-replacement-battery-6v-7-ah/,,RLSS-B672,Maple Armor,new
405,RLSS-B650,65,Emergency Light Battery 6V5AH,"The Emergency Light Replacement Battery 6V5AH is a reliable replacement for most emergency lighting packs, easy to install, and backed by a standard warranty for dependable performance.",in_stock,1.2,,$25.00,https://teslafiresystems.com/wp-content/uploads/2025/01/6V5AH-Battery.png,https://teslafiresystems.com/product/emergency-light-replacement-battery-6v-4ah/,,RLSS-650,Maple Armor,new
407,RLSS-B6120,612,Emergency Light Battery 6V12AH,"The 6V 12AH Emergency Light Battery is a durable replacement battery designed for most emergency lighting units, offering reliable performance and easy installation.",in_stock,1.2,,$33.00,https://teslafiresystems.com/wp-content/uploads/2025/01/6V12AH-Battery.png,https://teslafiresystems.com/product/6v-12ah-emergency-light-battery/,,RLSS-B6120,Maple Armor,new
420,BKB-420,5036140235236,Keyed Lock for Fire Alarm Panels,"The Fire Alarm Panel Key Mount ensures that you'll never lose access to your fire alarm panel. By securely mounting an extra key near the panel, it provides easy and immediate access for superintendents or tenants to open the panel door for quick shut-off in case of an emergency. This convenient solution enhances safety and accessibility.",in_stock,1.2,$29.00,$32.00,https://teslafiresystems.com/wp-content/uploads/2025/01/Break-Glass-for-Key.png,https://teslafiresystems.com/product/keyed-lock-for-fire-alarm-panels/,,BKB,TESLA FIRE SYSTEMS,new
422,NL109,,"Vinyl Fire Extinguisher Sign - Peel & Stick (4"" x 12"")",Mark fire extinguisher locations with our durable plastic sign! Easy to apply with a glued backside. Free delivery across Canada—order now for safety!,in_stock,1.2,,$10.00,https://teslafiresystems.com/wp-content/uploads/2025/01/Vinyl-Fire-Extinguisher-Sign-4-x-12.png,https://teslafiresystems.com/product/fire-extinguisher-sign-plastic/,,NL109,TESLA FIRE SYSTEMS,new
424,A109,,"Aluminum Fire Extinguisher Sign - (4"" x 12"")","The Fire Extinguisher Sign Metal is a durable, high-quality metal sign designed to clearly mark fire extinguisher locations. Its sturdy construction ensures long-lasting performance in various environments, providing reliable safety signage for easy identification in emergencies.",in_stock,1.2,,$23.01,https://teslafiresystems.com/wp-content/uploads/2025/01/Aluminum-Fire-Extinguisher-Sign-4-x-12.png,https://teslafiresystems.com/product/fire-extinguisher-sign-metal/,,A109,TESLA FIRE SYSTEMS,new
426,468193-426,0-47871-68093-1,Kidde 2 Storey Escape Ladder,"The Kidde 2-Story Escape Ladder is a 13-foot emergency ladder designed for quick and easy escape from upper floors. Compact and durable, it provides a reliable solution for emergency situations, ensuring safe and rapid exit during a fire or other crisis.",in_stock,8,$88.65,$150.00,https://teslafiresystems.com/wp-content/uploads/2025/01/Blankets-Ladders-Fire-Retardant-5-2-Storey-3Storey-Fire-Escape-Ladder-1.png,https://teslafiresystems.com/product/2-story-escape-ladder/,,468193,Kiddle,new
428,468094-428,0-47871-68094-8,Kidde 3 Storey Escape Ladder,"The Kidde 3-Story (25') Emergency Escape Ladder is designed for worry-free, quick escapes from upper floors. Made with durable, flame-resistant materials, it attaches easily to any window for rapid deployment. The tangle-free design ensures ease of use, allowing for practice and simple repacking. This ladder is tested to support up to 900 lbs, with anti-slip rungs for added safety. No tools or assembly are required, making it ready for use when you need it most. Backed by a 5-year limited warranty, it's a reliable choice for home safety.",in_stock,8,$162.50,$225.00,https://teslafiresystems.com/wp-content/uploads/2025/01/Blankets-Ladders-Fire-Retardant-5-2-Storey-3Storey-Fire-Escape-Ladder-1.png,https://teslafiresystems.com/product/3-story-escape-ladder/,,468094,Kidde,new
430,BFB-430,,Fire Blanket and Bag,"The 62x80 Wool Fireproof Blanket is an essential safety item for commercial cooking areas. Made from high-quality wool, it offers reliable fire protection and is designed to quickly smother small fires. The blanket comes with a durable storage bag for easy handling and storage. It meets NFPA 701 standards, ensuring compliance with fire safety regulations. Perfect for use in kitchens, restaurants, and industrial kitchens, it provides peace of mind in high-risk environments.",in_stock,3,,$136.89,https://teslafiresystems.com/wp-content/uploads/2025/01/Fire-Blanket-Bag.png,https://teslafiresystems.com/product/fire-blanket-and-bag/,,BFB,TESLA FIRE SYSTEMS,new
433,,,Pull Station Cover w/ Breaker Bar,"The Pullstation Cover is designed to protect fire alarm pull stations in high-traffic public areas, helping to deter false alarms. Made from durable plastic, it offers reliable protection and ensures the pull station remains functional and accessible when needed. Ideal for use in locations with heavy foot traffic.",in_stock,1,,$88.17,https://teslafiresystems.com/wp-content/uploads/2025/01/Pull-Station-Cover-w-Breaker-Bar.png,https://teslafiresystems.com/product/pullstation-cover/,,,,
437,RD1-437,29054850003,First Alert Radon Test Kit,"The First Alert® radon test kit can provide accurate information on the hazardous level of radon in your home and help find out what to do about it. This test can only be used once and is EPA listed.
\n<ul class=""page-product__supplier_bullets"">
\n 	<li>Do-it-your self testing</li>
\n 	<li>Kit comes complete with test samplers and detailed instructions for test results</li>
\n 	<li>This short term radon test kit provides accurate information on the hazard level of radon in the home</li>
\n 	<li>Assists the consumer to find out what to do if radon is detected</li>
\n</ul>",in_stock,1.2,$29.95,$35.49,https://teslafiresystems.com/wp-content/uploads/2025/01/80.-First-Alert-Radon-Test-Kit.jpg,https://teslafiresystems.com/product/first-alert-radon-test-kit/,,RD1,First Alert,new
439,TFLB-298A-439,298,"Fire Equipment Log Book for Fire Alarm Systems, Emergency Lighting, Fire Extinguishers &amp; Emergency Generators","<strong>The Fire Safety Maintenance Logbook is essential for Fire Alarm Systems, Emergency Lighting, Fire Extinguisher &amp; Emergency Generators. This user-friendly book helps ensure compliance with fire codes by documenting critical items such as emergency power systems, fire extinguishers, fire alarms, sprinkler systems, and more. With a durable, bound hardcover and numbered pages, this logbook serves as a legal document that can reduce liability in the event of a fire.</strong>
\n
\n<strong> </strong>
\n
\n&nbsp;
\n
\n<strong> </strong>
\n
\n<strong> </strong>
\n
\n<strong> </strong>
\n
\n<strong> </strong>",in_stock,1.2,,$50.00,https://teslafiresystems.com/wp-content/uploads/2025/01/tfs-lb.webp,https://teslafiresystems.com/product/fire-protection-equipment-log-book-298a/,,TFLB-298A,TESLA FIRE SYSTEMS,new
443,FBR2-443,,Wool Fire Blanket,"The Wool Fire Blanket is designed for emergency fire protection, made from high-quality wool to effectively smother small fires. It’s durable, lightweight, and easy to deploy, making it an essential safety item for homes, kitchens, and commercial spaces.",in_stock,2,,$109.76,https://teslafiresystems.com/wp-content/uploads/2025/01/Wool-Blanket.png,https://teslafiresystems.com/product/wool-fire-blanket/,,FBR2,TESLA FIRE SYSTEMS,new
445,NE20,83,PULL STATION LABEL - NO ELEVATOR,"The ""IN CASE OF FIRE"" Pull Station Sticker is a clear, easy-to-read label designed to mark fire alarm pull stations. It ensures quick identification and access in emergency situations, helping to guide individuals during a fire emergency. For buildings with no elevators.",in_stock,1,$5.00,$5.50,https://teslafiresystems.com/wp-content/uploads/2025/02/Tesla-Signs-2-Pull-Station-No-Elevator.png,https://teslafiresystems.com/product/in-case-of-fire-pull-station-sticker/,,NE20,Tesla Fire Systems,new
457,TFSPB-W,333,Fire Safety Plan Box,"<div class=""flex flex-col text-sm pb-25""><section class=""text-token-text-primary w-full focus:outline-none [--shadow-height:45px] has-data-writing-block:pointer-events-none has-data-writing-block:-mt-(--shadow-height) has-data-writing-block:pt-(--shadow-height) [&amp;:has([data-writing-block])&gt;*]:pointer-events-auto scroll-mt-[calc(var(--header-height)+min(200px,max(70px,20svh)))]"" dir=""auto"" data-turn-id=""request-WEB:7b51286b-f4a9-4146-b025-57072c21aedf-13"" data-testid=""conversation-turn-26"" data-scroll-anchor=""true"" data-turn=""assistant"">
\n<div class=""text-base my-auto mx-auto pb-10 [--thread-content-margin:var(--thread-content-margin-xs,calc(var(--spacing)*4))] @w-sm/main:[--thread-content-margin:var(--thread-content-margin-sm,calc(var(--spacing)*6))] @w-lg/main:[--thread-content-margin:var(--thread-content-margin-lg,calc(var(--spacing)*16))] px-(--thread-content-margin)"">
\n<div class=""[--thread-content-max-width:40rem] @w-lg/main:[--thread-content-max-width:48rem] mx-auto max-w-(--thread-content-max-width) flex-1 group/turn-messages focus-visible:outline-hidden relative flex w-full min-w-0 flex-col agent-turn"">
\n<div class=""flex max-w-full flex-col gap-4 grow"">
\n<div class=""min-h-8 text-message relative flex w-full flex-col items-end gap-2 text-start break-words whitespace-normal outline-none keyboard-focused:focus-ring [.text-message+&amp;]:mt-1"" dir=""auto"" tabindex=""0"" data-message-author-role=""assistant"" data-message-id=""3e50d7b8-b2ae-4cd4-9999-3c713940b544"" data-message-model-slug=""gpt-5-3"" data-turn-start-message=""true"">
\n<div class=""flex w-full flex-col gap-1 empty:hidden"">
\n<div class=""markdown prose dark:prose-invert w-full wrap-break-word dark markdown-new-styling"">
\n<p data-start=""0"" data-end=""325"">Ensure your building’s compliance and safety with our premium Fire Safety Plan Box, designed to provide a secure and accessible location for your fire safety plan. This durable box supports fire safety documentation requirements and helps ensure critical emergency information remains available for responding fire personnel.</p>
\n
\n<h2 data-section-id=""1ma7m6t"" data-start=""327"" data-end=""342"">Key Features</h2>
\n<ul data-start=""344"" data-end=""1005"">
\n 	<li data-section-id=""153umuq"" data-start=""344"" data-end=""453""><strong data-start=""346"" data-end=""371"">Durable Construction:</strong> Made from galvanized steel for long-lasting protection and corrosion resistance</li>
\n 	<li data-section-id=""1lma8rn"" data-start=""454"" data-end=""613""><strong data-start=""456"" data-end=""485"">Weather-Resistant Design:</strong> Equipped with a weatherproof door seal and overhanging sill to help protect contents from moisture and environmental exposure</li>
\n 	<li data-section-id=""k6phrb"" data-start=""614"" data-end=""731""><strong data-start=""616"" data-end=""636"">High Visibility:</strong> Reflective graphics allow easy identification by emergency personnel in low-light conditions</li>
\n 	<li data-section-id=""1yumhhc"" data-start=""732"" data-end=""794""><strong data-start=""734"" data-end=""752"">Secure Access:</strong> Includes one padlock for daily security</li>
\n 	<li data-section-id=""wpo90"" data-start=""795"" data-end=""881""><strong data-start=""797"" data-end=""827"">Complete Installation Kit:</strong> Includes anchorage hardware and screws for mounting</li>
\n 	<li data-section-id=""1xmeizo"" data-start=""882"" data-end=""1005""><strong data-start=""884"" data-end=""907"">Optimal Dimensions:</strong> 13"" x 13"" x 4"" — accommodates standard fire safety plans without occupying excessive wall space</li>
\n</ul>
\n<p data-start=""1007"" data-end=""1296"" data-is-last-node="""" data-is-only-node="""">By securely housing your fire safety plan in this compliant and durable box, you improve document protection, building readiness, and emergency accessibility. Suitable across <span class=""hover:entity-accent entity-underline inline cursor-pointer align-baseline""><span class=""whitespace-normal"">Canada</span></span> for commercial, industrial, institutional, and multi-residential properties.</p>
\n
\n</div>
\n</div>
\n</div>
\n</div>
\n<div class=""mt-3 w-full empty:hidden"">
\n<div class=""text-center""></div>
\n</div>
\n</div>
\n</div>
\n</section></div>
\n<div class=""pointer-events-none h-px w-px absolute bottom-0"" aria-hidden=""true"" data-edge=""true""></div>",in_stock,5,,$133.50,https://teslafiresystems.com/wp-content/uploads/2025/01/Screenshot-2026-03-28-at-12.59.59-PM.png,https://teslafiresystems.com/product/fire-safety-plan-box/,,TFSPB-W,TESLA FIRE SYSTEMS,new
459,,,"Mircom FA-106R: Six Zone Fire Alarm Unit, Red Door","Mircom FA-106R: Six Zone Fire Alarm Unit with Red Door
\n
\nThe Mircom FA-106R is a reliable and efficient six-zone fire alarm control panel, designed to provide superior fire detection and notification capabilities. Its durable construction features a red door for high visibility, making it ideal for commercial and institutional applications. This unit is engineered for easy installation and operation, ensuring comprehensive protection for your property.
\n
\n<strong>Key Features:</strong>
\n<ul>
\n 	<li>Supports six independent fire alarm zones /li&gt;</li>
\n 	<li>Highly visible red door for quick identification /li&gt;</li>
\n 	<li>Durable and reliable construction /li&gt;</li>
\n 	<li>Suitable for commercial and institutional use</li>
\n</ul>",in_stock,5,,$550.00,https://teslafiresystems.com/wp-content/uploads/2025/01/86.-Mircom-FA-106R-Six-Zone-Fire-Alarm-Unit-Red-Door.jpg,https://teslafiresystems.com/product/mircom-fa-106r-six-zone-fire-alarm-unit-red-door/,,,,
460,c2w-ba-460,,Mircom C2W-BA Smoke Detector 12/24 VDC,"The Mircom C2W-BA Smoke Detector is a reliable and efficient solution for early smoke detection in residential and commercial spaces. Operating on 12/24 VDC VAC systems, it ensures compatibility with a range of power supplies. Designed for convenience, this smoke detector features a plug-in design with an included mounting base, making installation straightforward.
\n
\n<strong>Key Features:</strong>
\n<ul>
\n 	<li>Plug-in design with included mounting base for easy installation</li>
\n 	<li>Large wire entry port for seamless wiring</li>
\n 	<li>In-line terminals with SEMS screws for secure connections</li>
\n 	<li>Versatile mounting options: octagonal, single-gang, or 4-square backboxes, or direct ceiling mount</li>
\n 	<li>Stop-Drop ’N Lock attachment system for quick assembly</li>
\n 	<li>Removable detector cover and chamber for easy cleaning and maintenance</li>
\n 	<li>Built-in remote maintenance signaling for proactive care</li>
\n 	<li>Advanced drift compensation and smoothing algorithms for accurate detection</li>
\n 	<li>Simplified sensitivity measurement for quick diagnostics</li>
\n 	<li>Wide-angle, dual-color LED for clear status indication</li>
\n 	<li>EZ Walk feature for efficient loop testing</li>
\n 	<li>Integrated test switch for functionality checks</li>
\n</ul>
\nThis smoke detector combines advanced technology with practical features, providing reliable performance and ease of use.",in_stock,1,,$95.00,https://teslafiresystems.com/wp-content/uploads/2025/01/87.-Mircom-C2W-BA-Smoke-Detector-1224-VDC.jpg,https://teslafiresystems.com/product/mircom-c2w-ba-smoke-detector-12-24-vdc/,,,,
463,5601A,783863024450,System Sensor | 5601A Mechanical Heat Detector | 135°F Fixed-Temperature / Rate-Of-Rise,"The System Sensor 5601A Heat Detector is part of the trusted 5600 Series mechanical heat detectors, engineered to provide dependable fire protection in environments where smoke detectors are not ideal. Designed for property protection and non-life-safety applications, the 5601A combines fixed temperature and rate-of-rise detection in a durable, low-profile housing.
\n
\nThe detector activates at 135°F (57°C) or when a rapid temperature increase of approximately 15°F per minute is detected, helping provide early warning in rapidly developing fire conditions. The rate-of-rise element is restorable, allowing convenient field testing without replacing the detector.
\n
\n<span style=""font-size: 16px; font-style: normal; font-weight: 400;"">The plain housing design makes the 5601A especially suitable for residential applications while maintaining commercial-grade reliability. An external collector drops upon activation, allowing quick visual identification of the activated detector.</span>
\n<h6><strong>Designed for installation flexibility, the 5601A mounts easily to:</strong></h6>
\n<ul>
\n 	<li>Single-gang back boxes</li>
\n 	<li>3.5” octagonal back boxes</li>
\n 	<li>4” octagonal back boxes</li>
\n 	<li>4” square back boxes with plaster ring</li>
\n 	<li>Reversible mounting bracket allows for Flush mount &amp; Surface mount installations</li>
\n</ul>",in_stock,0.5,$24.35,$48.00,https://teslafiresystems.com/wp-content/uploads/2025/01/88.-Mircom-Heat-Detector-Fixed-Temperature-Rate-Of-Rise.jpg,https://teslafiresystems.com/product/mechanical-heat-detector-135f-fixed-temperature-rate-of-rise/,,,,
465,FH-400-WW-465,,Mircom FH-400-WW - Wall/Ceiling Mount Horn (White),"MGC’s FH-400 Horns offer an audible solution that deliver exceptional energy efficiency in a compact design. The lower current draw  allows for more devices on a NAC circuit while reducing the number of external power supplies required.
\n<h2><strong>Features:</strong></h2>
\n<ul>
\n 	<li>Compact Design</li>
\n 	<li>Multiple field-selectable audible settings
\n<ul>
\n 	<li>Temporal, Continuous, March Time and 20 BPM</li>
\n 	<li>High and Low volume</li>
\n</ul>
\n</li>
\n 	<li>Device settings are located on the back of the unit to prevent tampering</li>
\n 	<li>Enhance emergency communication with white models featuring “Alert” labels.</li>
\n 	<li>Wall &amp; Ceiling Mount</li>
\n 	<li>Includes shorting clip that allows installers to test the wiring before the device is installed</li>
\n 	<li>Mount to MGC BB-400 surface mount back box, single gang, 4-inch square, double gang, octagon and 4-inch junction boxes</li>
\n 	<li>All units include universal mounting plate.</li>
\n 	<li>Red or white finish</li>
\n 	<li>Supports 12 to 22 AWG</li>
\n 	<li>For indoor applications</li>
\n</ul>",in_stock,1,,$85.00,https://teslafiresystems.com/wp-content/uploads/2025/01/4-Inch-Horn-White.jpg,https://teslafiresystems.com/product/mircom-standard-horn/,,,,
467,BL-6B-24V-6-467,,"Mircom BL-6B - 24V 6"" Fire Alarm Bell","The Mircom 6-Inch Motorized Steel Bell (BL-6B) is a durable and reliable alarm signaling device, perfect for various fire and security applications. Built with high-quality steel and designed for long-lasting performance, it comes exclusively in a vibrant red finish for easy visibility.
\n
\n<strong>Key Features:</strong>
\n<ul>
\n 	<li><strong>Motorized Bell:</strong> Delivers clear and powerful signaling for emergencies.</li>
\n 	<li><strong>Durable Construction:</strong> Made of robust steel for reliability in demanding environments.</li>
\n 	<li><strong>Versatile Accessories:</strong> Compatible with the BB-206WP Weatherproof Backbox for outdoor use and the MP-101 Universal Mounting Plate for flexible installation.</li>
\n 	<li><strong>Additional Options:</strong> The BL-10B offers a larger 10” bell alternative.</li>
\n 	<li><strong>Red Finish:</strong> Standard color ensures high visibility and compliance.</li>
\n</ul>
\nIdeal for both indoor and outdoor installations, the Mircom 6-Inch Bell is an essential component of any effective alarm system.",in_stock,2,,$65.00,https://teslafiresystems.com/wp-content/uploads/2025/01/Mircom-6-Inch-Bell.jpg,https://teslafiresystems.com/product/mircom-6inch-bell/,,,,
470,,,Mircom MH-25W - Mini Horn (White),"Mircom’s MH-25 Series mini horns are compact electronic alarm appliances that are ideal for alarm signaling in individual rooms, apartments, hotels and offices where attractive appearance and dependable performance are prime concerns.
\n
\n&nbsp;
\n
\nFeatures
\n• High sound output for enhanced audibility (over 89dBA at
\n10 feet) @ 24VDC
\n• “Silence” push button and red LED to indicate“active signal
\ncircuit” on MH-S25 versions
\n• 24 VDC models with wide listed voltage range,filtered DC
\n(Non Silenceable only)
\n• Polarized inputs for compatibility with standardreverse
\npolarity supervision of circuit wiring by analarm panel
\n• Mounts into standard single gang box
\n• Flush or surface mounting options
\n• Compatible with sensitive detection and communication
\ncircuits
\n• Available in red or off-white finish",in_stock,1,,$35.00,https://teslafiresystems.com/wp-content/uploads/2025/01/Mini-Horn-White.jpg,https://teslafiresystems.com/product/mircom-mini-horn/,,,,
471,FHS-400-WW-WM-471,,Mircom FHS-400-WW - Wall Mount LED Horn/Strobe (White),"Utilizing advanced LED technology, the FHS-400 Horn/Strobes provide a lower current draw which allows for more devices on a NAC circuit while reducing the number of external power supplies required.
\n<h2><strong>Features:</strong></h2>
\n<ul>
\n 	<li>Compact Design</li>
\n 	<li>Advanced LED technology provides superior current draw performance</li>
\n 	<li>Standard and High candela settings in one unit to meet virtually any application
\n<ul>
\n 	<li>15, 15/75, 30, 75, 110, 185 cd</li>
\n</ul>
\n</li>
\n 	<li>Multiple field-selectable audible settings
\n<ul>
\n 	<li>Temporal, Continuous, March Time and 20 BPM</li>
\n 	<li>High and Low volume</li>
\n</ul>
\n</li>
\n 	<li>Device settings are located on the back of the unit to prevent tampering</li>
\n 	<li>Enhance emergency communication with white models featuring “Alert” labels.</li>
\n 	<li>Can be synchronized using a FACP with the MGC protocol or the MIX-4050 synchronization module.</li>
\n 	<li>Wall mount Only</li>
\n 	<li>Includes shorting clip that allows installers to test the wiring before the device is installed</li>
\n 	<li>Mount to MGC BB-400 surface mount back box, single gang, 4-inch square, double gang, octagon and 4-inch junction boxes</li>
\n 	<li>All units include universal mounting plate.</li>
\n 	<li>Red or white finish</li>
\n 	<li>Supports 12 to 22 AWG</li>
\n 	<li>For indoor applications</li>
\n</ul>
\n&nbsp;
\n
\n&nbsp;
\n
\n&nbsp;",in_stock,2,,$120.00,https://teslafiresystems.com/wp-content/uploads/2025/01/FHS-400-White.jpg,https://teslafiresystems.com/product/mircom-strobe/,,,,
473,MP-300,,Microm MP-300 EOL Resistor Plate- White 3.9K 1/2 WATT,"<div class=""flex-shrink-0 flex flex-col relative items-end"">
\n<div>
\n<div class=""pt-0"">
\n<div class=""gizmo-bot-avatar flex h-8 w-8 items-center justify-center overflow-hidden rounded-full"">
\n<div class=""relative p-1 rounded-sm flex items-center justify-center bg-token-main-surface-primary text-token-text-primary h-8 w-8""><span style=""font-size: 16px;"">The MIRCOM MP-300 EOL Resistor Plate is a high-quality component designed for fire alarm systems. This resistor plate ensures proper line supervision and is an essential part of reliable system performance.</span></div>
\n</div>
\n</div>
\n</div>
\n</div>
\n<div class=""group/conversation-turn relative flex w-full min-w-0 flex-col agent-turn"">
\n<div class=""flex-col gap-1 md:gap-3"">
\n<div class=""flex max-w-full flex-col flex-grow"">
\n<div class=""min-h-8 text-message flex w-full flex-col items-end gap-2 whitespace-normal break-words text-start [.text-message+&amp;]:mt-5"" dir=""auto"" data-message-author-role=""assistant"" data-message-id=""2968680e-3abb-4f09-a844-a2361485e791"" data-message-model-slug=""gpt-4o"">
\n<div class=""flex w-full flex-col gap-1 empty:hidden first:pt-[3px]"">
\n<div class=""markdown prose w-full break-words dark:prose-invert light"">
\n
\n<strong>Key Features:</strong>
\n<ul>
\n 	<li><strong>Resistance:</strong> 3.9K Ohm, 1/2 Watt for accurate line supervision.</li>
\n 	<li><strong>Colour:</strong> White finish for seamless integration into installations.</li>
\n 	<li><strong>Compact Design:</strong> Ideal for efficient and straightforward installation.</li>
\n 	<li><strong>Application:</strong> Compatible with a wide range of fire alarm systems requiring end-of-line resistors.</li>
\n</ul>
\nThis genuine MIRCOM resistor plate is built to meet industry standards and ensure the integrity of your fire alarm system.
\n
\n</div>
\n</div>
\n</div>
\n</div>
\n</div>
\n</div>",in_stock,1.2,,$15.00,https://teslafiresystems.com/wp-content/uploads/2025/01/93.-Microm-MP-300.jpg,https://teslafiresystems.com/product/mircom-mp-300-eol-resistor-plate-white-3-9k-1-2-watt/,,MP-300,Mircom,
475,75000,,Fire Alarm Circuit Breaker Lock Off,"The Fire Alarm Circuit Breaker Lock-Off is a safety device designed to secure fire alarm circuit breakers in the ""ON"" position, preventing accidental deactivation and ensuring uninterrupted operation of fire alarm systems.
\n
\n<strong>Key Features:</strong>
\n<ul>
\n 	<li style=""list-style-type: none;"">
\n<ul>
\n 	<li>Enhanced Safety: Prevents unauthorized or accidental breaker shutoff.</li>
\n 	<li>Durable Construction: Built to withstand wear and ensure long-term reliability.</li>
\n 	<li>Easy Installation: Simple setup compatible with most circuit breakers.</li>
\n 	<li>Compliance Ready: Meets safety standards for fire alarm system installations.</li>
\n</ul>
\n</li>
\n</ul>
\nEnsure the reliability of your fire alarm systems with this essential safety lock-off device.",in_stock,1.2,,$15.00,https://teslafiresystems.com/wp-content/uploads/2025/01/Breaker-Lock-Off.jpg,https://teslafiresystems.com/product/fire-alarm-circuit-breaker-lock-off/,,75000,Rack-A-Tiers,new
477,DST 1.5,783863035074,System Sensor DST 1.5-1.5' Duct Detector Sampling Tube,"System Sensor DST 1.5-1.5' Duct Detector Sampling Tube is designed for optimal performance in duct detection systems. Made of durable steel, these tubes are drilled along their entire length with air inlet holes to capture airflow effectively.
\n
\n<strong>Key Features:</strong>
\n<ul>
\n 	<li><strong>Precise Fit:</strong> Available in various lengths to match the width of the duct for accurate air sampling.</li>
\n 	<li><strong>Optimal Airflow: Must</strong> extend at least 5/8 across the duct width for maximum efficiency.</li>
\n 	<li><strong>Easy Installation:</strong> The tube is installed with the holes facing into the airflow for accurate sampling, and it locks securely into place.</li>
\n 	<li><strong>Convenient Removal:</strong> Simply release the front or rear locking tab for easy removal.</li>
\n</ul>
\nIdeal for use in fire alarm systems and HVAC applications, the DST sampling tube provides reliable performance and seamless integration.",in_stock,1.2,,$36.95,https://teslafiresystems.com/wp-content/uploads/2025/01/95.-System-Sensor-DST-1.5-1.5-Duct-Detector-Sampling-Tube.jpg,https://teslafiresystems.com/product/system-sensor-dst-1-5-1-5-duct-detector-sampling-tube/,,DST 1.5,System Sensor,new
479,MS-401-479,778346001394,Mircom MS-401 - Single Stage Pull Station,"The Mircom Pull Station is a manual activation device designed for use with fire alarm control panels operating on 24 VDC or VAC systems. It allows individuals to initiate an alarm in the event of a fire emergency. This pull station is part of Mircom's range of manual pull stations, which are integral components of conventional fire detection systems.
\n
\n<strong>Key Features:</strong>
\n<ul>
\n 	<li><strong>Voltage Compatibility:</strong> Designed for 24 VDC or VAC systems, ensuring seamless integration with compatible fire alarm control panels.</li>
\n 	<li><strong>Manual Activation:</strong> Enables immediate manual initiation of the fire alarm, facilitating prompt response to fire emergencies.</li>
\n 	<li><strong>Durable Construction:</strong> Built to withstand demanding environments, ensuring reliable performance over time.</li>
\n 	<li><strong>User-Friendly Design:</strong> Features a straightforward pull mechanism for easy operation during emergencies.</li>
\n</ul>",in_stock,1.2,,$48.45,https://teslafiresystems.com/wp-content/uploads/2025/01/Ms-401.jpg,https://teslafiresystems.com/product/mircom-pullstation/,,MS-401,Mircom,new
481,-481,,Edwards Pullstation - 24VDC,"The Edwards 270 Series Pull Station is a manual fire alarm device designed for reliable operation in commercial and industrial settings. Constructed from durable die-cast zinc and finished with red epoxy powder-coat paint, it features a positive pull-lever mechanism that, when activated, breaks the glass rod and triggers the alarm, ensuring fool-proof operation. The up-front visible glass rod discourages tampering, though it is not required for proper operation. This pull station is compatible with 24 VAC/VDC systems and includes two glass rods for replacement purposes.",in_stock,1.2,,$85.00,https://teslafiresystems.com/wp-content/uploads/2025/01/Edwards-Pull-Station-2.png,https://teslafiresystems.com/product/edwards-pullstation/,,K-270-SPO,Kidde,new
483,K-270-A-DPO-483,793016051295,Edwards Pullstation - 120VAC,"The Edwards 120V Pull Station is specifically designed for 120-volt applications, adhering to Electrical Safety Authority (ESA) standards. It features a CSA label within the compartment, ensuring compliance with Canadian safety regulations. This pull station is the only acceptable model for 120V applications as per ESA standards, providing reliable and safe operation for fire alarm systems.",in_stock,1.2,,$120.00,https://teslafiresystems.com/wp-content/uploads/2025/01/Edwards-Pull-Station-1.png,https://teslafiresystems.com/product/edwards-pullstation-120v/,,K-270-A-DPO,Kidde,new
543,STI1100,870523794512,Audible Pull Station Cover - STI1100,"The Pull Station Audible Cover is designed to deter false alarms in high-traffic public areas. When the cover is lifted, it emits a piercing siren tone, alerting to potential tampering and drawing immediate attention. This serves as an effective deterrent against malicious activations. The cover is constructed from durable, tamper-resistant clear polycarbonate, ensuring longevity and protection for the pull station. It operates on batteries, with lithium batteries recommended for optimal performance. This protective cover is ideal for environments such as schools, hospitals, and transit facilities, where preventing false alarms is crucial.",in_stock,2,,$165.00,https://teslafiresystems.com/wp-content/uploads/2025/01/STI_1100.png,https://teslafiresystems.com/product/pullstation-audible-cover/,,STI1100,STI-SAFETY TECHNOLOGY INTERNATIONAL,
970,21032772,,Kidde DETECT - Battery Operated Photoelectric Smoke & CO w/10 Year Sealed Battery & Voice Alerts (30CUD10-VCA),"This alarm offers a modern 5"" design ideal for all living spaces. Cutting edge technology sends fast alerts that give your family more time to get out safely and enhanced sensing technology reduces false alarms often caused by cooking.
\n<ul>
\n 	<li><strong>10 YEAR INTEGRATED BATTERY OPERATED SMOKE &amp; CO:</strong> Avoids inconvenient battery replacements and saves up to $60 over the life of the device.</li>
\n 	<li><strong>ALERTS YOU TO BOTH SMOKE &amp; CARBON MONOXIDE (CO) BY VOICE &amp; ALARM USING A SINGLE, COST EFFECTIVE DEVICE</strong></li>
\n 	<li><strong style=""font-size: 16px;"">NO LOW BATTERY CHIRPS: </strong><span style=""font-size: 16px;"">This alarm beeps to remind you it’s time to replace it 10 years after it is powered.</span></li>
\n 	<li><strong style=""font-size: 16px;"">REDUCED NUISANCE ALARMS: </strong><span style=""font-size: 16px;"">Reduces false alarms often caused by cooking.</span></li>
\n 	<li><strong style=""font-size: 16px;"">SELF-TESTING: </strong><span style=""font-size: 16px;"">Internal components ensure alarm is always operating as expected.**</span></li>
\n</ul>",in_stock,1.2,$77.99,$80.58,https://teslafiresystems.com/wp-content/uploads/2025/02/image.png,https://teslafiresystems.com/product/kidde-detect-battery-operated-smoke-co-10-year-sealed-battery/,,,,
973,21032774,0-47871-32774-4,Kidde DETECT - 120V Photoelectric Smoke + Carbon Monoxide Alarm w/ 10 Year Backup Battery & Voice Alert (30CUA10-VCA),"This alarm offers a modern 5"" design ideal for all living spaces. Cutting edge technology sends fast alerts that give your family more time to get out safely and enhanced sensing technology reduces false alarms often caused by cooking.
\n<ul>
\n 	<li><strong>Hardwired Alarm with Worry-Free 10-Year Battery Backup:</strong> No battery changes for 10 years.† Avoids inconvenient battery replacements and saves up to $40 over the life of the device.</li>
\n 	<li><strong>Double the Detection:</strong> Alerts you to both smoke &amp; carbon monoxide (CO) using a single, cost-effective device.</li>
\n 	<li><strong>Interconnected Alarms: <sup>▲</sup></strong> When one alarm sounds, they all sound, so you never miss an emergency and can get out faster.</li>
\n</ul>
\n<div class=""card-title h3 animate-content"">
\n
\n<strong>NO LOW BATTERY CHIRPS</strong>
\n
\n</div>
\n<div class=""card-text animate-content"">
\n
\nThis alarm beeps to remind you it’s time to replace it 10 years after it is powered.
\n
\n</div>
\n<div class=""card-title h3 animate-content"">
\n
\n<strong>REDUCED NUISANCE ALARMS</strong>
\n
\n</div>
\n<div class=""card-text animate-content"">
\n
\nReduces false alarms often caused by cooking.
\n
\n</div>",in_stock,1.2,$78.00,$91.60,https://teslafiresystems.com/wp-content/uploads/2025/02/Kidde-DETECT-SMoke-CO-scaled.jpg,https://teslafiresystems.com/product/kidde-detect-smoke-co-120v-w-10-year-sealed-battery-backup-voice-alerts/,,21032774,Kidde,new
975,21031471,0-47871-31471-3,Kidde DETECT - Battery Operated Photoelectric Smoke Alarm w/10 Year Sealed Battery (20SD10-CA),"This alarm offers a modern 5"" design ideal for all living spaces. Cutting edge technology sends fast alerts that give your family more time to get out safely and enhanced sensing technology reduces false alarms often caused by cooking.
\n<ul>
\n 	<li><strong>Worry-Free 10-Year Battery:</strong> No battery changes for 10 years.* Avoids inconvenient battery replacements and saves up to $40 over the life of the device.</li>
\n 	<li><strong>Fast Alerts:</strong> Cutting edge technology gives ample time to get out safely.</li>
\n 	<li><strong>Simple Installation: </strong>With included twist-and-click mounting bracket.</li>
\n</ul>
\n<div class=""card-title h3 animate-content"">
\n
\n<strong>NO LOW BATTERY CHIRPS</strong>
\n
\n</div>
\n<div class=""card-text animate-content"">
\n
\nThis alarm beeps to remind you it’s time to replace it 10 years after it is powered.
\n<div class=""card-title h3 animate-content"">
\n
\n<strong>REDUCED NUISANCE ALARMS</strong>
\n
\n</div>
\n<div class=""card-text animate-content"">
\n
\nReduces false alarms often caused by cooking.
\n<div class=""card-title h3 animate-content"">
\n
\n<strong>SELF-TESTING</strong>
\n
\n</div>
\n<div class=""card-text animate-content"">
\n
\nInternal components ensure alarm is always operating as expected.**
\n
\n</div>
\n</div>
\n</div>",in_stock,1.2,$38.75,$75.27,https://teslafiresystems.com/wp-content/uploads/2025/02/kidde-DETECT-Battery-Smoke-2-scaled.webp,https://teslafiresystems.com/product/kidde-detect-battery-operated-smoke-alarm-10-year-sealed-battery/,,21031471,Kidde,new
984,B479TX,850026795219,Amerex B479T - 5lb Purple K | Class B C Fire Extinguisher,"PURPLE K extinguishers contain specially fluidized and siliconized potassium bicarbonate dry chemical which is particularly effective on Class B flammable liquids and pressurized gases. It is electrically non-conductive. Purple K has been the choice of oil, gas, chemical and utilities industries as the preferred fire fighting agent.
\n<ul>
\n 	<li><strong>All Fire extinguishers sold by Tesla Fire Systems Inc. come inspected and fully certified for 1 year.</strong></li>
\n 	<li>UL and ULC Rating: 30B:C</li>
\n 	<li>Range: 12-18 ft</li>
\n 	<li>Discharge Time: 12 seconds</li>
\n 	<li>Chemical: Purple K Dry Chemical</li>
\n 	<li>Capacity: 5 pounds</li>
\n</ul>",in_stock,9.5,$160.00,$193.28,https://teslafiresystems.com/wp-content/uploads/2025/02/17.-Amerex-B479T.jpg,https://teslafiresystems.com/product/amerex-b479t-5lb-purple-k-class-b-c-fire-extinguisher/,Low Prices - Stay safe with a Purple K Fire Extinguisher! Ideal for flammable liquids &amp; gases.,B479T,Amerex,new
986,B385TSX,850026795400,Amerex B385TSX - 2.5lb Halotron1 - Class B C Fire Extinguisher,"<div class=""flex max-w-full flex-col flex-grow"">
\n<div class=""min-h-8 text-message flex w-full flex-col items-end gap-2 whitespace-normal break-words text-start [.text-message+&amp;]:mt-5"" dir=""auto"" data-message-author-role=""assistant"" data-message-id=""1b3f23e3-b717-4f63-a98c-6149c48b75a2"" data-message-model-slug=""gpt-4o"">
\n<div class=""flex w-full flex-col gap-1 empty:hidden first:pt-[3px]"">
\n<div class=""markdown prose w-full break-words dark:prose-invert dark"">
\n<div class=""flex max-w-full flex-col flex-grow"">
\n<div class=""min-h-8 text-message flex w-full flex-col items-end gap-2 whitespace-normal break-words text-start [.text-message+&amp;]:mt-5"" dir=""auto"" data-message-author-role=""assistant"" data-message-id=""57956f2a-6400-4eeb-9a4b-8293aa77efed"" data-message-model-slug=""gpt-4o"">
\n<div class=""flex w-full flex-col gap-1 empty:hidden first:pt-[3px]"">
\n<div class=""markdown prose w-full break-words dark:prose-invert dark"">
\n<p data-start=""47"" data-end=""593"">Halotron1 is the market-leading clean fire extinguishing agent, trusted for protecting valuable assets without leaving any residue. It discharges as a rapidly evaporating liquid that is non-conductive and non-corrosive, making it ideal for sensitive environments where traditional dry chemical extinguishers could cause damage or contamination. With its environmentally friendly profile, including near-zero ozone depletion potential and low global warming potential, Halotron I is the preferred choice for safe and effective fire suppression.</p>
\n<p data-start=""595"" data-end=""614"">Key Features:</p>
\n
\n<ul data-start=""615"" data-end=""1708"" data-is-last-node="""">
\n 	<li style=""font-weight: 400;"" aria-level=""1""><b>All Fire extinguishers come with a 6 Year Manufacturer's Warranty.</b></li>
\n 	<li style=""font-weight: 400;"" aria-level=""1""><b>Certification Tag is available and is an extra fee.</b></li>
\n 	<li data-start=""615"" data-end=""710""><strong data-start=""617"" data-end=""643"">Clean Agent Technology</strong>: Discharges as a rapidly evaporating liquid, leaving no residue.</li>
\n 	<li data-start=""711"" data-end=""801""><strong data-start=""713"" data-end=""747"">Non-Conductive &amp; Non-Corrosive</strong>: Safe for electrical equipment and sensitive areas.</li>
\n 	<li data-start=""802"" data-end=""917""><strong data-start=""804"" data-end=""832"">Environmentally Friendly</strong>: Low Global Warming Potential (GWP) and near-zero Ozone Depletion Potential (ODP).</li>
\n 	<li data-start=""918"" data-end=""1039""><strong data-start=""920"" data-end=""946"">Versatile Applications</strong>: Ideal for data centers, labs, offices, telecom, military electronics, vehicles, and more.</li>
\n 	<li data-start=""1040"" data-end=""1147""><strong data-start=""1042"" data-end=""1076"">Effective on Class B &amp; C Fires</strong>: Suitable for flammable liquids/gases and live electrical equipment.</li>
\n 	<li data-start=""1148"" data-end=""1248""><strong data-start=""1150"" data-end=""1170"">Rugged &amp; Durable</strong>: Built with dependable drawn steel cylinders and all-metal aluminum valves.</li>
\n 	<li data-start=""1249"" data-end=""1357""><strong data-start=""1251"" data-end=""1268"">User-Friendly</strong>: Maximum visibility during discharge, no electrical conductivity back to the operator.</li>
\n 	<li data-start=""1358"" data-end=""1413""><strong data-start=""1360"" data-end=""1379"">UL &amp; ULC Rating</strong>: 2B:C for reliable performance.</li>
\n 	<li data-start=""1414"" data-end=""1497""><strong data-start=""1416"" data-end=""1436"">Capacity &amp; Range</strong>: 2.5 lbs capacity, 6-10 ft range, 9-second discharge time.</li>
\n 	<li data-start=""1498"" data-end=""1629""><strong data-start=""1500"" data-end=""1525"">Certified &amp; Compliant</strong>: Manufactured to ANSI/UL Standards, ISO-9001/ISO-14001 Certified, and complies with NFPA 10 Standard.</li>
\n 	<li data-start=""1630"" data-end=""1708"" data-is-last-node=""""><strong data-start=""1632"" data-end=""1646"">Convenient</strong>: Includes a vehicle bracket for easy storage and transport.</li>
\n 	<li style=""font-weight: 400;"" aria-level=""1""><span style=""font-weight: 400;"">Certification tags are required for Commercial / Insurance compliance (Call Tesla Fire office for pricing).</span></li>
\n</ul>
\n</div>
\n</div>
\n</div>
\n</div>
\n</div>
\n</div>
\n</div>
\n</div>",in_stock,5.5,$625.00,$650.00,https://teslafiresystems.com/wp-content/uploads/2025/02/Tesla-Fire-Systems-Products-2.jpg,https://teslafiresystems.com/product/amerex-b385ts-2-5lb-halotron-i-class-b-c-fire-extinguisher/,"Low Prices - Halotron I Fire Extinguisher ? Clean, fast, and reliable fire protection.",B385TSX,Amerex,new
990,A384T,850026795394,"Amerex A384T, 1.4lb Halotron I Class B C Fire Extinguisher","<div class=""flex max-w-full flex-col flex-grow"">
\n<div class=""min-h-8 text-message flex w-full flex-col items-end gap-2 whitespace-normal break-words text-start [.text-message+&amp;]:mt-5"" dir=""auto"" data-message-author-role=""assistant"" data-message-id=""f3a28f4d-14a5-443a-a305-ec14022e664e"" data-message-model-slug=""gpt-4o"">
\n<div class=""flex w-full flex-col gap-1 empty:hidden first:pt-[3px]"">
\n<div class=""markdown prose w-full break-words dark:prose-invert dark"">
\n<p data-start=""47"" data-end=""583"">Halotron I is the leading clean fire extinguishing agent, known for protecting valuable assets without leaving any residue. It discharges as a rapidly evaporating liquid that is non-conductive and non-corrosive, making it ideal for sensitive environments where traditional dry chemical extinguishers could cause damage or contamination. With an environmentally friendly profile, including near-zero ozone depletion potential and low global warming potential, Halotron I is the preferred choice for safe and effective fire suppression.</p>
\n<p data-start=""585"" data-end=""604"">Key Features:</p>
\n
\n<ul data-start=""605"" data-end=""1789"" data-is-last-node="""">
\n 	<li style=""font-weight: 400;"" aria-level=""1""><b>All Fire extinguishers come with a 6 Year Manufacturer's Warranty.</b></li>
\n 	<li style=""font-weight: 400;"" aria-level=""1""><b>Certification Tag is available and is an extra fee.</b></li>
\n 	<li data-start=""605"" data-end=""684""><strong data-start=""607"" data-end=""633"">Clean Agent Technology</strong>: Rapidly evaporates without leaving any residue.</li>
\n 	<li data-start=""685"" data-end=""782""><strong data-start=""687"" data-end=""721"">Non-Conductive &amp; Non-Corrosive</strong>: Safe for electrical equipment and sensitive environments.</li>
\n 	<li data-start=""783"" data-end=""927""><strong data-start=""785"" data-end=""813"">Environmentally Friendly</strong>: Low Global Warming Potential (GWP), near-zero Ozone Depletion Potential (ODP), and short atmospheric lifetime.</li>
\n 	<li data-start=""928"" data-end=""1093""><strong data-start=""930"" data-end=""956"">Versatile Applications</strong>: Ideal for data centers, labs, offices, telecom, clean rooms, military electronics, vehicles (including boats and aircraft), and more.</li>
\n 	<li data-start=""1094"" data-end=""1201""><strong data-start=""1096"" data-end=""1130"">Effective on Class B &amp; C Fires</strong>: Designed for flammable liquids/gases and live electrical equipment.</li>
\n 	<li data-start=""1202"" data-end=""1293""><strong data-start=""1204"" data-end=""1224"">Rugged &amp; Durable</strong>: Made with dependable drawn steel cylinders and an aluminum valve.</li>
\n 	<li data-start=""1294"" data-end=""1434""><strong data-start=""1296"" data-end=""1313"">User-Friendly</strong>: Maximum visibility during discharge, no electrical conductivity back to the operator, and no thermal or static shock.</li>
\n 	<li data-start=""1435"" data-end=""1495""><strong data-start=""1437"" data-end=""1456"">UL &amp; ULC Rating</strong>: 1B:C for reliable fire suppression.</li>
\n 	<li data-start=""1496"" data-end=""1578""><strong data-start=""1498"" data-end=""1518"">Capacity &amp; Range</strong>: 1.4 lbs capacity, 6-8 ft range, 9-second discharge time.</li>
\n 	<li data-start=""1579"" data-end=""1710""><strong data-start=""1581"" data-end=""1606"">Certified &amp; Compliant</strong>: Manufactured to ANSI/UL Standards, ISO-9001/ISO-14001 Certified, and complies with NFPA 10 Standard.</li>
\n 	<li data-start=""1711"" data-end=""1789"" data-is-last-node=""""><strong data-start=""1713"" data-end=""1727"">Convenient</strong>: Includes a vehicle bracket for easy storage and transport.</li>
\n 	<li style=""font-weight: 400;"" aria-level=""1""><span style=""font-weight: 400;"">Certification tags are required for Commercial / Insurance compliance (Call Tesla Fire office for pricing).</span></li>
\n</ul>
\n</div>
\n</div>
\n</div>
\n</div>",in_stock,3.5,$428.00,$575.00,https://teslafiresystems.com/wp-content/uploads/2025/02/Amerex-A384T-1.4lb-Halotron-I-Class-B-C-Fire-Extinguisher.jpg,https://teslafiresystems.com/product/amerex-a384t-1-4lb-halotron-i-class-b-c-fire-extinguisher/,"Low Prices - Halotron I Clean Agent Extinguisher ? Residue-free, eco-friendly fire protection.",,,
992,SF340-VB,506,Strike First SF340 I 5lb 3A40B:C I UL/ULC &amp; USCG Approved I Mixed Use w/ Vehicle Bracket,"<p data-start=""59"" data-end=""445"">The 5lb Mixed Use ABC Dry Chemical Fire Extinguisher is designed to provide reliable fire protection for a variety of hazards. It is effective on Class A fires (wood, paper, cloth), Class B fires (flammable liquids and gases), and Class C fires (electrical equipment). This versatile extinguisher is ideal for a variety of mixed use in Residential, Multi-Residential &amp; Commercial enviornments.</p>
\n<p data-start=""447"" data-end=""466"">Key Features:</p>
\n
\n<ul>
\n 	<li><strong><span class=""cf0"">All Fire extinguishers sold by Tesla Fire Systems, can be fully certified by our technicians.</span></strong></li>
\n 	<li><strong>USCG Approved: U.S Coast Guard approved when installed with approved mounting bracket.</strong></li>
\n 	<li><strong>Made in Canada with Canadian Materials. </strong></li>
\n 	<li><strong>Ideal for Residential, Multi-Residential &amp; Commercial use</strong></li>
\n 	<li data-start=""447"" data-end=""466""><strong>Multi-Purpose Protection</strong>: Effective on Class A (wood, paper, cloth), Class B (flammable liquids and gases), and Class C (electrical equipment) fires.</li>
\n 	<li data-start=""625"" data-end=""713""><strong data-start=""627"" data-end=""651"">Powerful Performance</strong>: UL/ULC Rating of 3A:40BC for superior fire suppression.</li>
\n 	<li data-start=""714"" data-end=""808""><strong data-start=""716"" data-end=""734"">Capacity &amp; Range</strong>: 5 lbs capacity, 8-10ft range, 14-second discharge time</li>
\n 	<li data-start=""899"" data-end=""999""><strong data-start=""901"" data-end=""919"">Durable Design</strong>: Built to withstand extreme temperatures from -65°F to 120°F (-54°C to 49°C).</li>
\n 	<li><strong>Certified &amp; Compliant: </strong>Manufactured &amp; tested to exceed ANSI/UL 299, 711 &amp; CAN/ULC-S504, S508. Complies to NFPA 10 standard.</li>
\n 	<li><strong>Included Bracket: </strong>Hook Style Wall Bracket</li>
\n 	<li><strong>Optional Brackets: </strong>Strike First UB5 - Single Strap Vehicle Bracket, UB5-DB - Dual Strap Vehicle Bracket &amp; HDVB-1  Heavy Duty Vehicle Bracket</li>
\n</ul>",in_stock,9.25,$75.00,$110.00,https://teslafiresystems.com/wp-content/uploads/2025/02/Untitled.png,https://teslafiresystems.com/product/strike-first-sf340-5lbs-ul-ulc-uscg-approved-mixed-use/,,SF340-VB,Strike First,new
994,,,"Fully Assembled 75' x 1-1/2"" Fire Hose & Rack","Typically used in warehouse and industrial applications. Also very popular for high-rise residential projects stored in fire hose cabinets. For storage of 1½” (38mm) folded single jacket lined fire hose. Rack is attached to hose valve (or wall mounting bracket) and rack swivels 360°. Complete with positive water stop for one man use of hose (water is prevented from entering hose until the last fold is pulled away from the rack). Max. Service pressure is 150 PSI (1035 kpa).
\n
\n75'  Fire Hose
\nNozzle
\nSwing Rack
\nNozzle Holder
\nNPSH Threads for direct connection to gate valve",in_stock,4,,$212.50,https://teslafiresystems.com/wp-content/uploads/2025/02/Hose-Assembled-on-Rack.jpg,https://teslafiresystems.com/product/fully-assembled-1-1-2-fire-hose-rack-w-nozzle-npsh-75-ft-hose/,,,,
996,,,"Fully Assembled 100' x 1-1/2"" Fire Hose & Rack","Typically used in warehouse and industrial applications. Also very popular for high-rise residential projects stored in fire hose cabinets. For storage of 1½” (38mm) folded single jacket lined fire hose. Rack is attached to hose valve (or wall mounting bracket) and rack swivels 360°. Complete with positive water stop for one man use of hose (water is prevented from entering hose until the last fold is pulled away from the rack). Max. Service pressure is 150 PSI (1035 kpa).
\n
\n100'  Fire Hose
\nNozzle
\nSwing Rack
\nNozzle Holder
\nNPSH Threads for direct connection to gate valve",in_stock,4,,$230.33,https://teslafiresystems.com/wp-content/uploads/2025/02/Hose-Assembled-on-Rack.jpg,https://teslafiresystems.com/product/fully-assembled-1-1-2-fire-hose-rack-w-nozzle-npsh-100-ft-hose/,,,,
1000,OSY2A,670875920477,System Sensor OSY2A | Outside Screw & Yoke - Valve Supervisory Switch with Mounting Bracket | ULC/FM Approved - NEMA 3R Rated,"<article class=""w-full text-token-text-primary focus-visible:outline-2 focus-visible:outline-offset-[-4px]"" dir=""auto"" data-testid=""conversation-turn-24"" data-scroll-anchor=""false"">
\n<div class=""m-auto text-base py-[18px] px-6"">
\n<div class=""mx-auto flex flex-1 text-base gap-4 md:gap-5 lg:gap-6 md:max-w-3xl lg:max-w-[40rem] xl:max-w-[48rem]"">
\n<div class=""group/conversation-turn relative flex w-full min-w-0 flex-col @xs/thread:px-0 @sm/thread:px-1.5 @md/thread:px-4"">
\n<div class=""flex-col gap-1 md:gap-3"">
\n<div class=""flex max-w-full flex-col flex-grow"">
\n<div class=""min-h-8 text-message flex w-full flex-col items-end gap-2 whitespace-normal break-words text-start [.text-message+&amp;]:mt-5"" dir=""auto"" data-message-author-role=""user"" data-message-id=""df3e1e57-8070-44b0-82cb-fee8fb6195f5"">
\n<div class=""flex w-full flex-col gap-1 empty:hidden items-end rtl:items-start"">
\n<div class=""relative max-w-[var(--user-chat-width,70%)] rounded-3xl bg-token-message-surface px-5 py-2.5"">
\n<div class=""whitespace-pre-wrap"">
\n<p class=""PDq2pG_selectionAnchorContainer"" data-start=""135"" data-end=""659"">The <strong data-start=""139"" data-end=""215"">System Sensor OSY2A Outside Screw &amp; Yoke (OS&amp;Y) Valve Supervisory Switch</strong> is designed to monitor the fully open position of <strong data-start=""266"" data-end=""309"">Outside Screw &amp; Yoke (OS&amp;Y) gate valves</strong> installed on automatic fire sprinkler systems. As the <strong data-start=""364"" data-end=""393"">ULC Listed Canadian model</strong>, the OSY2A provides reliable supervisory monitoring to ensure sprinkler control valves remain in their required open position while immediately reporting unauthorized or accidental valve closure to the fire alarm control panel.</p>
\n<p data-start=""661"" data-end=""1194"">Constructed with a rugged <strong data-start=""687"" data-end=""729"">NEMA 3R-rated die-cast metal enclosure</strong>, the OSY2A is suitable for both indoor and outdoor installations. Its <strong data-start=""800"" data-end=""830"">adjustable-length actuator</strong> eliminates the need to cut the actuator shaft during installation, while the user-friendly mounting bracket accommodates most <strong data-start=""957"" data-end=""992"">1"" through 12"" OS&amp;Y gate valves</strong>. The right-angle mounting design provides excellent clearance around valve components and can also be adapted for many side-bracket style pressure reducing valves.</p>
\n<p data-start=""1196"" data-end=""1836"">The OSY2A features <strong data-start=""1215"" data-end=""1259"">dual synchronized SPDT (Form C) contacts</strong>, allowing simultaneous activation of a fire alarm control panel and local notification appliance. A single-side conduit entrance simplifies wiring by eliminating the need for right-angle conduit fittings, while the <strong data-start=""1475"" data-end=""1530"">cover tamper switch comes standard on the ULC model</strong> to provide additional security and code compliance. Designed in accordance with <strong data-start=""1611"" data-end=""1655"">NFPA 13, NFPA 13D, NFPA 13R, and NFPA 72</strong>, the OSY2A is an ideal supervisory switch for commercial, industrial, institutional, and residential fire sprinkler systems throughout Canada.</p>
\n
\n<h6 data-start=""2901"" data-end=""2933""><span role=""text""><strong data-start=""2905"" data-end=""2933"">Technical Specifications</strong></span></h6>
\n<ul data-start=""2935"" data-end=""3746"">
\n 	<li data-start=""2935"" data-end=""2968""><strong data-start=""2937"" data-end=""2954"">Manufacturer:</strong> System Sensor</li>
\n 	<li data-start=""2969"" data-end=""2987""><strong data-start=""2971"" data-end=""2981"">Model:</strong> OSY2A</li>
\n 	<li data-start=""2988"" data-end=""3053""><strong data-start=""2990"" data-end=""3007"">Product Type:</strong> Outside Screw &amp; Yoke Valve Supervisory Switch</li>
\n 	<li data-start=""3054"" data-end=""3107""><strong data-start=""3056"" data-end=""3083"">Compatible Valve Sizes:</strong> 1""–12"" OS&amp;Y Gate Valves</li>
\n 	<li data-start=""3108"" data-end=""3154""><strong data-start=""3110"" data-end=""3136"">Contact Configuration:</strong> Two SPDT (Form C)</li>
\n 	<li data-start=""3155"" data-end=""3217""><strong data-start=""3157"" data-end=""3179"">Electrical Rating:</strong> 10A @ 125/250 VAC, 2.5A @ 6/12/24 VDC</li>
\n 	<li data-start=""3218"" data-end=""3263""><strong data-start=""3220"" data-end=""3247"">Maximum Stem Extension:</strong> 2.625"" (6.7 cm)</li>
\n 	<li data-start=""3264"" data-end=""3320""><strong data-start=""3266"" data-end=""3292"">Operating Temperature:</strong> 32°F to 120°F (0°C to 49°C)</li>
\n 	<li data-start=""3321"" data-end=""3367""><strong data-start=""3323"" data-end=""3344"">Conduit Entrance:</strong> One ½"" conduit opening</li>
\n 	<li data-start=""3368"" data-end=""3399""><strong data-start=""3370"" data-end=""3391"">Enclosure Rating:</strong> NEMA 3R</li>
\n 	<li data-start=""3400"" data-end=""3438""><strong data-start=""3402"" data-end=""3423"">Housing Material:</strong> Die-Cast Metal</li>
\n 	<li data-start=""3439"" data-end=""3472""><strong data-start=""3441"" data-end=""3459"">Wire Capacity:</strong> Up to 12 AWG</li>
\n 	<li data-start=""3473"" data-end=""3537""><strong data-start=""3475"" data-end=""3498"">Mounting Positions:</strong> Horizontal or Vertical (Actuator Down)</li>
\n 	<li data-start=""3538"" data-end=""3573""><strong data-start=""3540"" data-end=""3564"">Cover Tamper Switch:</strong> Standard</li>
\n 	<li data-start=""3574"" data-end=""3636""><strong data-start=""3576"" data-end=""3598"">Service Standards:</strong> NFPA 13, NFPA 13D, NFPA 13R &amp; NFPA 72</li>
\n 	<li data-start=""3637"" data-end=""3706""><strong data-start=""3639"" data-end=""3653"">Approvals:</strong> ULC Listed, FM Approved, CSFM Approved, MEA Approved</li>
\n</ul>
\n<h6 data-start=""1838"" data-end=""1858""><span role=""text""><strong data-start=""1842"" data-end=""1858"">Key Features</strong></span></h6>
\n<ul data-start=""1860"" data-end=""2549"">
\n 	<li data-start=""1860"" data-end=""1887"">ULC Listed Canadian model</li>
\n 	<li data-start=""1888"" data-end=""1938"">Monitors OS&amp;Y (Outside Screw &amp; Yoke) gate valves</li>
\n 	<li data-start=""1939"" data-end=""1979"">Compatible with <strong data-start=""1957"" data-end=""1979"">1""–12"" OS&amp;Y valves</strong></li>
\n 	<li data-start=""1980"" data-end=""2013"">Rugged die-cast metal enclosure</li>
\n 	<li data-start=""2014"" data-end=""2056"">NEMA 3R rated for indoor and outdoor use</li>
\n 	<li data-start=""2057"" data-end=""2103"">Adjustable actuator eliminates shaft cutting</li>
\n 	<li data-start=""2104"" data-end=""2136"">User-friendly mounting bracket</li>
\n 	<li data-start=""2137"" data-end=""2190"">Right-angle design provides maximum valve clearance</li>
\n 	<li data-start=""2191"" data-end=""2224"">Single-side ½"" conduit entrance</li>
\n 	<li data-start=""2225"" data-end=""2267"">Dual synchronized SPDT (Form C) contacts</li>
\n 	<li data-start=""2268"" data-end=""2326"">Simultaneously activates fire alarm panel and local bell</li>
\n 	<li data-start=""2327"" data-end=""2370""><strong data-start=""2329"" data-end=""2370"">Factory-installed cover tamper switch</strong></li>
\n 	<li data-start=""2371"" data-end=""2402"">Tamper-resistant cover screws</li>
\n 	<li data-start=""2403"" data-end=""2435"">Accommodates up to 12 AWG wire</li>
\n 	<li data-start=""2436"" data-end=""2491"">Compatible with side-bracket pressure reducing valves</li>
\n 	<li data-start=""2492"" data-end=""2504"">ULC Listed</li>
\n 	<li data-start=""2505"" data-end=""2518"">FM Approved</li>
\n 	<li data-start=""2519"" data-end=""2534"">CSFM Approved</li>
\n 	<li data-start=""2535"" data-end=""2549"">MEA Approved</li>
\n</ul>
\n<h6 data-start=""2551"" data-end=""2571""><span role=""text""><strong data-start=""2555"" data-end=""2571"">Applications</strong></span></h6>
\n<ul data-start=""2601"" data-end=""2899"">
\n 	<li data-start=""2601"" data-end=""2642"">Outside Screw &amp; Yoke (OS&amp;Y) Gate Valves</li>
\n 	<li data-start=""2643"" data-end=""2677"">Automatic Fire Sprinkler Systems</li>
\n 	<li data-start=""2678"" data-end=""2711"">Wet Pipe Fire Sprinkler Systems</li>
\n 	<li data-start=""2712"" data-end=""2745"">Dry Pipe Fire Sprinkler Systems</li>
\n 	<li data-start=""2746"" data-end=""2768"">Commercial Buildings</li>
\n 	<li data-start=""2769"" data-end=""2792"">Industrial Facilities</li>
\n 	<li data-start=""2793"" data-end=""2815"">Manufacturing Plants</li>
\n 	<li data-start=""2816"" data-end=""2828"">Warehouses</li>
\n 	<li data-start=""2829"" data-end=""2838"">Schools</li>
\n 	<li data-start=""2839"" data-end=""2850"">Hospitals</li>
\n 	<li data-start=""2851"" data-end=""2872"">High-Rise Buildings</li>
\n 	<li data-start=""2873"" data-end=""2899"">Institutional Facilities</li>
\n</ul>
\n</div>
\n</div>
\n</div>
\n</div>
\n</div>
\n</div>
\n</div>
\n</div>
\n</div>
\n</article>",in_stock,2.8,$162.00,$250.00,https://teslafiresystems.com/wp-content/uploads/2025/02/o_s_osysu.png,https://teslafiresystems.com/product/system-sensor-osy2a-osy-valve-supervisory-switch/,,OSY2A,System Sensor,new
1003,WFD60N,783850060169,"System Sensor WFD60 | Waterflow Detector for 6"" Steel Sprinkler Pipe | NEMA 4 Rated - UL/FM Approved","<p class=""PDq2pG_selectionAnchorContainer"" data-start=""132"" data-end=""608"">The <strong data-start=""136"" data-end=""178"">System Sensor WFD60 Waterflow Detector</strong> is a high-performance <strong data-start=""201"" data-end=""233"">vane-type waterflow detector</strong> designed to monitor water movement in <strong data-start=""272"" data-end=""314"">6-inch wet pipe fire sprinkler systems</strong>. Engineered for dependable fire alarm activation, the WFD60 features a rugged <strong data-start=""393"" data-end=""419"">NEMA 4-rated enclosure</strong>, dual synchronized SPDT (Form C) contacts, and an adjustable pneumatic retard mechanism that minimizes nuisance alarms caused by pressure surges or trapped air within the sprinkler piping.</p>
\n<p data-start=""610"" data-end=""928"">Designed for both <strong data-start=""628"" data-end=""664"">indoor and outdoor installations</strong>, the WFD60 mounts directly to <strong data-start=""695"" data-end=""758"">6-inch Schedule 10 through Schedule 40 steel sprinkler pipe</strong> and is ideal for commercial, industrial, institutional, and residential fire sprinkler systems installed in accordance with <strong data-start=""883"" data-end=""927"">NFPA 13, NFPA 13D, NFPA 13R, and NFPA 72</strong>.</p>
\n<p data-start=""930"" data-end=""1386"">The corrosion-resistant enclosure features wire-ready terminals, visual and audible switch activation, and a field-replaceable timer and switch assembly for simplified installation and maintenance. Whether installed in a new fire protection system or replacing an existing waterflow detector, the WFD60 delivers dependable waterflow detection while meeting the demanding requirements of modern fire protection systems.</p>
\n
\n<h6 data-start=""2433"" data-end=""2465""><span role=""text""><strong data-start=""2437"" data-end=""2465"">Technical Specifications</strong></span></h6>
\n<ul data-start=""2467"" data-end=""3307"">
\n 	<li data-start=""2467"" data-end=""2500""><strong data-start=""2469"" data-end=""2486"">Manufacturer:</strong> System Sensor</li>
\n 	<li data-start=""2501"" data-end=""2519""><strong data-start=""2503"" data-end=""2513"">Model:</strong> WFD60</li>
\n 	<li data-start=""2520"" data-end=""2558""><strong data-start=""2522"" data-end=""2539"">Product Type:</strong> Waterflow Detector</li>
\n 	<li data-start=""2559"" data-end=""2603""><strong data-start=""2561"" data-end=""2582"">Detection Method:</strong> Mechanical Vane-Type</li>
\n 	<li data-start=""2604"" data-end=""2634""><strong data-start=""2606"" data-end=""2631"">Compatible Pipe Size:</strong> 6""</li>
\n 	<li data-start=""2635"" data-end=""2692""><strong data-start=""2637"" data-end=""2666"">Compatible Pipe Schedule:</strong> Schedule 10–40 Steel Pipe</li>
\n 	<li data-start=""2693"" data-end=""2721""><strong data-start=""2695"" data-end=""2718"">Required Hole Size:</strong> 2""</li>
\n 	<li data-start=""2722"" data-end=""2759""><strong data-start=""2724"" data-end=""2751"">Static Pressure Rating:</strong> 450 PSI</li>
\n 	<li data-start=""2760"" data-end=""2790""><strong data-start=""2762"" data-end=""2781"">Flow Threshold:</strong> 4–10 GPM</li>
\n 	<li data-start=""2791"" data-end=""2836""><strong data-start=""2793"" data-end=""2817"">Maximum Water Surge:</strong> 18 Feet Per Second</li>
\n 	<li data-start=""2837"" data-end=""2893""><strong data-start=""2839"" data-end=""2865"">Operating Temperature:</strong> 32°F to 150°F (0°C to 66°C)</li>
\n 	<li data-start=""2894"" data-end=""2924""><strong data-start=""2896"" data-end=""2917"">Enclosure Rating:</strong> NEMA 4</li>
\n 	<li data-start=""2925"" data-end=""2958""><strong data-start=""2927"" data-end=""2940"">Contacts:</strong> Two SPDT (Form C)</li>
\n 	<li data-start=""2959"" data-end=""3021""><strong data-start=""2961"" data-end=""2983"">Electrical Rating:</strong> 10A @ 125/250 VAC, 2.5A @ 6/12/24 VDC</li>
\n 	<li data-start=""3022"" data-end=""3070""><strong data-start=""3024"" data-end=""3046"">Conduit Entrances:</strong> Two ½"" conduit openings</li>
\n 	<li data-start=""3071"" data-end=""3128""><strong data-start=""3073"" data-end=""3096"">Compatible Systems:</strong> Wet Pipe Fire Sprinkler Systems</li>
\n 	<li data-start=""3129"" data-end=""3191""><strong data-start=""3131"" data-end=""3153"">Service Standards:</strong> NFPA 13, NFPA 13D, NFPA 13R &amp; NFPA 72</li>
\n 	<li data-start=""3192"" data-end=""3243""><strong data-start=""3194"" data-end=""3208"">Approvals:</strong> UL Listed, ULC Listed, FM Approved</li>
\n 	<li data-start=""3244"" data-end=""3267""><strong data-start=""3246"" data-end=""3259"">Warranty:</strong> 3 Years</li>
\n</ul>
\n<h6 data-start=""1388"" data-end=""1408""><span role=""text""><strong data-start=""1392"" data-end=""1408"">Key Features</strong></span></h6>
\n<ul data-start=""1410"" data-end=""2117"">
\n 	<li data-start=""1410"" data-end=""1469"">Designed for <strong data-start=""1425"" data-end=""1469"">6"" steel wet pipe fire sprinkler systems</strong></li>
\n 	<li data-start=""1470"" data-end=""1500"">Vane-type waterflow detector</li>
\n 	<li data-start=""1501"" data-end=""1532"">Rugged NEMA 4-rated enclosure</li>
\n 	<li data-start=""1533"" data-end=""1580"">Suitable for indoor and outdoor installations</li>
\n 	<li data-start=""1581"" data-end=""1631"">Adjustable pneumatic mechanical retard mechanism</li>
\n 	<li data-start=""1632"" data-end=""1683"">Reduces nuisance alarms caused by pressure surges</li>
\n 	<li data-start=""1684"" data-end=""1720"">Visual switch activation indicator</li>
\n 	<li data-start=""1721"" data-end=""1757"">Audible switch activation (73 dBA)</li>
\n 	<li data-start=""1758"" data-end=""1800"">Dual synchronized SPDT (Form C) contacts</li>
\n 	<li data-start=""1801"" data-end=""1856"">Wire-ready terminal block for simplified installation</li>
\n 	<li data-start=""1857"" data-end=""1902"">Field-replaceable timer and switch assembly</li>
\n 	<li data-start=""1903"" data-end=""1944"">Corrosion-resistant lightweight housing</li>
\n 	<li data-start=""1945"" data-end=""1976"">Tamper-resistant cover screws</li>
\n 	<li data-start=""1977"" data-end=""2003"">Two ½"" conduit entrances</li>
\n 	<li data-start=""2004"" data-end=""2047"">Compatible with Schedule 10–40 steel pipe</li>
\n 	<li data-start=""2048"" data-end=""2059"">UL Listed</li>
\n 	<li data-start=""2060"" data-end=""2072"">ULC Listed</li>
\n 	<li data-start=""2073"" data-end=""2086"">FM Approved</li>
\n 	<li data-start=""2087"" data-end=""2117"">3-Year Manufacturer Warranty</li>
\n</ul>
\n<h6 data-start=""2119"" data-end=""2139""><span role=""text""><strong data-start=""2123"" data-end=""2139"">Applications</strong></span></h6>
\n<ul data-start=""2169"" data-end=""2431"">
\n 	<li data-start=""2169"" data-end=""2202"">Wet Pipe Fire Sprinkler Systems</li>
\n 	<li data-start=""2203"" data-end=""2225"">Commercial Buildings</li>
\n 	<li data-start=""2226"" data-end=""2249"">Industrial Facilities</li>
\n 	<li data-start=""2250"" data-end=""2272"">Manufacturing Plants</li>
\n 	<li data-start=""2273"" data-end=""2285"">Warehouses</li>
\n 	<li data-start=""2286"" data-end=""2308"">Distribution Centres</li>
\n 	<li data-start=""2309"" data-end=""2327"">Office Buildings</li>
\n 	<li data-start=""2328"" data-end=""2336"">Hotels</li>
\n 	<li data-start=""2337"" data-end=""2346"">Schools</li>
\n 	<li data-start=""2347"" data-end=""2358"">Hospitals</li>
\n 	<li data-start=""2359"" data-end=""2380"">Apartment Buildings</li>
\n 	<li data-start=""2381"" data-end=""2404"">Condominium Buildings</li>
\n 	<li data-start=""2405"" data-end=""2431"">Institutional Facilities</li>
\n</ul>",in_stock,5.6,$230.00,$250.00,https://teslafiresystems.com/wp-content/uploads/2025/02/System-Sensor-WFD60N-6-waterflow-detector.jpg,https://teslafiresystems.com/product/system-sensor-wfd60-waterflow-detector-6-inch/,,WFD60N,System Sensor,new
1005,WFD25N,783850025168,"System Sensor WFD25 | Waterflow Detector for 2½"" Steel Sprinkler Pipe | NEMA 4 Rated - UL/FM Approved","<p class=""PDq2pG_selectionAnchorContainer"" data-start=""4367"" data-end=""4864"">The <strong data-start=""4371"" data-end=""4413"">System Sensor WFD25 Waterflow Detector</strong> is engineered to provide dependable waterflow supervision for <strong data-start=""4476"" data-end=""4519"">2½-inch wet pipe fire sprinkler systems</strong>. Designed for commercial and industrial fire protection applications, the WFD25 incorporates a rugged <strong data-start=""4622"" data-end=""4642"">NEMA 4 enclosure</strong>, adjustable pneumatic retard mechanism, and dual synchronized SPDT contacts to provide reliable fire alarm activation while minimizing nuisance alarms caused by pressure fluctuations.</p>
\n<p data-start=""4866"" data-end=""5273"">The WFD25 mounts directly to <strong data-start=""4895"" data-end=""4958"">2½-inch Schedule 7 through Schedule 40 steel sprinkler pipe</strong> and is suitable for indoor or outdoor installations. Featuring wire-ready terminals, audible and visual switch activation, corrosion-resistant construction, and field-replaceable timer components, it provides long-term performance while meeting NFPA installation requirements.</p>
\n
\n<h6 data-start=""5808"" data-end=""5840""><span role=""text""><strong data-start=""5812"" data-end=""5840"">Technical Specifications</strong></span></h6>
\n<ul data-start=""5842"" data-end=""6206"">
\n 	<li data-start=""5842"" data-end=""5875""><strong data-start=""5844"" data-end=""5861"">Manufacturer:</strong> System Sensor</li>
\n 	<li data-start=""5876"" data-end=""5894""><strong data-start=""5878"" data-end=""5888"">Model:</strong> WFD25</li>
\n 	<li data-start=""5895"" data-end=""5915""><strong data-start=""5897"" data-end=""5911"">Pipe Size:</strong> 2½""</li>
\n 	<li data-start=""5916"" data-end=""5950""><strong data-start=""5918"" data-end=""5936"">Pipe Schedule:</strong> Schedule 7–40</li>
\n 	<li data-start=""5951"" data-end=""5971""><strong data-start=""5953"" data-end=""5967"">Hole Size:</strong> 1¼""</li>
\n 	<li data-start=""5972"" data-end=""6002""><strong data-start=""5974"" data-end=""5994"">Pressure Rating:</strong> 450 PSI</li>
\n 	<li data-start=""6003"" data-end=""6033""><strong data-start=""6005"" data-end=""6024"">Flow Threshold:</strong> 4–10 GPM</li>
\n 	<li data-start=""6034"" data-end=""6073""><strong data-start=""6036"" data-end=""6062"">Operating Temperature:</strong> 32°F–150°F</li>
\n 	<li data-start=""6074"" data-end=""6097""><strong data-start=""6076"" data-end=""6090"">Enclosure:</strong> NEMA 4</li>
\n 	<li data-start=""6098"" data-end=""6122""><strong data-start=""6100"" data-end=""6113"">Contacts:</strong> Two SPDT</li>
\n 	<li data-start=""6123"" data-end=""6151""><strong data-start=""6125"" data-end=""6139"">Approvals:</strong> UL, ULC, FM</li>
\n 	<li data-start=""6152"" data-end=""6175""><strong data-start=""6154"" data-end=""6167"">Warranty:</strong> 3 Years</li>
\n</ul>
\n<h6 data-start=""5275"" data-end=""5295""><span role=""text""><strong data-start=""5279"" data-end=""5295"">Key Features</strong></span></h6>
\n<ul data-start=""5297"" data-end=""5658"">
\n 	<li data-start=""5297"" data-end=""5340"">Designed for <strong data-start=""5312"" data-end=""5340"">2½"" steel sprinkler pipe</strong></li>
\n 	<li data-start=""5341"" data-end=""5371"">Vane-type waterflow detector</li>
\n 	<li data-start=""5372"" data-end=""5390"">NEMA 4 enclosure</li>
\n 	<li data-start=""5391"" data-end=""5415"">Indoor &amp; outdoor rated</li>
\n 	<li data-start=""5416"" data-end=""5445"">Adjustable pneumatic retard</li>
\n 	<li data-start=""5446"" data-end=""5466"">Dual SPDT contacts</li>
\n 	<li data-start=""5467"" data-end=""5496"">Visual &amp; audible activation</li>
\n 	<li data-start=""5497"" data-end=""5519"">Wire-ready terminals</li>
\n 	<li data-start=""5520"" data-end=""5549"">Corrosion-resistant housing</li>
\n 	<li data-start=""5550"" data-end=""5574"">Tamper-resistant cover</li>
\n 	<li data-start=""5575"" data-end=""5601"">Two ½"" conduit entrances</li>
\n 	<li data-start=""5602"" data-end=""5613"">UL Listed</li>
\n 	<li data-start=""5614"" data-end=""5626"">ULC Listed</li>
\n 	<li data-start=""5627"" data-end=""5640"">FM Approved</li>
\n 	<li data-start=""5641"" data-end=""5658"">3-Year Warranty</li>
\n</ul>
\n<h6 data-start=""5660"" data-end=""5680""><span role=""text""><strong data-start=""5664"" data-end=""5680"">Applications</strong></span></h6>
\n<ul data-start=""5682"" data-end=""5806"">
\n 	<li data-start=""5682"" data-end=""5704"">Commercial Buildings</li>
\n 	<li data-start=""5705"" data-end=""5728"">Industrial Facilities</li>
\n 	<li data-start=""5729"" data-end=""5741"">Warehouses</li>
\n 	<li data-start=""5742"" data-end=""5751"">Schools</li>
\n 	<li data-start=""5752"" data-end=""5763"">Hospitals</li>
\n 	<li data-start=""5764"" data-end=""5772"">Hotels</li>
\n 	<li data-start=""5773"" data-end=""5806"">Wet Pipe Fire Sprinkler Systems</li>
\n</ul>",in_stock,2.6,$230.00,$250.00,https://teslafiresystems.com/wp-content/uploads/2025/02/System-Sensor-Honeywell-WFD25N-2.5-Waterflow-Detector.jpg,https://teslafiresystems.com/product/system-sensor-wfd25-waterflow-detector-2-5-inch/,,WFD25N,System Sensor,new
1007,WFD40N,783850040161,"System Sensor WFD40 | Waterflow Detector for 4"" Steel Sprinkler Pipe | NEMA 4 Rated - UL/FM Approved","<p class=""PDq2pG_selectionAnchorContainer"" data-start=""132"" data-end=""608"">The <strong data-start=""136"" data-end=""178"">System Sensor WFD40 Waterflow Detector</strong> is a high-performance <strong data-start=""201"" data-end=""233"">vane-type waterflow detector</strong> designed to monitor water movement in <strong data-start=""272"" data-end=""314"">4-inch wet pipe fire sprinkler systems</strong>. Engineered for dependable fire alarm activation, the WFD40 features a rugged <strong data-start=""393"" data-end=""419"">NEMA 4-rated enclosure</strong>, dual synchronized SPDT (Form C) contacts, and an adjustable pneumatic retard mechanism that minimizes nuisance alarms caused by pressure surges or trapped air within the sprinkler piping.</p>
\n<p data-start=""610"" data-end=""927"">Designed for both <strong data-start=""628"" data-end=""664"">indoor and outdoor installations</strong>, the WFD40 mounts directly to <strong data-start=""695"" data-end=""757"">4-inch Schedule 7 through Schedule 40 steel sprinkler pipe</strong> and is ideal for commercial, industrial, institutional, and residential fire sprinkler systems installed in accordance with <strong data-start=""882"" data-end=""926"">NFPA 13, NFPA 13D, NFPA 13R, and NFPA 72</strong>.</p>
\n<p data-start=""929"" data-end=""1370"">The corrosion-resistant enclosure features wire-ready terminals, visual and audible switch activation, and a field-replaceable timer and switch assembly for simplified installation and maintenance. Whether used in new construction, system upgrades, or replacement applications, the WFD40 delivers dependable waterflow detection while meeting the demanding requirements of modern fire protection systems.</p>
\n
\n<h6 data-start=""2407"" data-end=""2439""><span role=""text""><strong data-start=""2411"" data-end=""2439"">Technical Specifications</strong></span></h6>
\n<ul data-start=""2441"" data-end=""3280"">
\n 	<li data-start=""2441"" data-end=""2474""><strong data-start=""2443"" data-end=""2460"">Manufacturer:</strong> System Sensor</li>
\n 	<li data-start=""2475"" data-end=""2493""><strong data-start=""2477"" data-end=""2487"">Model:</strong> WFD40</li>
\n 	<li data-start=""2494"" data-end=""2532""><strong data-start=""2496"" data-end=""2513"">Product Type:</strong> Waterflow Detector</li>
\n 	<li data-start=""2533"" data-end=""2577""><strong data-start=""2535"" data-end=""2556"">Detection Method:</strong> Mechanical Vane-Type</li>
\n 	<li data-start=""2578"" data-end=""2608""><strong data-start=""2580"" data-end=""2605"">Compatible Pipe Size:</strong> 4""</li>
\n 	<li data-start=""2609"" data-end=""2665""><strong data-start=""2611"" data-end=""2640"">Compatible Pipe Schedule:</strong> Schedule 7–40 Steel Pipe</li>
\n 	<li data-start=""2666"" data-end=""2694""><strong data-start=""2668"" data-end=""2691"">Required Hole Size:</strong> 2""</li>
\n 	<li data-start=""2695"" data-end=""2732""><strong data-start=""2697"" data-end=""2724"">Static Pressure Rating:</strong> 450 PSI</li>
\n 	<li data-start=""2733"" data-end=""2763""><strong data-start=""2735"" data-end=""2754"">Flow Threshold:</strong> 4–10 GPM</li>
\n 	<li data-start=""2764"" data-end=""2809""><strong data-start=""2766"" data-end=""2790"">Maximum Water Surge:</strong> 18 Feet Per Second</li>
\n 	<li data-start=""2810"" data-end=""2866""><strong data-start=""2812"" data-end=""2838"">Operating Temperature:</strong> 32°F to 150°F (0°C to 66°C)</li>
\n 	<li data-start=""2867"" data-end=""2897""><strong data-start=""2869"" data-end=""2890"">Enclosure Rating:</strong> NEMA 4</li>
\n 	<li data-start=""2898"" data-end=""2931""><strong data-start=""2900"" data-end=""2913"">Contacts:</strong> Two SPDT (Form C)</li>
\n 	<li data-start=""2932"" data-end=""2994""><strong data-start=""2934"" data-end=""2956"">Electrical Rating:</strong> 10A @ 125/250 VAC, 2.5A @ 6/12/24 VDC</li>
\n 	<li data-start=""2995"" data-end=""3043""><strong data-start=""2997"" data-end=""3019"">Conduit Entrances:</strong> Two ½"" conduit openings</li>
\n 	<li data-start=""3044"" data-end=""3101""><strong data-start=""3046"" data-end=""3069"">Compatible Systems:</strong> Wet Pipe Fire Sprinkler Systems</li>
\n 	<li data-start=""3102"" data-end=""3164""><strong data-start=""3104"" data-end=""3126"">Service Standards:</strong> NFPA 13, NFPA 13D, NFPA 13R &amp; NFPA 72</li>
\n 	<li data-start=""3165"" data-end=""3216""><strong data-start=""3167"" data-end=""3181"">Approvals:</strong> UL Listed, ULC Listed, FM Approved</li>
\n 	<li data-start=""3217"" data-end=""3240""><strong data-start=""3219"" data-end=""3232"">Warranty:</strong> 3 Years</li>
\n</ul>
\n<h6 data-start=""1372"" data-end=""1392""><span role=""text""><strong data-start=""1376"" data-end=""1392"">Key Features</strong></span></h6>
\n<ul data-start=""1394"" data-end=""2100"">
\n 	<li data-start=""1394"" data-end=""1453"">Designed for <strong data-start=""1409"" data-end=""1453"">4"" steel wet pipe fire sprinkler systems</strong></li>
\n 	<li data-start=""1454"" data-end=""1484"">Vane-type waterflow detector</li>
\n 	<li data-start=""1485"" data-end=""1516"">Rugged NEMA 4-rated enclosure</li>
\n 	<li data-start=""1517"" data-end=""1564"">Suitable for indoor and outdoor installations</li>
\n 	<li data-start=""1565"" data-end=""1615"">Adjustable pneumatic mechanical retard mechanism</li>
\n 	<li data-start=""1616"" data-end=""1667"">Reduces nuisance alarms caused by pressure surges</li>
\n 	<li data-start=""1668"" data-end=""1704"">Visual switch activation indicator</li>
\n 	<li data-start=""1705"" data-end=""1741"">Audible switch activation (73 dBA)</li>
\n 	<li data-start=""1742"" data-end=""1784"">Dual synchronized SPDT (Form C) contacts</li>
\n 	<li data-start=""1785"" data-end=""1840"">Wire-ready terminal block for simplified installation</li>
\n 	<li data-start=""1841"" data-end=""1886"">Field-replaceable timer and switch assembly</li>
\n 	<li data-start=""1887"" data-end=""1928"">Corrosion-resistant lightweight housing</li>
\n 	<li data-start=""1929"" data-end=""1960"">Tamper-resistant cover screws</li>
\n 	<li data-start=""1961"" data-end=""1987"">Two ½"" conduit entrances</li>
\n 	<li data-start=""1988"" data-end=""2030"">Compatible with Schedule 7–40 steel pipe</li>
\n 	<li data-start=""2031"" data-end=""2042"">UL Listed</li>
\n 	<li data-start=""2043"" data-end=""2055"">ULC Listed</li>
\n 	<li data-start=""2056"" data-end=""2069"">FM Approved</li>
\n 	<li data-start=""2070"" data-end=""2100"">3-Year Manufacturer Warranty</li>
\n</ul>
\n<h6 data-start=""2102"" data-end=""2122""><span role=""text""><strong data-start=""2106"" data-end=""2122"">Applications</strong></span></h6>
\n<ul data-start=""2152"" data-end=""2405"">
\n 	<li data-start=""2152"" data-end=""2185"">Wet Pipe Fire Sprinkler Systems</li>
\n 	<li data-start=""2186"" data-end=""2208"">Commercial Buildings</li>
\n 	<li data-start=""2209"" data-end=""2232"">Industrial Facilities</li>
\n 	<li data-start=""2233"" data-end=""2255"">Manufacturing Plants</li>
\n 	<li data-start=""2256"" data-end=""2268"">Warehouses</li>
\n 	<li data-start=""2269"" data-end=""2291"">Distribution Centres</li>
\n 	<li data-start=""2292"" data-end=""2310"">Office Buildings</li>
\n 	<li data-start=""2311"" data-end=""2319"">Hotels</li>
\n 	<li data-start=""2320"" data-end=""2329"">Schools</li>
\n 	<li data-start=""2330"" data-end=""2341"">Hospitals</li>
\n 	<li data-start=""2342"" data-end=""2363"">Apartment Buildings</li>
\n 	<li data-start=""2364"" data-end=""2378"">Condominiums</li>
\n 	<li data-start=""2379"" data-end=""2405"">Institutional Facilities</li>
\n</ul>",in_stock,4,$230.00,$250.00,https://teslafiresystems.com/wp-content/uploads/2025/02/System-Sensor-Honeywell-WFD25N-2.5-Waterflow-Detector.jpg,https://teslafiresystems.com/product/system-sensor-wfd40-waterflow-detector-4-inch/,,WFD40N,System Sensor,new
1008,WFD20N,783850020163,"System Sensor WFD20 | Waterflow Detector for 2"" Steel Sprinkler Pipe | NEMA 4 Rated - UL/FM Approved","<p class=""PDq2pG_selectionAnchorContainer"" data-start=""133"" data-end=""610"">The <strong data-start=""137"" data-end=""179"">System Sensor WFD20 Waterflow Detector</strong> is a high-performance <strong data-start=""202"" data-end=""234"">vane-type waterflow detector</strong> designed to monitor water movement in <strong data-start=""273"" data-end=""315"">2-inch wet pipe fire sprinkler systems</strong>. Engineered for dependable fire alarm activation, the WFD20 features a rugged <strong data-start=""394"" data-end=""420"">NEMA 4-rated enclosure</strong>, dual synchronized SPDT (Form C) contacts, and an adjustable pneumatic retard mechanism that minimizes nuisance alarms caused by pressure surges or trapped air within the sprinkler piping.</p>
\n<p data-start=""612"" data-end=""1198"">Designed for both <strong data-start=""630"" data-end=""666"">indoor and outdoor installations</strong>, the WFD20 mounts directly to <strong data-start=""697"" data-end=""759"">2-inch Schedule 7 through Schedule 40 steel sprinkler pipe</strong> and is ideal for commercial, industrial, institutional, and residential fire sprinkler systems installed in accordance with <strong data-start=""884"" data-end=""928"">NFPA 13, NFPA 13D, NFPA 13R, and NFPA 72</strong>. The detector features a corrosion-resistant enclosure, wire-ready terminals, visual switch activation, audible switch activation, and a field-replaceable timer/switch assembly for simplified installation and long-term reliability.</p>
\n<p data-start=""1200"" data-end=""1424"">Whether you're installing a new fire sprinkler system or replacing an existing waterflow switch, the WFD20 delivers dependable waterflow detection while meeting the stringent requirements of today's fire protection industry.</p>
\n<p data-start=""1200"" data-end=""1424""></p>
\n
\n<h6 data-start=""2456"" data-end=""2488""><span role=""text""><strong data-start=""2460"" data-end=""2488"">Technical Specifications</strong></span></h6>
\n<ul data-start=""2490"" data-end=""3326"">
\n 	<li data-start=""2490"" data-end=""2523""><strong data-start=""2492"" data-end=""2509"">Manufacturer:</strong> System Sensor</li>
\n 	<li data-start=""2524"" data-end=""2542""><strong data-start=""2526"" data-end=""2536"">Model:</strong> WFD20</li>
\n 	<li data-start=""2543"" data-end=""2581""><strong data-start=""2545"" data-end=""2562"">Product Type:</strong> Waterflow Detector</li>
\n 	<li data-start=""2582"" data-end=""2626""><strong data-start=""2584"" data-end=""2605"">Detection Method:</strong> Mechanical Vane-Type</li>
\n 	<li data-start=""2627"" data-end=""2657""><strong data-start=""2629"" data-end=""2654"">Compatible Pipe Size:</strong> 2""</li>
\n 	<li data-start=""2658"" data-end=""2714""><strong data-start=""2660"" data-end=""2689"">Compatible Pipe Schedule:</strong> Schedule 7–40 Steel Pipe</li>
\n 	<li data-start=""2715"" data-end=""2744""><strong data-start=""2717"" data-end=""2740"">Required Hole Size:</strong> 1¼""</li>
\n 	<li data-start=""2745"" data-end=""2782""><strong data-start=""2747"" data-end=""2774"">Static Pressure Rating:</strong> 450 PSI</li>
\n 	<li data-start=""2783"" data-end=""2813""><strong data-start=""2785"" data-end=""2804"">Flow Threshold:</strong> 4–10 GPM</li>
\n 	<li data-start=""2814"" data-end=""2859""><strong data-start=""2816"" data-end=""2840"">Maximum Water Surge:</strong> 18 Feet Per Second</li>
\n 	<li data-start=""2860"" data-end=""2916""><strong data-start=""2862"" data-end=""2888"">Operating Temperature:</strong> 32°F to 150°F (0°C to 66°C)</li>
\n 	<li data-start=""2917"" data-end=""2947""><strong data-start=""2919"" data-end=""2940"">Enclosure Rating:</strong> NEMA 4</li>
\n 	<li data-start=""2948"" data-end=""2981""><strong data-start=""2950"" data-end=""2963"">Contacts:</strong> Two SPDT (Form C)</li>
\n 	<li data-start=""2982"" data-end=""3044""><strong data-start=""2984"" data-end=""3006"">Electrical Rating:</strong> 10A @ 125/250 VAC, 2.5A @ 6/12/24 VDC</li>
\n 	<li data-start=""3045"" data-end=""3093""><strong data-start=""3047"" data-end=""3069"">Conduit Entrances:</strong> Two ½"" conduit openings</li>
\n 	<li data-start=""3094"" data-end=""3151""><strong data-start=""3096"" data-end=""3119"">Compatible Systems:</strong> Wet Pipe Fire Sprinkler Systems</li>
\n 	<li data-start=""3152"" data-end=""3210""><strong data-start=""3154"" data-end=""3173"">NFPA Standards:</strong> NFPA 13, NFPA 13D, NFPA 13R, NFPA 72</li>
\n 	<li data-start=""3211"" data-end=""3262""><strong data-start=""3213"" data-end=""3227"">Approvals:</strong> UL Listed, ULC Listed, FM Approved</li>
\n 	<li data-start=""3263"" data-end=""3286""><strong data-start=""3265"" data-end=""3278"">Warranty:</strong> 3 Years</li>
\n</ul>
\n<h6>Key Features</h6>
\n<ul>
\n 	<li>Designed for <strong data-start=""1463"" data-end=""1507"">2"" steel wet pipe fire sprinkler systems</strong></li>
\n 	<li data-start=""1508"" data-end=""1538"">Vane-type waterflow detector</li>
\n 	<li data-start=""1539"" data-end=""1568"">Rugged <strong data-start=""1548"" data-end=""1558"">NEMA 4</strong> enclosure</li>
\n 	<li data-start=""1569"" data-end=""1616"">Suitable for indoor and outdoor installations</li>
\n 	<li data-start=""1617"" data-end=""1667"">Adjustable pneumatic mechanical retard mechanism</li>
\n 	<li data-start=""1668"" data-end=""1713"">Minimizes nuisance alarms from water surges</li>
\n 	<li data-start=""1714"" data-end=""1750"">Visual switch activation indicator</li>
\n 	<li data-start=""1751"" data-end=""1787"">Audible switch activation (73 dBA)</li>
\n 	<li data-start=""1788"" data-end=""1830"">Dual SPDT (Form C) synchronized contacts</li>
\n 	<li data-start=""1831"" data-end=""1874"">Wire-ready terminal block for easy wiring</li>
\n 	<li data-start=""1875"" data-end=""1920"">Field-replaceable timer and switch assembly</li>
\n 	<li data-start=""1921"" data-end=""1962"">Corrosion-resistant lightweight housing</li>
\n 	<li data-start=""1963"" data-end=""1994"">Tamper-resistant cover screws</li>
\n 	<li data-start=""1995"" data-end=""2021"">Two ½"" conduit entrances</li>
\n 	<li data-start=""2022"" data-end=""2064"">Compatible with Schedule 7–40 steel pipe</li>
\n 	<li data-start=""2065"" data-end=""2076"">UL Listed</li>
\n 	<li data-start=""2077"" data-end=""2089"">ULC Listed</li>
\n 	<li data-start=""2090"" data-end=""2103"">FM Approved</li>
\n 	<li data-start=""2104"" data-end=""2134"">3-Year Manufacturer Warranty</li>
\n</ul>
\n<h6 data-start=""2136"" data-end=""2156""><span role=""text""><strong data-start=""2140"" data-end=""2156"">Applications</strong></span></h6>
\n<ul data-start=""2186"" data-end=""2454"">
\n 	<li data-start=""2186"" data-end=""2221"">Commercial Fire Sprinkler Systems</li>
\n 	<li data-start=""2222"" data-end=""2258"">Industrial Fire Protection Systems</li>
\n 	<li data-start=""2259"" data-end=""2271"">Warehouses</li>
\n 	<li data-start=""2272"" data-end=""2298"">Manufacturing Facilities</li>
\n 	<li data-start=""2299"" data-end=""2317"">Office Buildings</li>
\n 	<li data-start=""2318"" data-end=""2326"">Hotels</li>
\n 	<li data-start=""2327"" data-end=""2336"">Schools</li>
\n 	<li data-start=""2337"" data-end=""2348"">Hospitals</li>
\n 	<li data-start=""2349"" data-end=""2370"">Apartment Buildings</li>
\n 	<li data-start=""2371"" data-end=""2394"">Condominium Buildings</li>
\n 	<li data-start=""2395"" data-end=""2420"">Institutional Buildings</li>
\n 	<li data-start=""2421"" data-end=""2454"">Wet Pipe Fire Sprinkler Systems</li>
\n</ul>",in_stock,2.6,$230.00,$250.00,https://teslafiresystems.com/wp-content/uploads/2025/02/System-Sensor-Honeywell-WFD25N-2.5-Waterflow-Detector.jpg,https://teslafiresystems.com/product/system-sensor-wfd20-waterflow-detector-2-inch/,,WFD20N,System Sensor,new
1009,WFDTN,,Safe Signal WFDTN Waterflow Detector,"<p data-start=""46"" data-end=""518"">The Safe Signal WFDTN Waterflow Detector is designed to monitor water flow in fire sprinkler systems, ensuring reliable fire safety. It features a dual SPDT switch for seamless integration with fire alarm panels, providing accurate and timely alerts. Built with durable, tamper-resistant construction, it withstands harsh environments while maintaining optimal performance. The WFDTN is easy to install and ideal for commercial and residential fire protection systems.</p>
\n<p data-start=""520"" data-end=""539""><strong data-start=""520"" data-end=""537"">Key Features:</strong></p>
\n
\n<ul data-start=""540"" data-end=""776"">
\n 	<li data-start=""540"" data-end=""601"">Reliable water flow monitoring for fire sprinkler systems</li>
\n 	<li data-start=""602"" data-end=""653"">Dual SPDT switch for accurate alarm integration</li>
\n 	<li data-start=""654"" data-end=""690"">Durable, tamper-resistant design</li>
\n 	<li data-start=""691"" data-end=""728"">Easy installation and maintenance</li>
\n 	<li data-start=""729"" data-end=""776"">Suitable for commercial and residential use</li>
\n</ul>",in_stock,2,,$250.00,https://teslafiresystems.com/wp-content/uploads/2025/02/System-Sensor-WFDTN-Waterflow-Detector.jpg,https://teslafiresystems.com/product/safe-signal-wfdtn-waterflow-detector/,,WFDTN,Safe signal,new
1011,PSP1A,783863008085,System Sensor PSP1A | Plug-in Special Purpose Supervisory Switch | ULC Listed - NEMA 3 Rated,"<p class=""PDq2pG_selectionAnchorContainer"" data-start=""119"" data-end=""583"">The <strong data-start=""123"" data-end=""189"">System Sensor PSP1A Plug-in Special Purpose Supervisory Switch</strong> is a specialized valve supervisory device designed for fire sprinkler applications where conventional valve supervisory switches cannot be installed. Engineered specifically for <strong data-start=""368"" data-end=""430"">non-rising stem gate valves, ball valves, and angle valves</strong>, the PSP1A provides dependable valve supervision while maintaining compliance with fire alarm system requirements.</p>
\n<p data-start=""585"" data-end=""1147"">Featuring a rugged <strong data-start=""604"" data-end=""636"">NEMA 3-rated metal enclosure</strong>, the PSP1A is suitable for both indoor and outdoor installations. Its unique <strong data-start=""714"" data-end=""738"">360° mounting design</strong> and <strong data-start=""743"" data-end=""792"">adjustable-length waterproof supervisory cord</strong> provide maximum installation flexibility, allowing the device to be mounted in various orientations to suit difficult valve configurations. A built-in lockout mechanism prevents unauthorized reinsertion of the supervisory cord until the unit has been reset, helping maintain the integrity of the supervisory circuit.</p>
\n<p data-start=""1149"" data-end=""1654"">Designed for use on <strong data-start=""1169"" data-end=""1211"">Class A or Class B initiating circuits</strong>, the PSP1A includes a factory-installed cover tamper switch, tamper-resistant cover screws, and an 8-foot waterproof cable. When the monitored valve is operated, the supervisory cord is pulled from the jack, initiating a supervisory signal at the fire alarm control panel. This makes the PSP1A an ideal solution for applications where standard OS&amp;Y or butterfly valve supervisory switches cannot be used.</p>
\n
\n<h6 data-start=""2653"" data-end=""2685""><span role=""text""><strong data-start=""2657"" data-end=""2685"">Technical Specifications</strong></span></h6>
\n<ul data-start=""2687"" data-end=""3454"">
\n 	<li data-start=""2687"" data-end=""2720""><strong data-start=""2689"" data-end=""2706"">Manufacturer:</strong> System Sensor</li>
\n 	<li data-start=""2721"" data-end=""2739""><strong data-start=""2723"" data-end=""2733"">Model:</strong> PSP1A</li>
\n 	<li data-start=""2740"" data-end=""2802""><strong data-start=""2742"" data-end=""2759"">Product Type:</strong> Plug-in Special Purpose Supervisory Switch</li>
\n 	<li data-start=""2803"" data-end=""2869""><strong data-start=""2805"" data-end=""2827"">Compatible Valves:</strong> Non-Rising Stem Gate, Ball &amp; Angle Valves</li>
\n 	<li data-start=""2870"" data-end=""2909""><strong data-start=""2872"" data-end=""2894"">Operating Voltage:</strong> 6/12/24V AC/DC</li>
\n 	<li data-start=""2910"" data-end=""2949""><strong data-start=""2912"" data-end=""2942"">Maximum Operating Current:</strong> 250 mA</li>
\n 	<li data-start=""2950"" data-end=""2994""><strong data-start=""2952"" data-end=""2962"">Cable:</strong> 2-wire, 18 AWG waterproof cable</li>
\n 	<li data-start=""2995"" data-end=""3028""><strong data-start=""2997"" data-end=""3014"">Cable Length:</strong> 8 ft. (2.4 m)</li>
\n 	<li data-start=""3029"" data-end=""3087""><strong data-start=""3031"" data-end=""3057"">Operating Temperature:</strong> -20°C to 65°C (-4°F to 149°F)</li>
\n 	<li data-start=""3088"" data-end=""3118""><strong data-start=""3090"" data-end=""3111"">Enclosure Rating:</strong> NEMA 3</li>
\n 	<li data-start=""3119"" data-end=""3160""><strong data-start=""3121"" data-end=""3133"">Housing:</strong> Rain-tight metal enclosure</li>
\n 	<li data-start=""3161"" data-end=""3205""><strong data-start=""3163"" data-end=""3187"">Cover Tamper Switch:</strong> Factory Installed</li>
\n 	<li data-start=""3206"" data-end=""3237""><strong data-start=""3208"" data-end=""3221"">Mounting:</strong> 360° Adjustable</li>
\n 	<li data-start=""3238"" data-end=""3282""><strong data-start=""3240"" data-end=""3264"">Compatible Circuits:</strong> Class A &amp; Class B</li>
\n 	<li data-start=""3403"" data-end=""3430""><strong data-start=""3405"" data-end=""3419"">Approvals:</strong> ULC Listed</li>
\n 	<li data-start=""3431"" data-end=""3454""><strong data-start=""3433"" data-end=""3446"">Warranty:</strong> 3 Years</li>
\n</ul>
\n<h6 data-start=""1656"" data-end=""1676""><span role=""text""><strong data-start=""1660"" data-end=""1676"">Key Features</strong></span></h6>
\n<ul data-start=""1678"" data-end=""2333"">
\n 	<li data-start=""1678"" data-end=""1720"">Designed for non-rising stem gate valves</li>
\n 	<li data-start=""1721"" data-end=""1750"">Compatible with ball valves</li>
\n 	<li data-start=""1751"" data-end=""1781"">Compatible with angle valves</li>
\n 	<li data-start=""1782"" data-end=""1826"">Plug-in special purpose supervisory switch</li>
\n 	<li data-start=""1827"" data-end=""1864"">Rugged NEMA 3-rated metal enclosure</li>
\n 	<li data-start=""1865"" data-end=""1912"">Suitable for indoor and outdoor installations</li>
\n 	<li data-start=""1913"" data-end=""1972"">360° mounting design for maximum installation flexibility</li>
\n 	<li data-start=""1973"" data-end=""2020"">Adjustable-length waterproof supervisory cord</li>
\n 	<li data-start=""2021"" data-end=""2060"">Factory-installed cover tamper switch</li>
\n 	<li data-start=""2061"" data-end=""2092"">Tamper-resistant cover screws</li>
\n 	<li data-start=""2093"" data-end=""2159"">Built-in lockout feature maintains supervisory circuit integrity</li>
\n 	<li data-start=""2160"" data-end=""2215"">Supports both Class A and Class B initiating circuits</li>
\n 	<li data-start=""2216"" data-end=""2252"">8 ft. waterproof supervisory cable</li>
\n 	<li data-start=""2253"" data-end=""2289"">Operates on 6/12/24V AC/DC systems</li>
\n 	<li data-start=""2290"" data-end=""2302"">ULC Listed</li>
\n 	<li data-start=""2303"" data-end=""2333"">3-Year Manufacturer Warranty</li>
\n</ul>
\n<h6 data-start=""2335"" data-end=""2355""><span role=""text""><strong data-start=""2339"" data-end=""2355"">Applications</strong></span></h6>
\n<ul data-start=""2385"" data-end=""2651"">
\n 	<li data-start=""2385"" data-end=""2414"">Non-Rising Stem Gate Valves</li>
\n 	<li data-start=""2415"" data-end=""2428"">Ball Valves</li>
\n 	<li data-start=""2429"" data-end=""2443"">Angle Valves</li>
\n 	<li data-start=""2444"" data-end=""2468"">Fire Sprinkler Systems</li>
\n 	<li data-start=""2469"" data-end=""2491"">Commercial Buildings</li>
\n 	<li data-start=""2492"" data-end=""2515"">Industrial Facilities</li>
\n 	<li data-start=""2516"" data-end=""2541"">Institutional Buildings</li>
\n 	<li data-start=""2542"" data-end=""2554"">Warehouses</li>
\n 	<li data-start=""2555"" data-end=""2577"">Manufacturing Plants</li>
\n 	<li data-start=""2578"" data-end=""2610"">Fire Alarm Supervisory Systems</li>
\n 	<li data-start=""2611"" data-end=""2651"">Special Valve Supervisory Applications</li>
\n</ul>",in_stock,1.7,$300.00,$418.75,https://teslafiresystems.com/wp-content/uploads/2025/02/System-Sensor-PSP1-Pressure-Switch.jpg,https://teslafiresystems.com/product/system-sensor-psp1a-plug-in-supervisory-switch/,,PSP1A,System Sensor,new
1015,21032771,0-47871-32771-3,Kidde DETECT - Combination Smoke & Carbon Monoxide Alarm | Photoelectric Sensor | AA Battery Operated | 30CUDR-CA,"<!--StartFragment -->
\n<p class=""pf0""><span class=""cf0"">This alarm offers a modern 5″ design ideal for all living spaces. Cutting edge technology sends fast alerts that give your family more time to get out safely and enhanced sensing technology reduces false alarms often caused by cooking.</span></p>
\n
\n<ul>
\n 	<li class=""pf0""><strong><span class=""cf1"">2x AA Replaceable Batteries:</span></strong><span class=""cf0""> P</span><span class=""cf2"">rovide</span><span class=""cf3"">s</span><span class=""cf2""> power even during short-term power outages for extra peace of mind.</span></li>
\n 	<li class=""pf0""><strong>ALERTS YOU TO BOTH SMOKE &amp; CARBON MONOXIDE (CO) BY VOICE &amp; ALARM USING A SINGLE, COST EFFECTIVE DEVICE</strong></li>
\n 	<li class=""pf0""><strong>REDUCED NUISANCE ALARMS:</strong> <span class=""cf0"" style=""font-size: 16px;"">Reduces false alarms often caused by cooking.</span></li>
\n 	<li class=""pf0""><strong>SELF-TESTING:</strong> <span class=""cf0"" style=""font-size: 16px;"">Internal components ensure alarm is always operating as expected.**</span></li>
\n 	<li class=""pf0""><strong><span class=""cf0"">SIMPLE INSTALLATION: </span></strong>Easy to install with the included twist-and-click mounting bracket.<!--EndFragment --></li>
\n</ul>
\n<!--EndFragment -->",in_stock,1.2,$58.00,$69.67,https://teslafiresystems.com/wp-content/uploads/2025/02/Kidde-Detect-Battery-Operated-Smoke-CO-AA-battery-operated-.jpg,https://teslafiresystems.com/product/kidde-detect-battery-operated-smoke-co-aa-battery-operated/,,21032771,Kidde,new
1027,SF-310-3,503,STRIKE FIRST SF-ABC310 | 5lb ABC Multi-Purpose Fire Extinguisher w/ Wall Bracket (3-Pack),"<p data-start=""93"" data-end=""461"">Ensure safety and preparedness with the STRIKE FIRST SF-ABC310 fire extinguisher. Designed for multi-purpose use, this 5lb fire extinguisher is ideal for combating Class A, B, and C fires, including wood, paper, flammable liquids, and electrical equipment. Its compact design and included wall bracket make it easy to install in homes, offices, or commercial spaces.</p>
\n<p data-start=""463"" data-end=""482""><strong data-start=""463"" data-end=""480"">Key Features:</strong></p>
\n
\n<ul data-start=""483"" data-end=""1067"">
\n 	<li><strong>All Fire extinguishers sold by Tesla Fire Systems Inc. come inspected and fully certified for 1 year.</strong></li>
\n 	<li data-start=""483"" data-end=""582""><strong data-start=""485"" data-end=""510"">Versatile Protection:</strong> UL/ULC Rating: 3-A : 10-B : C – Effective on Class A, B, and C fires.</li>
\n 	<li data-start=""583"" data-end=""668""><strong data-start=""585"" data-end=""607"">U.S.C.G. Approved:</strong> Suitable for marine use (Type A Size II, Type B:C Size I).</li>
\n 	<li data-start=""669"" data-end=""724""><strong data-start=""671"" data-end=""690"">Extended Reach:</strong> Range of 8 - 10 ft (2.5 - 3 m).</li>
\n 	<li data-start=""725"" data-end=""788""><strong data-start=""727"" data-end=""747"">Quick Discharge:</strong> 13-second discharge time with 195 PSI.</li>
\n 	<li data-start=""789"" data-end=""888""><strong data-start=""791"" data-end=""816"">Durable Construction:</strong> Operates in extreme temperatures from -65°F to 120°F (-54°C to 49°C).</li>
\n 	<li data-start=""889"" data-end=""989""><strong data-start=""891"" data-end=""917"">Compact &amp; Lightweight:</strong> Height: 15 1/4"", Width: 6 3/4"", Diameter: 4 1/4"", Weight: 10 1/2 lbs.</li>
\n 	<li data-start=""990"" data-end=""1067""><strong data-start=""992"" data-end=""1020"">Convenient Installation:</strong> Comes with a wall bracket for easy mounting.</li>
\n</ul>",in_stock,27,$143.75,$198.50,https://teslafiresystems.com/wp-content/uploads/2025/02/Untitled-3.png,https://teslafiresystems.com/product/strike-first-sf-abc310-5lb-multi-purpose-fire-extinguisher-w-wall-bracket-3-pack/,,SF-310-3,Strike First,new
1029,T-ERHC100,990312860365,Vinyl Cover for 100' Fire Hose Assembled on a Swing Rack,"<p data-start=""48"" data-end=""559"">Protect your fire hose with this durable vinyl cover, designed for fire hoses assembled on a swing pin racks. The cover features clear, bold stenciling on both sides that reads: “FIRE HOSE KEEP CLEAR” on a Bright Fluorescent Red surface. Ensuring visibility and compliance with safety standards. Equipped with a convenient Automotive Grade 3M velcro fastener, this cover securely protects your fire hose from dust, dirt, and damage while keeping it accessible &amp; visible for emergency use. Ideal for commercial buildings, schools, and industrial settings.</p>",in_stock,1.2,$59.00,$65.00,https://teslafiresystems.com/wp-content/uploads/2025/02/Vinyl-Cover-for-100-ft-Pin-Rack-English.jpg,https://teslafiresystems.com/product/vinyl-cover-for-100-ft-pin-rack-english/,,T-ERHC100,TESLA FIRE SYSTEMS,new
1031,T-ERHC75,990312860402,Vinyl Cover for 75' Fire Hose - Assembled on a Swing Rack,"<p data-start=""47"" data-end=""557"">Protect your fire hose with this durable vinyl cover, designed for fire hoses assembled on a swing pin racks. The cover features clear, bold stenciling on both sides that reads: “FIRE HOSE KEEP CLEAR” on a Bright Fluorescent Red surface. Ensuring visibility and compliance with safety standards. Equipped with a convenient Automotive Grade 3M velcro fastener, this cover securely protects your fire hose from dust, dirt, and damage while keeping it accessible &amp; visible for emergency use. Ideal for commercial buildings, schools, and industrial settings.</p>",in_stock,1.2,$49.00,$51.00,https://teslafiresystems.com/wp-content/uploads/2025/02/Vinyl-Cover-for-100-ft-Pin-Rack-English.jpg,https://teslafiresystems.com/product/1031/,,T-ERHC75,TESLA FIRE SYSTEMS,new
1032,SF-ABC110ST-2,252,Strike First SF-ABC110ST | 2.5lb ABC Multi-Purpose Fire Extinguisher w/Vehicle Bracket (2-Pack),"<p data-start=""99"" data-end=""569"">Compact and reliable, the Strike First SF-ABC110ST 2.5lb Multi-Purpose Fire Extinguisher is designed to protect your vehicle, home, or workplace from Class A (ordinary combustibles), Class B (flammable liquids), and Class C (electrical equipment) fires. It comes with a durable vehicle bracket for secure mounting, making it ideal for cars, trucks, RVs, and boats. With a UL/ULC Rating of 1-A:10-B:C, this extinguisher provides reliable protection in critical moments.</p>
\n<p data-start=""571"" data-end=""590""><strong data-start=""571"" data-end=""588"">Key Features:</strong></p>
\n
\n<ul data-start=""591"" data-end=""1279"">
\n 	<li><strong>All Fire extinguishers sold by Tesla Fire Systems Inc. come inspected and fully certified for 1 year.</strong></li>
\n 	<li data-start=""591"" data-end=""690""><strong data-start=""593"" data-end=""623"">Versatile Fire Protection:</strong> Rated for Class A, B, and C fires, covering common fire hazards.</li>
\n 	<li data-start=""691"" data-end=""794""><strong data-start=""693"" data-end=""719"">Compact &amp; Lightweight:</strong> Weighs just 2.5 lbs. (1.13 kgs.) for easy handling and quick deployment.</li>
\n 	<li data-start=""795"" data-end=""901""><strong data-start=""797"" data-end=""826"">Vehicle Bracket Included:</strong> Secure mounting for vehicles, ensuring accessibility during emergencies.</li>
\n 	<li data-start=""902"" data-end=""998""><strong data-start=""904"" data-end=""936"">Effective Range &amp; Discharge:</strong> 8-10 ft (2.5-3 m) range with a discharge time of 9 seconds.</li>
\n 	<li data-start=""999"" data-end=""1091""><strong data-start=""1001"" data-end=""1027"">Temperature Tolerance:</strong> Operates in temperatures from -65°F to 120°F (-54°C to 49°C).</li>
\n 	<li data-start=""1092"" data-end=""1179""><strong data-start=""1094"" data-end=""1117"">Durable &amp; Reliable:</strong> Built to last with high-quality materials and a PSI of 150.</li>
\n 	<li data-start=""1180"" data-end=""1279""><strong data-start=""1182"" data-end=""1205"">Compact Dimensions:</strong> Height: 15 1/4"" | Width: 3 3/4"" | Diameter: 3 1/8"" | Weight: 4 1/2 lbs.</li>
\n</ul>",in_stock,9,$77.25,$125.00,https://teslafiresystems.com/wp-content/uploads/2025/02/Untitled-2.png,https://teslafiresystems.com/product/strike-first-sf-abc110st-2-5lb-multi-purpose-fire-extinguisher-w-vehicle-bracket-2-pack/,,SF-ABC110ST-2,Strike First,new
1034,B500X3,850026795523,5lb Fire Extinguisher - Amerex B500 ABC Multi-Purpose (3 Pack),"<p data-start=""81"" data-end=""477"">Ensure comprehensive fire safety with the Amerex B500 5lb ABC Dry Chemical Fire Extinguisher bundle. Designed for multi-purpose use, it effectively combats Class A (ordinary combustibles), Class B (flammable liquids), and Class C (electrical equipment) fires. Ideal for homes, offices, vehicles, and commercial spaces, this set of 3 extinguishers provides reliable protection and peace of mind.</p>
\n<p data-start=""479"" data-end=""498""><strong data-start=""479"" data-end=""496"">Key Features:</strong></p>
\n
\n<ul data-start=""499"" data-end=""891"">
\n 	<li style=""font-weight: 400;"" aria-level=""1""><b>All Fire extinguishers come with a 6 Year Manufacturer's Warranty.</b></li>
\n 	<li style=""font-weight: 400;"" aria-level=""1""><b>Certification Tag is available and is an extra fee.</b></li>
\n 	<li data-start=""499"" data-end=""580""><strong data-start=""501"" data-end=""530"">Multi-Purpose Protection:</strong> ABC-rated for fighting Class A, B, and C fires.</li>
\n 	<li data-start=""581"" data-end=""663""><strong data-start=""583"" data-end=""608"">Durable Construction:</strong> High-quality materials for long-lasting reliability.</li>
\n 	<li data-start=""664"" data-end=""745""><strong data-start=""666"" data-end=""692"">Compact &amp; Easy to Use:</strong> 5lb size for quick and efficient fire suppression.</li>
\n 	<li data-start=""746"" data-end=""822""><strong data-start=""748"" data-end=""770"">Convenient Bundle:</strong> Comes in a pack of 3 to cover multiple locations.</li>
\n 	<li data-start=""823"" data-end=""891""><strong data-start=""825"" data-end=""843"">Trusted Brand:</strong> Amerex is known for safety and dependability.</li>
\n 	<li style=""font-weight: 400;"" aria-level=""1""><span style=""font-weight: 400;"">Certification tags are required for Commercial / Insurance compliance (Call Tesla Fire office for pricing).</span></li>
\n</ul>",in_stock,27.75,$220.00,$252.00,https://teslafiresystems.com/wp-content/uploads/2025/02/Amerex-B500-5lb-ABC-Dry-Chemical-Class-A-B-C-Fire-Extinguisher-3-Pack.jpg,https://teslafiresystems.com/product/amerex-b500-5lb-abc-dry-chemical-class-a-b-c-fire-extinguisher-3-pack/,Low Prices - Amerex B500 5lb ABC Fire Extinguisher (3-Pack) ? Multi-purpose protection.,B500X3,Amerex,new
1036,B500X2,850026795516,5lb Fire Extinguisher - Amerex B500X ABC Multi-Purpose (2-Pack),"<p data-start=""81"" data-end=""432"">Stay prepared with the Amerex B500 5lb ABC Dry Chemical Fire Extinguisher, designed to tackle Class A (ordinary combustibles), Class B (flammable liquids), and Class C (electrical equipment) fires. This 2-pack provides multi-purpose fire protection with reliable performance and durable construction. Ideal for homes, offices, and commercial spaces.</p>
\n<p data-start=""434"" data-end=""453""><strong data-start=""434"" data-end=""451"">Key Features:</strong></p>
\n
\n<ul data-start=""454"" data-end=""862"">
\n 	<li style=""font-weight: 400;"" aria-level=""1""><b>All Fire extinguishers come with a 6 Year Manufacturer's Warranty.</b></li>
\n 	<li style=""font-weight: 400;"" aria-level=""1""><b>Certification Tag is available and is an extra fee.</b></li>
\n 	<li data-start=""454"" data-end=""522""><strong data-start=""456"" data-end=""482"">ABC Multi-Purpose Use:</strong> Effective on Class A, B, and C fires.</li>
\n 	<li data-start=""523"" data-end=""649""><strong data-start=""525"" data-end=""554"">Specialized Dry Chemical:</strong> Mono ammonium phosphate insulates Class A fires and breaks chain reactions of Class B fires.</li>
\n 	<li data-start=""650"" data-end=""729""><strong data-start=""652"" data-end=""671"">Durable Design:</strong> All-metal valve construction and drawn-steel cylinders.</li>
\n 	<li data-start=""730"" data-end=""789""><strong data-start=""732"" data-end=""754"">Temperature Range:</strong> Operates between -65°F to 120°F.</li>
\n 	<li style=""font-weight: 400;"" aria-level=""1""><span style=""font-weight: 400;"">Certification tags are required for Commercial / Insurance compliance (Call Tesla Fire office for pricing).</span></li>
\n</ul>",in_stock,18.5,$141.00,$170.00,https://teslafiresystems.com/wp-content/uploads/2025/02/Amerex-B500-5lb-ABC-Dry-Chemical-Class-A-B-C-Fire-Extinguisher-2-Pack.jpg,https://teslafiresystems.com/product/amerex-b500-5lb-abc-dry-chemical-class-a-b-c-fire-extinguisher-2-pack/,Low Prices - Amerex B500 5lb ABC Fire Extinguisher (2-Pack) ? Multi-purpose fire protection.,B500X2,Amerex,new
1038,E-FEC-5-1038,7872,"Fire Extinguisher Cover (Window) for 2.5 to 5lb Extinguisher (16"" x 11"")","<p data-start=""80"" data-end=""399"">Protect your fire extinguisher with this durable vinyl cover, designed to fit 2.5lb to 5lb extinguishers. The clear viewing window lets you easily check the charge status without removing the cover. Its water and mildew-resistant material ensures long-lasting protection, making it perfect for indoor and outdoor use.</p>
\n<p data-start=""401"" data-end=""420""><strong data-start=""401"" data-end=""418"">Key Features:</strong></p>
\n
\n<ul data-start=""421"" data-end=""665"">
\n 	<li data-start=""421"" data-end=""479""><strong data-start=""423"" data-end=""448"">Clear Viewing Window:</strong> Quickly check charge status.</li>
\n 	<li data-start=""480"" data-end=""551""><strong data-start=""482"" data-end=""511"">Water &amp; Mildew Resistant:</strong> Durable protection from the elements.</li>
\n 	<li data-start=""552"" data-end=""601""><strong data-start=""554"" data-end=""571"">Elastic Back:</strong> Easy to install and remove.</li>
\n 	<li data-start=""602"" data-end=""665""><strong data-start=""604"" data-end=""622"">Versatile Fit:</strong> Suitable for 2.5lb to 5lb extinguishers.</li>
\n</ul>",in_stock,1.2,,$38.55,https://teslafiresystems.com/wp-content/uploads/2025/02/Fire-Extinguisher-Cover-Window-for-2.5-to-5lb-Extinguisher-16-x-11.jpg,https://teslafiresystems.com/product/fire-extinguisher-cover-window-for-2-5-to-5lb-extinguisher/,,E-FEC-5,TESLA FIRE SYSTEMS,new
1044,AWM114,114,Aluminum 8X12 Double Sided FIRE Extinguisher Sign,"<p data-start=""57"" data-end=""347"">Clearly mark the location of fire extinguishers with this durable, double-sided sign from Tesla Fire Products. Made of aluminum, this sign projects off the wall for maximum visibility, ensuring quick access during emergencies. Perfect for commercial buildings, offices, and public spaces.</p>
\n<p data-start=""349"" data-end=""368""><strong data-start=""349"" data-end=""366"">Key Features:</strong></p>
\n
\n<ul data-start=""369"" data-end=""616"">
\n 	<li data-start=""369"" data-end=""427""><strong data-start=""371"" data-end=""395"">Double-Sided Design:</strong> Visible from multiple angles.</li>
\n 	<li data-start=""428"" data-end=""502""><strong data-start=""430"" data-end=""464"">Durable Aluminum Construction:</strong> Long-lasting and resistant to wear.</li>
\n 	<li data-start=""503"" data-end=""563""><strong data-start=""505"" data-end=""525"">Wall Projection:</strong> Stands out for easy identification.</li>
\n 	<li data-start=""564"" data-end=""616""><strong data-start=""566"" data-end=""575"">Size:</strong> 8"" x 12"" – ideal for various settings.</li>
\n</ul>",in_stock,1.2,,$35.00,https://teslafiresystems.com/wp-content/uploads/2025/02/Double-Sided-Fire-Extinguisher-Sign.png,https://teslafiresystems.com/product/aluminum-8x12-double-sided-fire-extinguisher-sign/,,AWM114,TESLA FIRE SYSTEMS,
1050,00456-P-1050,802,Amerex Wall Bracket - 10lb ABC,"<p data-start=""86"" data-end=""322"">Securely mount your fire extinguisher with this universal wall hook designed for 10 to 15 lb. extinguishers (refers to chemical weight). Made by the original extinguisher manufacturer, these brackets ensure reliability and durability.</p>
\n<p data-start=""324"" data-end=""343""><strong data-start=""324"" data-end=""341"">Key Features:</strong></p>
\n
\n<ul data-start=""344"" data-end=""659"">
\n 	<li data-start=""344"" data-end=""434""><strong data-start=""346"" data-end=""364"">Compatibility:</strong> Fits 10 to 15 lb. extinguishers (chemical weight, not total weight)</li>
\n 	<li data-start=""435"" data-end=""531""><strong data-start=""437"" data-end=""459"">Quality Assurance:</strong> Made by the original extinguisher manufacturer – not imitation copies</li>
\n 	<li data-start=""532"" data-end=""603""><strong data-start=""534"" data-end=""551"">Complete Kit:</strong> Includes screws and washers for easy installation</li>
\n 	<li data-start=""604"" data-end=""659""><strong data-start=""606"" data-end=""623"">Availability:</strong> Always in stock for fast shipping</li>
\n</ul>",in_stock,1.2,,$10.00,https://teslafiresystems.com/wp-content/uploads/2025/02/universal-fire-extinguisher-bracket-wall-hook-10-15lb.jpg,https://teslafiresystems.com/product/fire-extinguisher-bracket-wall-mount-hanger-universal-for-10-to-15-lb-extinguisher-with-screws-and-washers/,,00456-P,Amerex,new
1052,UBRK-1052,25,2.5lb Universal Quick Release Vehicle Bracket,"<p data-start=""59"" data-end=""222"">Secure your 2.5lb fire extinguisher safely in your vehicle with this durable spring clip bracket. Designed for easy installation and quick access in emergencies.</p>
\n<p data-start=""224"" data-end=""243""><strong data-start=""224"" data-end=""241"">Key Features:</strong></p>
\n
\n<ul data-start=""244"" data-end=""537"">
\n 	<li data-start=""244"" data-end=""296""><strong data-start=""246"" data-end=""264"">Compatibility:</strong> Fits 2.5lb fire extinguishers</li>
\n 	<li data-start=""297"" data-end=""374""><strong data-start=""299"" data-end=""318"">Durable Design:</strong> Securely holds the extinguisher even on rough terrain</li>
\n 	<li data-start=""375"" data-end=""457""><strong data-start=""377"" data-end=""393"">Easy Access:</strong> Quick-release spring clip for fast removal during emergencies</li>
\n 	<li data-start=""458"" data-end=""537""><strong data-start=""460"" data-end=""478"">Versatile Use:</strong> Ideal for vehicles, boats, and other mobile applications</li>
\n</ul>",in_stock,1.2,,$33.99,https://teslafiresystems.com/wp-content/uploads/2025/02/2.5lb-Fire-Extinguisher-Spring-Clip-Vehicle-Bracket.jpg,https://teslafiresystems.com/product/2-5lb-fire-extinguisher-spring-clip-vehicle-bracket/,,25BRK,TESLA FIRE SYSTEMS,new
1054,5BRK-1054,990312860389,5Lb Universal Quick Release Vehicle Bracket,"<p data-start=""57"" data-end=""255"">Keep your 5lb fire extinguisher secure and easily accessible with this spring-loaded vehicle bracket from Tesla Fire Products. Designed for quick installation and rapid release during emergencies.</p>
\n<p data-start=""257"" data-end=""276""><strong data-start=""257"" data-end=""274"">Key Features:</strong></p>
\n
\n<ul data-start=""277"" data-end=""553"">
\n 	<li data-start=""277"" data-end=""327""><strong data-start=""279"" data-end=""297"">Compatibility:</strong> Fits 5lb fire extinguishers</li>
\n 	<li data-start=""328"" data-end=""394""><strong data-start=""330"" data-end=""355"">Spring-Loaded Design:</strong> Ensures secure hold and quick access</li>
\n 	<li data-start=""395"" data-end=""473""><strong data-start=""397"" data-end=""422"">Durable Construction:</strong> Built to withstand rough terrains and vibrations</li>
\n 	<li data-start=""474"" data-end=""553""><strong data-start=""476"" data-end=""494"">Versatile Use:</strong> Ideal for vehicles, boats, and other mobile applications</li>
\n</ul>",in_stock,1.2,,$33.99,https://teslafiresystems.com/wp-content/uploads/2025/02/2.5lb-Fire-Extinguisher-Spring-Clip-Vehicle-Bracket.jpg,https://teslafiresystems.com/product/5lb-fire-extinguisher-spring-clip-vehicle-bracket/,,5BRK,TESLA FIRE SYSTEMS,new
1056,RTI-1,778346004593,Remote Trouble Indicator RTI-1,"<p data-start=""38"" data-end=""264"">Ensure safety with the Mircom RTI-1 Remote Trouble Indicator. Designed for reliable remote annunciation of fire alarm troubles, it provides both visual and audible alerts. Perfect for commercial and residential applications.</p>
\n<p data-start=""266"" data-end=""285""><strong data-start=""266"" data-end=""283"">Key Features:</strong></p>
\n
\n<ul data-start=""286"" data-end=""572"">
\n 	<li data-start=""286"" data-end=""356""><strong data-start=""288"" data-end=""306"">Compatibility:</strong> Works with all Mircom fire alarm control panels</li>
\n 	<li data-start=""357"" data-end=""433""><strong data-start=""359"" data-end=""381"">Easy Installation:</strong> Mounts onto a standard single gang electrical box</li>
\n 	<li data-start=""434"" data-end=""509""><strong data-start=""436"" data-end=""459"">Loud Audible Alert:</strong> Ensures trouble notifications are heard clearly</li>
\n 	<li data-start=""510"" data-end=""572""><strong data-start=""512"" data-end=""532"">UL &amp; ULC Listed:</strong> Meets safety and compliance standards</li>
\n</ul>",in_stock,1.2,,$175.00,https://teslafiresystems.com/wp-content/uploads/2025/02/Remote-Trouble-Indicator-RTI-1.jpg,https://teslafiresystems.com/product/remote-trouble-indicator-rti-1/,,RTI-1,Mircom,new
1058,D4120-1058,636836973722,System Sensor D4120 4-Wire Photoelectric Duct Smoke Detector,"<p data-start=""699"" data-end=""769"">Reliable HVAC Smoke Detection for Commercial &amp; Industrial Applications</p>
\n<p data-start=""771"" data-end=""1068"">The <strong data-start=""775"" data-end=""818"">System Sensor D4120 Duct Smoke Detector</strong> is engineered to detect smoke within HVAC duct systems, helping prevent the circulation of smoke throughout a building. Designed for 4-wire systems, this unit integrates seamlessly into commercial fire alarm systems and building automation controls.</p>
\n<p data-start=""1070"" data-end=""1249"">Ideal for compliance with NFPA and local fire code requirements, the D4120 provides early detection within air handling systems to help protect occupants, equipment, and property.</p>
\n
\n<h4 data-start=""1256"" data-end=""1274"">🚨 Key Features</h4>
\n<ul>
\n 	<li data-start=""1278"" data-end=""1306"">4-Wire Duct Smoke Detector</li>
\n 	<li data-start=""1309"" data-end=""1369"">Compatible with System Sensor plug-in smoke detector heads</li>
\n 	<li data-start=""1372"" data-end=""1412"">Clear cover for easy visual inspection</li>
\n 	<li data-start=""1415"" data-end=""1443"">Built-in test/reset switch</li>
\n 	<li data-start=""1446"" data-end=""1470"">Magnet test capability</li>
\n 	<li data-start=""1473"" data-end=""1496"">LED status indicators</li>
\n 	<li data-start=""1499"" data-end=""1542"">Low-flow and high-flow duct compatibility</li>
\n 	<li data-start=""1545"" data-end=""1583"">Designed for commercial HVAC systems</li>
\n</ul>
\n<h4 data-start=""1590"" data-end=""1608"">🏢 Designed For</h4>
\n<ul>
\n 	<li data-start=""1612"" data-end=""1641"">Commercial office buildings</li>
\n 	<li data-start=""1644"" data-end=""1667"">Industrial facilities</li>
\n 	<li data-start=""1670"" data-end=""1699"">Multi-residential buildings</li>
\n 	<li data-start=""1702"" data-end=""1737"">Hospitals &amp; healthcare facilities</li>
\n 	<li data-start=""1740"" data-end=""1764"">Schools &amp; institutions</li>
\n 	<li data-start=""1767"" data-end=""1802"">Warehouses &amp; distribution centers</li>
\n</ul>",in_stock,3.5,,$245.00,https://teslafiresystems.com/wp-content/uploads/2025/02/Duct-Detector-1.jpg,https://teslafiresystems.com/product/system-sensor-d4120-innovairflex-4-wire-photoelectric-duct-smoke-detector/,,D4120,System Sensor,new
1064,01521-1064,801,Amerex Wall Bracket - 2.5lb / 5lb ABC,"<p data-start=""68"" data-end=""190"">Secure your 5 lb. fire extinguisher with this universal wall hook. Includes free screw and washer for easy installation.</p>
\n<p data-start=""192"" data-end=""211""><strong data-start=""192"" data-end=""209"">Key Features:</strong></p>
\n
\n<ul data-start=""212"" data-end=""467"">
\n 	<li data-start=""212"" data-end=""267""><strong data-start=""214"" data-end=""235"">Universal Design:</strong> Fits 5 lb. fire extinguishers</li>
\n 	<li data-start=""268"" data-end=""329""><strong data-start=""270"" data-end=""292"">Easy Installation:</strong> Comes with a free screw and washer</li>
\n 	<li data-start=""330"" data-end=""418""><strong data-start=""332"" data-end=""358"">High-Quality Material:</strong> Made by the extinguisher manufacturer, not stamped copies</li>
\n 	<li data-start=""419"" data-end=""467""><strong data-start=""421"" data-end=""441"">Always in Stock:</strong> Ready for fast shipping</li>
\n</ul>",in_stock,1.2,,$10.00,https://teslafiresystems.com/wp-content/uploads/2025/02/4-Pack-Universal-Fire-Extinguisher-Wall-Hook-Mount-Bracket-Hanger-for-5-Lb.-Extinguisher-Free-Screws-WASHERS-Included.jpg,https://teslafiresystems.com/product/universal-fire-extinguisher-wall-hook-mount-bracket-hanger-for-5-lb-extinguisher-free-screw-washer-included/,,1521,Amerex,new
1065,01521-P001-1065,853,Amerex Wall Bracket - 2.5lb/5lb ABC,"<p data-start=""68"" data-end=""205"">Securely mount your 2.5-5 lb fire extinguisher with this fork style wall bracket. Compatible with Amerex models with a fork style neck.</p>
\n<p data-start=""207"" data-end=""226""><strong data-start=""207"" data-end=""224"">Key Features:</strong></p>
\n
\n<ul data-start=""227"" data-end=""489"">
\n 	<li data-start=""227"" data-end=""300""><strong data-start=""229"" data-end=""251"">Fork Style Design:</strong> Fits fire extinguishers with a fork style neck</li>
\n 	<li data-start=""301"" data-end=""373""><strong data-start=""303"" data-end=""325"">Compatible Models:</strong> Works with most Amerex 2.5-5 lb extinguishers</li>
\n 	<li data-start=""374"" data-end=""436""><strong data-start=""376"" data-end=""401"">Durable Construction:</strong> Ensures safe and secure mounting</li>
\n 	<li data-start=""437"" data-end=""489""><strong data-start=""439"" data-end=""461"">Easy Installation:</strong> Mounts easily to the wall</li>
\n</ul>",in_stock,1.2,,$10.00,https://teslafiresystems.com/wp-content/uploads/2025/02/Fork-Style-Wall-Mount-Bracket-–-Fits-2.5-5-lb-Amerex-fire-extinguishers-with-fork-style-neck.-Durable-and-easy-to-install.jpg,https://teslafiresystems.com/product/fork-style-wall-mount-bracket-for-2-5-5-lb-fire-extinguisher/,,01521-P001,Amerex,new
1067,00577-P001-1067,803,Amerex Wall Bracket - 20lb ABC,"<p data-start=""58"" data-end=""210"">Securely mount your 15-20 lb fire extinguisher with this universal wall hook. Designed to hold the chemical weight, not the total extinguisher weight.</p>
\n<p data-start=""212"" data-end=""231""><strong data-start=""212"" data-end=""229"">Key Features:</strong></p>
\n
\n<ul data-start=""232"" data-end=""510"">
\n 	<li data-start=""232"" data-end=""290""><strong data-start=""234"" data-end=""255"">Universal Design:</strong> Fits 15-20 lb fire extinguishers</li>
\n 	<li data-start=""291"" data-end=""353""><strong data-start=""293"" data-end=""318"">Durable Construction:</strong> Ensures safe and secure mounting</li>
\n 	<li data-start=""354"" data-end=""424""><strong data-start=""356"" data-end=""378"">Easy Installation:</strong> Includes necessary hardware for quick setup</li>
\n 	<li data-start=""425"" data-end=""510""><strong data-start=""427"" data-end=""448"">Reliable Support:</strong> Made for extinguishers weighing 15-20 lbs (chemical weight)</li>
\n</ul>",in_stock,1.2,,$10.00,https://teslafiresystems.com/wp-content/uploads/2025/02/Universal-Fire-Extinguisher-Bracket-–-Wall-Hook-for-10-to-15-lb.-Extinguishers.jpg,https://teslafiresystems.com/product/universal-fire-extinguisher-wall-hook-mount-bracket-hanger-for-15-to-20-lb-extinguisher/,,00577-P001,Amerex,new
1070,EFEC20EL-1070,7873,Fire Extinguisher Cover (With Window) – Fits 10 to 20 lb Extinguishers Medium 25 x 16 1/2,"<p data-start=""78"" data-end=""335"">Protect your fire extinguisher from dust, moisture, and mildew with this durable, water-resistant cover. Designed for 10 to 20 lb extinguishers, its bright red color ensures high visibility, while the clear window allows quick checks of the charge status.</p>
\n<p data-start=""337"" data-end=""356""><strong>Key Features:</strong></p>
\n
\n<ul data-start=""357"" data-end=""776"">
\n 	<li data-start=""357"" data-end=""430""><strong data-start=""359"" data-end=""382"">Durable Protection:</strong> Water-resistant and mildew-resistant material</li>
\n 	<li data-start=""431"" data-end=""518""><strong data-start=""433"" data-end=""458"">Clear Viewing Window:</strong> Easily check the charge status without removing the cover</li>
\n 	<li data-start=""519"" data-end=""599""><strong data-start=""521"" data-end=""541"">High Visibility:</strong> Bright red color for easy identification in emergencies</li>
\n 	<li data-start=""600"" data-end=""681""><strong data-start=""602"" data-end=""620"">Universal Fit:</strong> Medium size (25"" x 16 1/2"") fits 10 to 20 lb extinguishers</li>
\n 	<li data-start=""682"" data-end=""776""><strong data-start=""684"" data-end=""706"">Weather Resistant:</strong> Ideal for indoor and outdoor use, protecting from dust and elements</li>
\n</ul>
\n<p data-start=""778"" data-end=""937"" data-is-last-node=""""></p>",in_stock,1.2,,$69.15,https://teslafiresystems.com/wp-content/uploads/2025/02/20lb-FX-Cover-with-Window.png,https://teslafiresystems.com/product/fire-extinguisher-cover-with-window-fits-10-to-20-lb-extinguishers-medium-25-x-16-1-2/,,EFEC20EL,TESLA FIRE SYSTEMS,new
1072,FB64PC-1072,6072,Fiber Glass Fire Blanket (1m x 1m),"<p data-start=""50"" data-end=""244"">Ensure safety in emergencies with this high-quality fire blanket made from 100% fiberglass. It withstands temperatures up to 550°C (1022°F) and meets CE standards for reliable fire protection.</p>
\n<p data-start=""246"" data-end=""265""><strong>Key Features:</strong></p>
\n
\n<ul data-start=""266"" data-end=""634"">
\n 	<li data-start=""266"" data-end=""330""><strong data-start=""268"" data-end=""281"">Material:</strong> Made of 100% fiberglass for maximum durability</li>
\n 	<li data-start=""331"" data-end=""399""><strong data-start=""333"" data-end=""365"">High Temperature Resistance:</strong> Withstands up to 550°C (1022°F)</li>
\n 	<li data-start=""400"" data-end=""461""><strong data-start=""402"" data-end=""424"">Safety Compliance:</strong> Meets CE standards for fire safety</li>
\n 	<li data-start=""462"" data-end=""548""><strong data-start=""464"" data-end=""482"">Versatile Use:</strong> Ideal for kitchens, workshops, grills, and emergency situations</li>
\n 	<li data-start=""549"" data-end=""634""><strong data-start=""551"" data-end=""567"">Easy to Use:</strong> Quickly smothers small fires or wraps around a person for safety</li>
\n</ul>",in_stock,1.2,$20.00,$25.00,https://teslafiresystems.com/wp-content/uploads/2025/02/Fire-Blanket-1m-x-1m.jpg,https://teslafiresystems.com/product/glass-fiber-fire-blanket-2/,,FB64PC,TESLA FIRE SYSTEMS,new
1073,2S30,788,"2 STAGE ALARM PULL STATION LABEL - ""DO NOT USE ELEVATOR""","<p data-start=""59"" data-end=""260"">Ensure safety and compliance with this clear and durable ""In Case of Fire"" 2 stage alarm sign. Designed for use near elevators, it provides essential safety instructions in emergency situations. To be applied above fire alarm pull station.</p>
\n<p data-start=""262"" data-end=""281""><strong>Key Features:</strong></p>
\n
\n<ul data-start=""282"" data-end=""655"">
\n 	<li data-start=""282"" data-end=""356""><strong data-start=""284"" data-end=""307"">Clear Instructions:</strong> Clearly indicates single-stage alarm procedure</li>
\n 	<li data-start=""357"" data-end=""435""><strong data-start=""359"" data-end=""388"">Elevator Safety Reminder:</strong> Instructs not to use elevators during a fire</li>
\n 	<li data-start=""436"" data-end=""508""><strong data-start=""438"" data-end=""459"">Durable Material:</strong> Made from high-quality, long-lasting materials</li>
\n 	<li data-start=""509"" data-end=""572""><strong data-start=""511"" data-end=""533"">Easy Installation:</strong> Sticker</li>
\n 	<li data-start=""573"" data-end=""655""><strong data-start=""575"" data-end=""594"">Highly Visible:</strong> Bold lettering and contrasting colors for easy readability</li>
\n</ul>",in_stock,1.2,,$5.00,https://teslafiresystems.com/wp-content/uploads/2025/02/Tesla-Signs-1-2-Stage-Pull-Station-Do-not-use-elevator.png,https://teslafiresystems.com/product/in-case-of-fire-single-stage-alarm-sign-w-elevator/,,2S30,TESLA FIRE SYSTEMS,new
1075,S10,683,"SINGLE STAGE ALARM PULL STATION LABEL - ""DO NOT USE ELEVATOR""","<p data-start=""62"" data-end=""281"">Ensure safety and compliance with this clear and durable ""In Case of Fire"" single-stage alarm sign. Designed to provide essential safety instructions, it clearly states that elevators should not be used during a fire. To be applied above pull stations.</p>
\n<p data-start=""283"" data-end=""302""><strong>Key Features:</strong></p>
\n
\n<ul data-start=""303"" data-end=""672"">
\n 	<li data-start=""303"" data-end=""377""><strong data-start=""305"" data-end=""328"">Clear Instructions:</strong> Clearly indicates single-stage alarm procedure</li>
\n 	<li data-start=""378"" data-end=""452""><strong data-start=""380"" data-end=""405"">No Elevator Reminder:</strong> Instructs not to use elevators during a fire</li>
\n 	<li data-start=""453"" data-end=""525""><strong data-start=""455"" data-end=""476"">Durable Material:</strong> Made from high-quality, long-lasting materials</li>
\n 	<li data-start=""526"" data-end=""589""><strong data-start=""528"" data-end=""550"">Easy Installation:</strong> Sticker</li>
\n 	<li data-start=""590"" data-end=""672""><strong data-start=""592"" data-end=""611"">Highly Visible:</strong> Bold lettering and contrasting colors for easy readability</li>
\n</ul>",in_stock,1,$5.00,$10.00,https://teslafiresystems.com/wp-content/uploads/2025/02/Tesla-Signs-3-Pull-Station-Do-not-use-Elevator-.png,https://teslafiresystems.com/product/in-case-of-fire-single-stage-alarm-sign-no-elevator/,,S10,TESLA FIRE SYSTEMS,new
1152,21032773,0-47871-32773-7,Kidde DETECT - 120V Photoelectric Smoke + Carbon Monoxide Alarm w/AA Backup Battery (30CUAR-VCA) - Batteries Included,"This alarm offers cutting edge technology that sends fast alerts to give your family more time to get out safely and enhanced sensing technology reduces false alarms often caused by cooking.
\n<ul>
\n 	<li><strong>2 AA Replaceable Batteries:</strong> Provide power even during short-term power outages for extra peace of mind.</li>
\n 	<li><strong>Double the Detection:</strong> Alerts you to both smoke &amp; carbon monoxide (CO) using a single, cost-effective device.</li>
\n 	<li><strong>Fast Alerts:</strong> Cutting edge technology gives ample time to get out safely.</li>
\n</ul>
\n<div class=""card-title h3 animate-content"">
\n
\n<strong>VOICE ALERTS</strong>
\n
\n</div>
\n<div class=""card-text animate-content"">
\n
\nCrystal-clear voice alerts tell you exactly why your alarm is sounding so you can react quickly.
\n<div class=""card-title h3 animate-content"">
\n
\n<strong>INTERCONNECTED ALARMS</strong>
\n
\n</div>
\n<div class=""card-text animate-content"">
\n
\nWhen one alarm sounds, they all sound, so you never miss an emergency and can get out faster.
\n
\n</div>
\n<div class=""card-title h3 animate-content"">
\n
\n<strong>REDUCED NUISANCE ALARMS</strong>
\n
\n</div>
\n<div class=""card-text animate-content"">
\n
\nReduces false alarms often caused by cooking.
\n
\n</div>
\n</div>",in_stock,1.2,$63.99,$76.40,https://teslafiresystems.com/wp-content/uploads/2025/02/kidde-DETECT-120V-Smoke-CO-AA-1.jpg,https://teslafiresystems.com/product/kidde-detect-120v-photoelectric-smoke-carbon-monoxide-alarm-w-aa-backup-battery-30cuar-vca-batteries-included/,,21032773,Kidde,new
1233,NLRP109,14801,"Aluminum Fire Extinguisher Sign - (4"" x 18"")","The aluminum Fire Extinguisher is a durable, high-quality metal sign designed to clearly mark fire extinguisher locations. Its sturdy construction ensures long-lasting performance in various environments, providing reliable safety signage for easy identification in emergencies.",in_stock,1.2,,$31.45,https://teslafiresystems.com/wp-content/uploads/2025/02/Aluminum-Fire-Extinguisher-Sign-4-x-18.png,https://teslafiresystems.com/product/aluminum-fire-extinguisher-sign-4-x-18/,,NLRP109,TESLA FIRE SYSTEMS,
1252,21031559,0-47841-31559-8,Kidde DETECT - 120V Photoelectric Smoke Alarm w/ 10 Year Backup Battery (20SA10-CA),"This alarm offers cutting edge technology that sends fast alerts to give your family more time to get out safely and enhanced sensing technology reduces false alarms often caused by cooking.
\n<ul>
\n 	<li><strong>Hardwired Alarm with Worry-Free 10-Year Backup Battery:</strong> No battery changes for 10 years.† Avoids inconvenient battery replacements and saves up to $40 over the life of the device.</li>
\n 	<li><strong>Fast Alerts:</strong> Cutting edge technology gives ample time to get out safely.</li>
\n 	<li><strong>Interconnected Alarms▲:</strong> When one alarm sounds, they all sound, so you never miss an emergency and can get out faster.</li>
\n</ul>
\n<div class=""card-title h3 animate-content"">
\n
\n<strong>NO LOW BATTERY CHIRPS</strong>
\n
\n</div>
\n<div class=""card-text animate-content"">
\n
\nThis alarm beeps to remind you it’s time to replace it 10 years after it is powered.
\n
\n</div>
\n<div class=""card-title h3 animate-content"">
\n
\n<strong>INTERCONNECTED ALARMS</strong>
\n
\n</div>
\n<div class=""card-text animate-content"">
\n
\nWhen one alarm sounds, they all sound, so you never miss an emergency and can get out faster.
\n<div class=""card-title h3 animate-content"">
\n
\n<strong>REDUCED NUISANCE ALARMS</strong>
\n
\n</div>
\n<div class=""card-text animate-content"">
\n
\nReduces false alarms often caused by cooking.
\n
\n</div>
\n</div>",in_stock,1.2,$56.15,$78.62,https://teslafiresystems.com/wp-content/uploads/2025/02/Kidde-DETECT-120V-Photoelectric-Smoke-Alarm-20SA10-CA-1-scaled.webp,https://teslafiresystems.com/product/kidde-detect-120v-photoelectric-smoke-alarm-w-10-year-backup-battery-20sa10-ca/,,21031559,Kidde,new
1382,BL-10B - 24VDC-1382,778346000618,"Mircom BL-10B - 24VDC 10"" Fire Alarm Bell","The Mircom 10-Inch Motorized Steel Bell (BL-10B) is a durable and reliable alarm signaling device, perfect for various fire and security applications. Built with high-quality steel and designed for long-lasting performance, it comes exclusively in a vibrant red finish for easy visibility.
\n
\n<strong>Key Features:</strong>
\n<ul>
\n 	<li><strong>Motorized Bell:</strong> Delivers clear and powerful signaling for emergencies.</li>
\n 	<li><strong>Durable Construction:</strong> Made of robust steel for reliability in demanding environments.</li>
\n 	<li><strong>Versatile Accessories:</strong> Compatible with the BB-206WP Weatherproof Backbox for outdoor use and the MP-101 Universal Mounting Plate for flexible installation.</li>
\n 	<li><strong>Additional Options:</strong> The BL-6B offers a larger 10” bell alternative.</li>
\n 	<li><strong>Red Finish:</strong> Standard color ensures high visibility and compliance.</li>
\n</ul>
\nIdeal for both indoor and outdoor installations, the Mircom 10-Inch Bell is an essential component of any effective alarm system.",in_stock,2,,$75.00,https://teslafiresystems.com/wp-content/uploads/2025/03/Untitled-design-3.jpeg,https://teslafiresystems.com/product/mircom-bl-10b-24vdc-10-fire-alarm-bell/,,BL-10B - 24VDC,Mircom,new
1386,MH-25R-1386,,Mircom MH-25R - Mini Horn (Red),"Mircom’s MH-25 Series mini horns are compact electronic alarm appliances that are ideal for alarm signaling in individual rooms, apartments, hotels and offices where attractive appearance and dependable performance are prime concerns.
\n
\n&nbsp;
\n
\nFeatures
\n• High sound output for enhanced audibility (over 89dBA at
\n10 feet) @ 24VDC
\n• “Silence” push button and red LED to indicate“active signal
\ncircuit” on MH-S25 versions
\n• 24 VDC models with wide listed voltage range,filtered DC
\n(Non Silenceable only)
\n• Polarized inputs for compatibility with standardreverse
\npolarity supervision of circuit wiring by analarm panel
\n• Mounts into standard single gang box
\n• Flush or surface mounting options
\n• Compatible with sensitive detection and communication
\ncircuits
\n• Available in red or off-white finish",in_stock,1.2,,$35.00,https://teslafiresystems.com/wp-content/uploads/2025/03/Mini-Horn-Red.jpg,https://teslafiresystems.com/product/mircom-mh-25r-mini-horn-red/,,MH-25R,Mircom,new
1388,MH-S25WA-388,,Mircom MH-S25WA - Sileanceable Mini Horn (White),"Mircom’s MH-25 Series mini horns are compact electronic alarm appliances that are ideal for alarm signalling in individual rooms, apartments, hotels and offices where attractive appearance and dependable performance are prime concerns.
\n
\nThe MH-S25 versions are silenceable mini horns equipped
\nwith a “Silence” push button and a red LED to indicate “active
\nsignal circuit” when lit. The push button allows the user to
\nsilence the mini-horn for a maximum of 10 minutes upon which
\nthe mini-horn will sound again until the signal circuit is inactive
\nor the mini horn is silenced again or the fire alarm panel is
\nreset. Upon the fire alarm being reset, it takes approximately
\n25 seconds for the MH-S25 Mini-Horns to reset",in_stock,1.2,,$45.00,https://teslafiresystems.com/wp-content/uploads/2025/03/Mini-Horn-w-Silence.jpg,https://teslafiresystems.com/product/mircom-mh-s25wa-sileanceable-mini-horn-white/,,MH-S25WA,Mircom,new
1391,MH-S25RA,,Mircom MH-S25RA - Sileanceable Mini Horn (Red),"Mircom’s MH-25 Series mini horns are compact electronic alarm appliances that are ideal for alarm signalling in individual rooms, apartments, hotels and offices where attractive appearance and dependable performance are prime concerns.
\n
\nThe MH-S25 versions are silenceable mini horns equipped
\nwith a “Silence” push button and a red LED to indicate “active
\nsignal circuit” when lit. The push button allows the user to
\nsilence the mini-horn for a maximum of 10 minutes upon which
\nthe mini-horn will sound again until the signal circuit is inactive
\nor the mini horn is silenced again or the fire alarm panel is
\nreset. Upon the fire alarm being reset, it takes approximately
\n25 seconds for the MH-S25 Mini-Horns to reset",in_stock,1.2,,$45.00,https://teslafiresystems.com/wp-content/uploads/2025/03/Mini-Horn-w-Silence-Red.jpg,https://teslafiresystems.com/product/mircom-mh-s25ra-sileanceable-mini-horn-red/,,MH-S25RA,Mircom,new
1397,FH-400-RR-1397,,Mircom FH-400-RR - Wall/Ceiling Mount Horn (Red),"MGC’s FH-400 Horns offer an audible solution that deliver exceptional energy efficiency in a compact design. The lower current draw  allows for more devices on a NAC circuit while reducing the number of external power supplies required.
\n<h2><strong>Features:</strong></h2>
\n<ul>
\n 	<li>Compact Design</li>
\n 	<li>Multiple field-selectable audible settings
\n<ul>
\n 	<li>Temporal, Continuous, March Time and 20 BPM</li>
\n 	<li>High and Low volume</li>
\n</ul>
\n</li>
\n 	<li>Device settings are located on the back of the unit to prevent tampering</li>
\n 	<li>Enhance emergency communication with white models featuring “Alert” labels.</li>
\n 	<li>Wall &amp; Ceiling Mount</li>
\n 	<li>Includes shorting clip that allows installers to test the wiring before the device is installed</li>
\n 	<li>Mount to MGC BB-400 surface mount back box, single gang, 4-inch square, double gang, octagon and 4-inch junction boxes</li>
\n 	<li>All units include universal mounting plate.</li>
\n 	<li>Red or white finish</li>
\n 	<li>Supports 12 to 22 AWG</li>
\n 	<li>For indoor applications</li>
\n</ul>",in_stock,2,,$85.00,https://teslafiresystems.com/wp-content/uploads/2025/03/4-Inch-Horn-Red.jpg,https://teslafiresystems.com/product/mircom-fh-400-rr-wall-ceiling-mount-horn-red/,,,,
1399,FS-400-WW,808233242521,Mircom FS-400-WW - Wall Mount Strobe (White),"Utilizing advanced LED technology, the FS-400 strobes provide a lower current draw which allows for more devices on a NAC circuit while reducing the number of external power supplies required.
\n<h2><strong>Features:</strong></h2>
\n<ul>
\n 	<li>Compact Design</li>
\n 	<li>Advanced LED technology provides superior current draw performance</li>
\n 	<li>Standard and High candela settings in one unit to meet virtually any application
\n<ul>
\n 	<li>15, 15/75, 30, 75, 110, 185 cd</li>
\n</ul>
\n</li>
\n 	<li>Device settings are located on the back of the unit to prevent tampering</li>
\n 	<li>Enhance emergency communication with white models featuring “Alert” labels.</li>
\n 	<li>Can be synchronized using a FACP with the MGC protocol or the MIX-4050 synchronization module.</li>
\n 	<li>Wall mount Only</li>
\n 	<li>Includes shorting clip that allows installers to test the wiring before the device is installed</li>
\n 	<li>Mount to MGC BB-400 surface mount back box, single gang, 4-inch square, double gang, octagon and 4-inch junction boxes</li>
\n 	<li>All units include universal mounting plate.</li>
\n 	<li>Red or white finish</li>
\n 	<li>Supports 12 to 22 AWG</li>
\n 	<li>For indoor applications</li>
\n</ul>",in_stock,1.2,,$85.00,https://teslafiresystems.com/wp-content/uploads/2025/03/4-inch-strobe-white.png,https://teslafiresystems.com/product/mircom-fs-400-ww-wall-mount-strobe-white/,,FS-400-WW,MIRCOM,new
1401,FS400-RR,808221140631,Mircom FS-400-RR - Wall Mount Strobe (Red),"Utilizing advanced LED technology, the FS-400 strobes provide a lower current draw which allows for more devices on a NAC circuit while reducing the number of external power supplies required.
\n<h2><strong>Features:</strong></h2>
\n<ul>
\n 	<li>Compact Design</li>
\n 	<li>Advanced LED technology provides superior current draw performance</li>
\n 	<li>Standard and High candela settings in one unit to meet virtually any application
\n<ul>
\n 	<li>15, 15/75, 30, 75, 110, 185 cd</li>
\n</ul>
\n</li>
\n 	<li>Device settings are located on the back of the unit to prevent tampering</li>
\n 	<li>Enhance emergency communication with white models featuring “Alert” labels.</li>
\n 	<li>Can be synchronized using a FACP with the MGC protocol or the MIX-4050 synchronization module.</li>
\n 	<li>Wall mount Only</li>
\n 	<li>Includes shorting clip that allows installers to test the wiring before the device is installed</li>
\n 	<li>Mount to MGC BB-400 surface mount back box, single gang, 4-inch square, double gang, octagon and 4-inch junction boxes</li>
\n 	<li>All units include universal mounting plate.</li>
\n 	<li>Red or white finish</li>
\n 	<li>Supports 12 to 22 AWG</li>
\n 	<li>For indoor applications</li>
\n</ul>",in_stock,1.2,,$85.00,https://teslafiresystems.com/wp-content/uploads/2025/03/4-inch-strobe-red.jpg,https://teslafiresystems.com/product/mircom-fs-400-rr-wall-mount-strobe-red/,,FH-400-RR,Mircom,new
1406,FHS-400-RR,808221191985,Mircom FHS-400-RR - Wall Mount LED Horn/Strobe (Red),"Utilizing advanced LED technology, the FHS-400 Horn/Strobes provide a lower current draw which allows for more devices on a NAC circuit while reducing the number of external power supplies required.
\n<h2><strong>Features:</strong></h2>
\n<ul>
\n 	<li>Compact Design</li>
\n 	<li>Advanced LED technology provides superior current draw performance</li>
\n 	<li>Standard and High candela settings in one unit to meet virtually any application
\n<ul>
\n 	<li>15, 15/75, 30, 75, 110, 185 cd</li>
\n</ul>
\n</li>
\n 	<li>Multiple field-selectable audible settings
\n<ul>
\n 	<li>Temporal, Continuous, March Time and 20 BPM</li>
\n 	<li>High and Low volume</li>
\n</ul>
\n</li>
\n 	<li>Device settings are located on the back of the unit to prevent tampering</li>
\n 	<li>Enhance emergency communication with white models featuring “Alert” labels.</li>
\n 	<li>Can be synchronized using a FACP with the MGC protocol or the MIX-4050 synchronization module.</li>
\n 	<li>Wall mount Only</li>
\n 	<li>Includes shorting clip that allows installers to test the wiring before the device is installed</li>
\n 	<li>Mount to MGC BB-400 surface mount back box, single gang, 4-inch square, double gang, octagon and 4-inch junction boxes</li>
\n 	<li>All units include universal mounting plate.</li>
\n 	<li>Red or white finish</li>
\n 	<li>Supports 12 to 22 AWG</li>
\n 	<li>For indoor applications</li>
\n</ul>",in_stock,1.2,,$120.00,https://teslafiresystems.com/wp-content/uploads/2025/03/FHS400RR.png,https://teslafiresystems.com/product/mircom-fhs-400-rr-wall-mount-led-horn-strobe-red/,,FHS-400-RR,MIRCOM,new
1689,C-999,190735483770,10lb Surface Mounted Steel Fire Extinguisher Cabinet - White,"This surface-mounted metal fire extinguisher cabinet is designed to securely house a 10 lb ABC fire extinguisher. Constructed from durable materials, it features a keyed lock for authorized access and a clear viewing panel for easy visibility. The cabinet’s white enamel finish ensures it complements various interior settings while providing essential protection for your fire safety equipment.",in_stock,8,$84.00,$145.50,https://teslafiresystems.com/wp-content/uploads/2025/04/WIL_C999.png,https://teslafiresystems.com/product/fire-extinguisher-cabinet-10lb-surface-mounted-c-999/,,c-999,The Williams Brothers Corporation,new
1703,SRFE2A,25,Strike First SRFE2A | 2lb ABC | UL/ULC Approved I Residential,"<p data-start=""59"" data-end=""445"">The 2lb Multi-Purpose ABC Dry Chemical Fire Extinguisher is designed to provide reliable fire protection for a variety of hazards. It is effective on Class A fires (wood, paper, cloth), Class B fires (flammable liquids and gases), and Class C fires (electrical equipment). This versatile extinguisher is perfect for residential use ensuring safety and peace of mind.</p>
\n<p data-start=""447"" data-end=""466"">Key Features:</p>
\n
\n<ul>
\n 	<li><strong><span class=""cf0"">All Fire extinguishers sold by Tesla Fire Systems, can be fully certified by our technicians.</span></strong></li>
\n 	<li><strong>Made in Canada with Canadian Materials. </strong></li>
\n 	<li><strong>Ideal for residential use</strong></li>
\n 	<li data-start=""447"" data-end=""466""><strong>Multi-Purpose Protection</strong>: Effective on Class A (wood, paper, cloth), Class B (flammable liquids and gases), and Class C (electrical equipment) fires.</li>
\n 	<li data-start=""625"" data-end=""713""><strong data-start=""627"" data-end=""651"">Powerful Performance</strong>: UL/ULC Rating of 1A:5BC for superior fire suppression.</li>
\n 	<li data-start=""714"" data-end=""808""><strong data-start=""716"" data-end=""734"">Capacity &amp; Range</strong>: 2 lbs capacity, 7-9 ft range, 9-second discharge time</li>
\n 	<li data-start=""899"" data-end=""999""><strong data-start=""901"" data-end=""919"">Durable Design</strong>: Built to withstand extreme temperatures from -65°F to 120°F (-54°C to 49°C).</li>
\n 	<li><strong>Certified &amp; Compliant: </strong>Manufactured &amp; tested to exceed ANSI/UL 299, 711 &amp; CAN/ULC-S504, S508. Complies to NFPA 10 standard &amp; Meets DOT Requirements for vehicle use.</li>
\n 	<li><strong>Included Bracket: </strong>Plastic Vehicle Bracket</li>
\n 	<li><strong>Optional Brackets: </strong>Strike First UP2 - Single Strap Metal Vehicle Bracket &amp; Strike First UP2-DB - Dual Strap Metal Vehicle Bracket</li>
\n</ul>",in_stock,3.4,$37.00,$52.00,https://teslafiresystems.com/wp-content/uploads/2025/05/2lb-SF-with-Vehicle-Bracket-side-by-side-1-scaled-e1746375268767.png,https://teslafiresystems.com/product/strike-first-srfe2a-2lbs-ul-ulc-approved-residential/,,SRFE2A,Strike First,new
1705,RQ-4JDK-3UEX,200,Strike First SF1020 | 20lb ABC | UL/ULC & USCG Approved | Industrial,"<p data-start=""59"" data-end=""445"">The 20lb Multi-Purpose ABC Dry Chemical Fire Extinguisher is designed to provide reliable fire protection for a variety of hazards. It is effective on Class A fires (wood, paper, cloth), Class B fires (flammable liquids and gases), and Class C fires (electrical equipment). This versatile extinguisher is perfect for commercial &amp; industrial use, ensuring safety and peace of mind.</p>
\n<p data-start=""447"" data-end=""466"">Key Features:</p>
\n
\n<ul>
\n 	<li><strong><span class=""cf0"">All Fire extinguishers sold by Tesla Fire Systems, can be fully certified by our technicians.</span></strong></li>
\n 	<li><strong>USCG Approved: U.S Coast Guard approved when installed with approved mounting bracket.</strong></li>
\n 	<li><strong>Made in Canada with Canadian Materials. </strong></li>
\n 	<li><strong>Designed for industrial workplaces and effective against Class A, B, and C fires.</strong></li>
\n 	<li data-start=""447"" data-end=""466""><strong>Multi-Purpose Protection</strong>: Effective on Class A (wood, paper, cloth), Class B (flammable liquids and gases), and Class C (electrical equipment) fires.</li>
\n 	<li data-start=""625"" data-end=""713""><strong data-start=""627"" data-end=""651"">Powerful Performance</strong>: UL/ULC Rating of 10A:120BC for superior fire suppression.</li>
\n 	<li data-start=""714"" data-end=""808""><strong data-start=""716"" data-end=""734"">Capacity &amp; Range</strong>: 20 lbs capacity, 10-15ft range, 28-second discharge time</li>
\n 	<li data-start=""899"" data-end=""999""><strong data-start=""901"" data-end=""919"">Durable Design</strong>: Built to withstand extreme temperatures from -65°F to 120°F (-54°C to 49°C).</li>
\n 	<li><strong>Certified &amp; Compliant: </strong>Manufactured &amp; tested to exceed ANSI/UL 299, 711 &amp; CAN/ULC-S504, S508. Complies to NFPA 10 standard.</li>
\n 	<li><strong>Included Bracket: </strong>Hook Style Wall Bracket</li>
\n 	<li><strong>Optional Brackets: </strong>Strike First HDVB-3 Heavy Duty Vehicle bracket</li>
\n</ul>
\n&nbsp;",in_stock,17,$175.00,$263.20,https://teslafiresystems.com/wp-content/uploads/2025/05/20lb-SF-Instagram-Size.png,https://teslafiresystems.com/product/strike-first-sf-abc-1020-20lbs-ul-ulc-uscg-approved-industrial/,,,,
1733,12V5AH-1733,,Fire Alarm Control Panel Battery - 12V5AH,12V5AH Sealed lead acid battery,in_stock,3,,$45.00,https://teslafiresystems.com/wp-content/uploads/2025/06/12V5AH-Battery.png,https://teslafiresystems.com/product/fire-alarm-control-panel-battery-12v5ah/,,,,
1735,12V7AH-1735,,Fire Alarm Control Panel Battery – 12V7AH,"<h1 class=""product_title entry-title"">Fire Alarm Control Panel Battery – 12V7AH</h1>",in_stock,3,,$45.00,https://teslafiresystems.com/wp-content/uploads/2025/06/12V7AH-Battery.png,https://teslafiresystems.com/product/fire-alarm-control-panel-battery-12v7ah/,,,,
1740,12933-1740,850026795547,"Amerex Heavy Duty Vehicle Bracket – 7"" Cylinder (810)","The Amerex 810 Heavy Duty Steel Bracket is designed to securely mount a 20lb ABC/10lb CO2 fire extinguisher with a 7″ cylinder diameter. Made from durable steel with a primed and powder-coated paint finish, this bracket ensures long-lasting performance and meets the latest U/L salt spray requirements (240 hrs. @ 20% salt solution ASTM B117), providing reliable protection for your fire extinguisher in harsh environments.",in_stock,5,,$95.27,https://teslafiresystems.com/wp-content/uploads/2025/06/810-Bracket.jpg,https://teslafiresystems.com/product/amerex-heavy-duty-vehicle-bracket-7-cylinder-810/,,12933,Amerex,new
16888,B394TS,,Amerex B394TS Halotron I 5.5 lb | FAA &amp; USCG Approved,"<p data-start=""47"" data-end=""593"">Halotron I is the market-leading clean fire extinguishing agent, trusted for protecting valuable assets without leaving any residue. It discharges as a rapidly evaporating liquid that is non-conductive and non-corrosive, making it ideal for sensitive environments where traditional dry chemical extinguishers could cause damage or contamination. With its environmentally friendly profile, including near-zero ozone depletion potential and low global warming potential, Halotron I is the preferred choice for safe and effective fire suppression.</p>\n<p data-start=""595"" data-end=""614"">Key Features:</p>\n\n<ul data-start=""615"" data-end=""1708"" data-is-last-node="""">\n 	<li><span class=""cf0""><strong>All Fire extinguishers sold by Tesla Fire Systems, can be fully certified by our technicians.</strong></span></li>\n 	<li><strong>FAA Approved: For o<span class=""cf0"">nboard aircraft use, meets FAA performance standards DOT/FAA/AR-01/37.&nbsp;</span></strong></li>\n 	<li><strong>Smallest FAA-approved unit designed for onboard aircraft use.&nbsp;</strong></li>\n 	<li><strong>USCG Approved: U.S Coast Guard approved when installed with approved mounting bracket.</strong></li>\n 	<li data-start=""615"" data-end=""710""><strong data-start=""617"" data-end=""643"">Clean Agent Technology</strong>: Discharges as a rapidly evaporating liquid, leaving no residue.</li>\n 	<li data-start=""711"" data-end=""801""><strong data-start=""713"" data-end=""747"">Non-Conductive &amp; Non-Corrosive</strong>: Safe for electrical &amp; sensitive equipment.</li>\n 	<li data-start=""802"" data-end=""917""><strong data-start=""804"" data-end=""832"">Environmentally Friendly</strong>: Low Global Warming Potential (GWP) and near-zero Ozone Depletion Potential (ODP).</li>\n 	<li data-start=""918"" data-end=""1039""><strong data-start=""920"" data-end=""946"">Recommended for </strong>: data centers, server rooms, telecom facilities, control rooms, military electronics, vehicles, boats, aircraft ramps, on-board aircraft, aircraft service facilities</li>\n 	<li data-start=""1040"" data-end=""1147""><b>UL/ULC Rating</b>: 5BC</li>\n 	<li data-start=""1148"" data-end=""1248""><strong data-start=""1150"" data-end=""1170"">Rugged &amp; Durable</strong>: High grade drawn steel cylinders and all-metal valve construction, finished with a durable high-gloss polyester powder coating.</li>\n 	<li data-start=""1249"" data-end=""1357""><strong data-start=""1251"" data-end=""1268"">User-Friendly</strong>: Maximum visibility during discharge, no electrical conductivity, thermal or static shock back to the operator.</li>\n 	<li data-start=""1414"" data-end=""1497""><strong data-start=""1416"" data-end=""1436"">Capacity &amp; Range</strong>: 5.5 lbs capacity, 9-15 ft range, 9-second discharge time.</li>\n 	<li data-start=""1498"" data-end=""1629""><strong data-start=""1500"" data-end=""1525"">Certified &amp; Compliant</strong>: Manufactured to ANSI/UL Standards, ISO-9001/ISO-14001 Certified, meets FAA Performance Standards <span class=""cf0"">DOT/FAA/AR-01/37 &amp;</span> complies with NFPA 10 Standard.</li>\n 	<li data-start=""1498"" data-end=""1629""><b>Included Bracket:&nbsp;</b>Amerex 818S - Dual Strap 5lb Wrap Around Bracket for Aircraft Use</li>\n 	<li data-start=""1498"" data-end=""1629""><strong>Optional Brackets:</strong> Amerex 818, 821, 821S Wrap Around Brackets &amp; Amerex 807 Heavy Duty Vehicle Bracket</li>\n</ul>",in_stock,11,$886.50,$895.00,https://teslafiresystems.com/wp-content/uploads/2025/08/394ts.webp,https://teslafiresystems.com/product/amerex-b394ts-halotron-i-5-5lbs-fire-extinguisher/,Low Prices - Amerex B394TS Halotron is the Smallest FAA Approved Unit. Meets FAA performance standard DOT/FAA/AR-01/37 and is U.S. Coast Guard approved when installed with the approved mounting bracket,,,
16890,397X,850026795165,Amerex 397X Halotron | 11Lbs | FAA & USCG Approved,"<p data-start=""47"" data-end=""593"">Halotron I is the market-leading clean fire extinguishing agent, trusted for protecting valuable assets without leaving any residue. It discharges as a rapidly evaporating liquid that is non-conductive and non-corrosive, making it ideal for sensitive environments where traditional dry chemical extinguishers could cause damage or contamination. With its environmentally friendly profile, including near-zero ozone depletion potential and low global warming potential, Halotron I is the preferred choice for safe and effective fire suppression.</p>
\n<p data-start=""595"" data-end=""614"">Key Features:</p>
\n
\n<ul>
\n 	<li style=""list-style-type: none;"">
\n<ul data-start=""615"" data-end=""1708"" data-is-last-node="""">
\n 	<li style=""font-weight: 400;"" aria-level=""1""><b>All Fire extinguishers come with a 6 Year Manufacturer's Warranty.</b></li>
\n 	<li style=""font-weight: 400;"" aria-level=""1""><b>Certification Tag is available and is an extra fee.</b>
\n<!--EndFragment --></li>
\n 	<li><strong>FAA Approved: For o<span class=""cf0"">nboard aircraft use, meets FAA performance standards DOT/FAA/AR-01/37. </span></strong><!--EndFragment --></li>
\n 	<li><strong>USCG Approved: U.S Coast Guard approved when mounted on Amerex 812 Heavy Duty Bracket.</strong></li>
\n 	<li data-start=""615"" data-end=""710""><strong data-start=""617"" data-end=""643"">Clean Agent Technology</strong>: Discharges as a rapidly evaporating liquid, leaving no residue.</li>
\n 	<li data-start=""711"" data-end=""801""><strong data-start=""713"" data-end=""747"">Non-Conductive &amp; Non-Corrosive</strong>: Safe for electrical &amp; sensitive equipment.</li>
\n 	<li data-start=""802"" data-end=""917""><strong data-start=""804"" data-end=""832"">Environmentally Friendly</strong>: Low Global Warming Potential (GWP) and near-zero Ozone Depletion Potential (ODP).</li>
\n 	<li data-start=""918"" data-end=""1039""><strong data-start=""920"" data-end=""946"">Recommended for </strong>: data centers, server rooms, telecom facilities, control rooms, military electronics, vehicles, boats, aircraft ramps, on-board aircraft, aircraft service facilities</li>
\n 	<li data-start=""1040"" data-end=""1147""><b>UL/ULC Rating</b>: 1A:10BC</li>
\n 	<li data-start=""1148"" data-end=""1248""><strong data-start=""1150"" data-end=""1170"">Rugged &amp; Durable</strong>: High grade drawn steel cylinders and all-metal valve construction, finished with a durable high-gloss polyester powder coating.</li>
\n 	<li data-start=""1249"" data-end=""1357""><strong data-start=""1251"" data-end=""1268"">User-Friendly</strong>: Maximum visibility during discharge, no electrical conductivity, thermal or static shock back to the operator.</li>
\n 	<li data-start=""1414"" data-end=""1497""><strong data-start=""1416"" data-end=""1436"">Capacity &amp; Range</strong>: 11 lbs capacity, 9-15 ft range, 9-second discharge time.</li>
\n 	<li data-start=""1498"" data-end=""1629""><strong data-start=""1500"" data-end=""1525"">Certified &amp; Compliant</strong>: Manufactured to ANSI/UL Standards, ISO-9001/ISO-14001 Certified, meets FAA Performance Standards <!--StartFragment --><span class=""cf0"">DOT/FAA/AR-01/37 &amp;</span><!--EndFragment --> complies with NFPA 10 Standard.</li>
\n 	<li data-start=""1498"" data-end=""1629""><b>Included Bracket: </b>Hook Style Wall Bracket</li>
\n 	<li data-start=""1498"" data-end=""1629""><strong>Optional Brackets:</strong> Amerex 812 Heavy Duty Vehicle Bracket</li>
\n</ul>
\n</li>
\n</ul>",in_stock,25,"$1,330.00","$1,700.00",https://teslafiresystems.com/wp-content/uploads/2025/09/Amerex-397-–-Halotron-I-11Lbs-Fire-Extinguisher.webp,https://teslafiresystems.com/product/amerex-397x-halotron-1-11-lbs-fire-extinguisher-faa-uscg-approved/,Low Prices - Amerex 397 Halotron is FAA Approved &amp; USCG Approved fire extinguisher for onboard use. Meets FAA performance standard DOT/FAA/AR-01/37 and is U.S. Coast Guard approved when mounted on the Amerex 895 heavy-duty bracket.,,,
16950,398X,850026795127,Amerex 398X Halotron I 15.5 lb | FAA & USCG Approved,"<p data-start=""47"" data-end=""593"">Halotron I is the market-leading clean fire extinguishing agent, trusted for protecting valuable assets without leaving any residue. It discharges as a rapidly evaporating liquid that is non-conductive and non-corrosive, making it ideal for sensitive environments where traditional dry chemical extinguishers could cause damage or contamination. With its environmentally friendly profile, including near-zero ozone depletion potential and low global warming potential, Halotron I is the preferred choice for safe and effective fire suppression.</p>
\n<p data-start=""595"" data-end=""614"">Key Features:</p>
\n
\n<ul data-start=""615"" data-end=""1708"" data-is-last-node="""">
\n 	<li><!--StartFragment --><strong><span class=""cf0"">All Fire extinguishers sold by Tesla Fire Systems, can be fully certified by our technicians.</span></strong><!--EndFragment --></li>
\n 	<li><strong>FAA Approved: For o<span class=""cf0"">nboard aircraft use, meets FAA performance standards DOT/FAA/AR-01/37. </span></strong><!--EndFragment --></li>
\n 	<li><strong>USCG Approved: U.S Coast Guard approved when mounted on Amerex 895 Heavy Duty Bracket.</strong></li>
\n 	<li data-start=""615"" data-end=""710""><strong data-start=""617"" data-end=""643"">Clean Agent Technology</strong>: Discharges as a rapidly evaporating liquid, leaving no residue.</li>
\n 	<li data-start=""711"" data-end=""801""><strong data-start=""713"" data-end=""747"">Non-Conductive &amp; Non-Corrosive</strong>: Safe for electrical &amp; sensitive equipment.</li>
\n 	<li data-start=""802"" data-end=""917""><strong data-start=""804"" data-end=""832"">Environmentally Friendly</strong>: Low Global Warming Potential (GWP) and near-zero Ozone Depletion Potential (ODP).</li>
\n 	<li data-start=""918"" data-end=""1039""><strong data-start=""920"" data-end=""946"">Recommended for </strong>: data centers, server rooms, telecom facilities, control rooms, military electronics, vehicles, boats, aircraft ramps, on-board aircraft, aircraft service facilities</li>
\n 	<li data-start=""1040"" data-end=""1147""><b>UL/ULC Rating</b>: 2A:10BC</li>
\n 	<li data-start=""1148"" data-end=""1248""><strong data-start=""1150"" data-end=""1170"">Rugged &amp; Durable</strong>: High grade drawn steel cylinders and all-metal valve construction, finished with a durable high-gloss polyester powder coating.</li>
\n 	<li data-start=""1249"" data-end=""1357""><strong data-start=""1251"" data-end=""1268"">User-Friendly</strong>: Maximum visibility during discharge, no electrical conductivity, thermal or static shock back to the operator.</li>
\n 	<li data-start=""1414"" data-end=""1497""><strong data-start=""1416"" data-end=""1436"">Capacity &amp; Range</strong>: 15.5 lbs capacity, 12-18 ft range, 14-second discharge time.</li>
\n 	<li data-start=""1498"" data-end=""1629""><strong data-start=""1500"" data-end=""1525"">Certified &amp; Compliant</strong>: Manufactured to ANSI/UL Standards, ISO-9001/ISO-14001 Certified, meets FAA Performance Standards <!--StartFragment --><span class=""cf0"">DOT/FAA/AR-01/37 &amp;</span><!--EndFragment --> complies with NFPA 10 Standard.</li>
\n 	<li data-start=""1498"" data-end=""1629""><b>Included Bracket: </b>Hook Style Wall Bracket</li>
\n 	<li data-start=""1498"" data-end=""1629""><strong>Optional Brackets:</strong> Amerex 895 Heavy Duty Vehicle Bracket</li>
\n</ul>",in_stock,30,"$1,875.00","$1,985.00",https://teslafiresystems.com/wp-content/uploads/2025/09/Amerex-398-–-Halotron-I-15.5Lbs-Fire-Extinguisher.webp,https://teslafiresystems.com/product/amerex-398x-halotron-1-15-5lbs-fire-extinguisher-faa-uscg-approved/,Low Prices - Amerex 398 Halotron is FAA Approved &amp; USCG Approved fire extinguisher for onboard use. Meets FAA performance standard DOT/FAA/AR-01/37 and is U.S. Coast Guard approved when mounted on the Amerex 895 heavy-duty bracket.,398,Amerex,new
16957,TFSPB-SS,334,Stainless Steel Fire Safety Plan Box,"<div id=""Desktop-Detailed-Evaluation-Zone"" class=""celwidget"" data-feature-name=""Desktop-Detailed-Evaluation-Zone"" data-csa-c-type=""widget"" data-csa-c-content-id=""Desktop-Detailed-Evaluation-Zone"" data-csa-c-slot-id=""Desktop-Detailed-Evaluation-Zone"" data-csa-c-asin="""" data-csa-c-is-in-initial-active-row=""false"" data-csa-c-id=""d4rr47-s6fxxx-dxcesx-5ns7eg"" data-cel-widget=""Desktop-Detailed-Evaluation-Zone"">
\n<div id=""productDescription_feature_div"" class=""celwidget pd_rd_w-nxqPA pd_rd_r-XSBVQEMBGNPAC7KJNZHB pd_rd_wg-Sf5qv"" data-feature-name=""productDescription-3"" data-csa-c-type=""widget"" data-csa-c-content-id=""productDescription-3"" data-csa-c-slot-id=""productDescription_feature_div"" data-csa-c-asin="""" data-csa-c-is-in-initial-active-row=""false"" data-csa-c-id=""hnoq8d-9x4qvi-bnv24y-66o2ps"" data-cel-widget=""productDescription_feature_div"">
\n<div id=""productDescription_feature_div"" class=""a-row feature"" data-feature-name=""productDescription"" data-template-name=""productDescription"" data-cel-widget=""productDescription_feature_div"">
\n<div id=""productDescription"" class=""a-section a-spacing-small"">
\n<h3 data-start=""422"" data-end=""468"">Stainless Steel Fire Safety Plan Cabinet</h3>
\n<p data-start=""469"" data-end=""535"">Built for durability, compliance, and a clean professional finish.</p>
\n<p data-start=""537"" data-end=""905"">This <strong data-start=""542"" data-end=""586"">stainless steel Fire Safety Plan cabinet</strong> is designed to securely store your building’s Fire Safety Plan in a clearly marked, easily accessible location. Ideal for <strong data-start=""709"" data-end=""784"">commercial, industrial, institutional, and multi-residential properties</strong>, this cabinet ensures first responders and fire officials can quickly access critical documentation during an emergency.</p>
\n<p data-start=""907"" data-end=""1156"">Constructed from high-quality stainless steel, this cabinet offers superior corrosion resistance compared to painted steel alternatives — making it ideal for mechanical rooms, parking garages, high-humidity environments, and long-term installations.</p>
\n
\n</div>
\n<h3 data-start=""2094"" data-end=""2126"">🚒 Compliance-Ready Solution</h3>
\n<p data-start=""2128"" data-end=""2140"">Perfect for:</p>
\n
\n<ul>
\n 	<li data-start=""2143"" data-end=""2172"">Fire Department inspections</li>
\n 	<li data-start=""2175"" data-end=""2204"">Annual Fire Code compliance</li>
\n 	<li data-start=""2207"" data-end=""2244"">Property management standardization</li>
\n 	<li data-start=""2247"" data-end=""2299"">Retrofit upgrades from plastic or painted cabinets</li>
\n</ul>
\n</div>
\n</div>
\n</div>",in_stock,6,,$495.00,"https://teslafiresystems.com/wp-content/uploads/2026/01/ss_tb_.png, https://teslafiresystems.com/wp-content/uploads/2026/01/Weatherproof-Gasket-1.png",https://teslafiresystems.com/product/stainless-steel-fire-safety-plan-box/,,TFSPB-SS,TESLA FIRE SYSTEMS,new
17226,TFSAR-50,50150,"Fully Assembled 50' x 1-1/2"" Fire Hose Rack","Typically used in warehouse and industrial applications. Also very popular for high-rise residential projects stored in fire hose cabinets. For storage of 1½” (38mm) folded single jacket lined fire hose. Rack is attached to hose valve (or wall mounting bracket) and rack swivels 360°. Complete with positive water stop for one man use of hose (water is prevented from entering hose until the last fold is pulled away from the rack). Max. Service pressure is 150 PSI (1035 kpa).
\n
\n50'  Fire Hose
\nNozzle
\nSwing Rack
\nNozzle Holder
\nNPSH Threads for direct connection to gate valve",in_stock,6,,$204.00,https://teslafiresystems.com/wp-content/uploads/2025/02/Hose-Assembled-on-Rack.jpg,https://teslafiresystems.com/product/fully-assembled-50-x-1-1-2-fire-hose-rack/,,,,
17246,TSFSH-6,1111,Sprinkler Head Cabinet - 6 Heads,This cabinet will hold up to 6 heads and a wrench. Each cabinet is constructed from steel with a Automotive Grade Powder Coated finish and accommodates 1/2” and 3/4” heads as well as most sprinkler wrenches. Pre-drilled rear mounting holes for easy wall mounting.,in_stock,5,$16.20,$30.00,https://teslafiresystems.com/wp-content/uploads/2025/12/shc1.png,https://teslafiresystems.com/product/sprinkler-head-cabinet-6-heads/,,1119,TESLA FIRE SYSTEMS,new
17249,TSFW-15,560006387,Sprinkler Wrench for 1/2” Heads,"A durable, purpose-built wrench designed for safe and efficient installation or removal of 1/2” fire sprinkler heads. Its precision-cut opening fits standard sprinkler profiles securely, reducing the risk of slippage or damage to the head during service. Made from heavy-duty, corrosion-resistant steel, this tool provides reliable torque and long service life. Ideal for technicians, installers, and maintenance personnel who need a dependable, job-ready sprinkler tool.",in_stock,1.2,$126.40,$185.00,https://teslafiresystems.com/wp-content/uploads/2025/12/RS_SPWR.png,https://teslafiresystems.com/product/sprinkler-head-wrench-for-1-2/,,560006387,TESLA FIRE SYSTEMS,new
17255,C270,,6 Litre (1.75g) Class AC Deionized Water Mist Extinguisher - Amerex C270,"WATER MIST is the ultimate extinguisher for Class A fires and for locations where potential Class C (electrical) hazards exist. The fine spray from the unique misting nozzle provides safety from electrical shock, greatly enhances the cooling and soaking characteristics of the agent, and reduces scattering of burning materials. The Amerex Water Mist extinguishers contain deionized water (sold separately) making them the best extinguishers for protection of hospital environments, telecommunication facilities, and “clean room” manufacturing facilities. The Amerex Water Mist extinguishers are easy to use, maintain, and service. Nonmagnetic construction
\ntested by an independent agency for use in MRI facilities to 11.7 Tesla (including wall hanger bracket)
\n
\n<strong>Key Features:</strong>
\n<ul>
\n 	<li style=""font-weight: 400;"" aria-level=""1""><b>All Fire extinguishers come with a 5 Year Manufacturer's Warranty.</b></li>
\n 	<li style=""font-weight: 400;"" aria-level=""1""><b>Certification Tag is available and is an extra fee.</b></li>
\n 	<li><strong>Tested by an independent agency for use in MRI facilities to 11.7 Tesla (including wall hanger bracket).</strong></li>
\n 	<li><strong>Ships Charged and Ready to use with Amerex 670 – Deionized Water.</strong></li>
\n 	<li><strong>Ideal for: </strong>hospital environments, telecommunication facilities, and “clean room” manufacturing facilities</li>
\n 	<li data-start=""447"" data-end=""466""><strong>Multi-Purpose Protection</strong>: Effective on Class A (wood, paper, cloth) &amp; Class C (Electrical Equipment)</li>
\n 	<li data-start=""625"" data-end=""713""><strong data-start=""627"" data-end=""651"">Powerful Performance</strong>: UL/ULC Rating of 2A:C for superior fire suppression.</li>
\n 	<li data-start=""714"" data-end=""808""><strong data-start=""716"" data-end=""734"">Capacity &amp; Range</strong>: 6 Liters (1.75g) capacity, 10-12 ft range, 72-second discharge time.</li>
\n 	<li><strong>Certified &amp; Compliant: </strong>Manufactured &amp; tested to exceed CAN/ULC-S554 – UL 8 &amp; CAN/ULC-S508 – UL 711. Complies to NFPA 10 standard.</li>
\n 	<li><strong>Includes: </strong>Non-Metallic Wall Hook</li>
\n</ul>",in_stock,10,$420.00,$475.00,https://teslafiresystems.com/wp-content/uploads/2025/12/c270__28678.jpg,https://teslafiresystems.com/product/6-litre-1-75g-class-ac-deionized-water-mist-extinguisher-amerex-c270/,"Low Prices - WATER MIST is the ultimate extinguisher for Class A fires and for locations where potential Class C (electrical) hazards exist. Best extinguishers for protection of hospital environments, telecommunication facilities, and ?clean room? manufacturing facilities.",,,
17260,C272,850026795363,9 Litre (2.5g) Class AC Deionized Water Mist Extinguisher - Amerex C272,"WATER MIST is the ultimate extinguisher for Class A fires and for locations where potential Class C (electrical) hazards exist. The fine spray from the unique misting nozzle provides safety from electrical shock, greatly enhances the cooling and soaking characteristics of the agent, and reduces scattering of burning materials. The Amerex Water Mist extinguishers contain deionized water (sold separately) making them the best extinguishers for protection of hospital environments, telecommunication facilities, and “clean room” manufacturing facilities. The Amerex Water Mist extinguishers are easy to use, maintain, and service. Nonmagnetic construction
\ntested by an independent agency for use in MRI facilities to 11.7 Tesla (including wall hanger bracket)
\n
\n<strong>Key Features:</strong>
\n<ul>
\n 	<li style=""font-weight: 400;"" aria-level=""1""><b>All Fire extinguishers come with a 6 Year Manufacturer's Warranty.</b></li>
\n 	<li style=""font-weight: 400;"" aria-level=""1""><b>Certification Tag is available and is an extra fee.</b></li>
\n 	<li><strong>Tested by an independent agency for use in MRI facilities to 11.7 Tesla (including wall hanger bracket).</strong></li>
\n 	<li><strong>Ships Uncharged - Additional $85.00 to be charged with Amerex 671 Deionized Water.</strong></li>
\n 	<li><strong>Ideal for: </strong>hospital environments, telecommunication facilities, and “clean room” manufacturing facilities.</li>
\n 	<li data-start=""447"" data-end=""466""><strong>Multi-Purpose Protection</strong>: Effective on Class A (wood, paper, cloth) &amp; Class C (Electrical Equipment).</li>
\n 	<li data-start=""625"" data-end=""713""><strong data-start=""627"" data-end=""651"">Powerful Performance</strong>: UL/ULC Rating of 2A:C for superior fire suppression.</li>
\n 	<li data-start=""714"" data-end=""808""><strong data-start=""716"" data-end=""734"">Capacity &amp; Range</strong>: 9 Liters (2.5g) capacity, 10-12 ft range, 80-second discharge time.</li>
\n 	<li><strong>Certified &amp; Compliant: </strong>Manufactured &amp; tested to exceed CAN/ULC-S554 – UL 8 &amp; CAN/ULC-S508 – UL 711. Complies to NFPA 10 standard. Tested for use in 11.7 Tesla MRI Facilities.</li>
\n 	<li><strong>Includes: </strong>Non-Metallic Wall Hook.</li>
\n</ul>",in_stock,10,$450.00,$500.00,https://teslafiresystems.com/wp-content/uploads/2025/12/c272__03426.jpg,https://teslafiresystems.com/product/amerex-c272-9l-2-5g-deionized-water-mist/,Low Prices - WATER MIST is the ultimate extinguisher for Class A fires and for locations where potential Class C (electrical) hazards exist. Tested by an independent agency for use in MRI facilities to 11.7 Tesla (including wall hanger bracket),,,
17262,551,,Amerex 551 HT Series | 12.5 lb Halotron BrX | Clean Agent Fire Extinguisher with Hose | 2A:10BC,"<p class=""isSelectedEnd"">The <strong>Amerex 551 HT Series</strong> is a high-capacity <strong>12.5 lb Halotron® BrX (2-BTP) Clean Agent Fire Extinguisher</strong> designed to protect sensitive electronics, electrical equipment, and valuable assets without leaving residue or causing collateral damage associated with traditional dry chemical extinguishers.</p>
\nFeaturing a <strong>2A:10BC UL / ULC fire rating</strong>, the Model 551 provides additional Class A fire protection while maintaining excellent performance on <strong>Class B (flammable liquids)</strong> and <strong>Class C (energized electrical)</strong> fires. The clean agent rapidly suppresses fires, evaporates after discharge, and leaves no residue, making it ideal for data centers, server rooms, telecommunications facilities, healthcare environments, museums, laboratories, electrical control rooms, clean manufacturing facilities, and other mission-critical applications. Manufactured in the USA, the Model 551 features a durable steel cylinder, flexible discharge hose, stored-pressure design, a <strong>6-Year Manufacturer Warranty</strong>, and a <strong>12-Year Service Life</strong>.
\n
\n<hr />
\n
\n<h4>Aviation Applications</h4>
\n<p class=""isSelectedEnd"">The <strong>Amerex 551 HT Series</strong> is recommended for aviation maintenance and airport support environments requiring high-capacity clean agent fire protection.</p>
\n
\n<h6>Ground Support Applications</h6>
\n<ul data-spread=""false"">
\n 	<li>Airport Ground Support Equipment (GSE)</li>
\n 	<li>Aircraft Maintenance Facilities</li>
\n 	<li>Airport Ramp Operations</li>
\n 	<li>Aircraft Hangars</li>
\n 	<li>Fixed Base Operators (FBOs)</li>
\n 	<li>Maintenance, Repair &amp; Overhaul (MRO) Facilities</li>
\n 	<li>Aircraft Service Equipment</li>
\n 	<li>Avionics Workshops</li>
\n 	<li>Airport Service Vehicles</li>
\n</ul>
\n<h6>In-Flight Use</h6>
\n<ul data-spread=""false"">
\n 	<li><strong>The Amerex 551 HT Series is NOT FAA approved for onboard commercial aircraft installation.</strong></li>
\n 	<li>Designed for aviation ground support operations, aircraft maintenance facilities, and delicate electronic environments where clean, residue-free fire suppression is required.</li>
\n</ul>
\n
\n<hr />
\n
\n<h6>Key Features</h6>
\n<ul data-spread=""false"">
\n 	<li>Halotron® BrX (2-BTP) Clean Agent</li>
\n 	<li>2A:10BC UL / ULC Fire Rating</li>
\n 	<li>Residue-Free Fire Suppression</li>
\n 	<li>Safe for Sensitive Electronics</li>
\n 	<li>Class A, Class B &amp; Class C Fire Protection</li>
\n 	<li>Flexible Hose &amp; Nozzle</li>
\n 	<li>Non-Conductive Agent</li>
\n 	<li>Non-Corrosive Fire Suppressant</li>
\n 	<li>Durable Steel Cylinder</li>
\n 	<li>All-Metal Valve Construction</li>
\n 	<li>Stored-Pressure Design</li>
\n 	<li>High-Gloss Polyester Powder-Coated Finish</li>
\n 	<li>Low Global Warming Potential (Low GWP)</li>
\n 	<li>Very Low Ozone Depletion Potential (Low ODP)</li>
\n 	<li>No Thermal or Static Shock</li>
\n 	<li>QR-Coded Multilingual Label</li>
\n 	<li>6-Year Manufacturer Warranty</li>
\n 	<li>12-Year Service Life</li>
\n 	<li>Operating Temperature: -40°F to 120°F (-40°C to 49°C)</li>
\n</ul>
\n<h6>Technical Specifications</h6>
\n<ul data-spread=""false"">
\n 	<li><strong>Manufacturer:</strong> Amerex</li>
\n 	<li><strong>Series:</strong> HT Series</li>
\n 	<li><strong>Model:</strong> 551</li>
\n 	<li><strong>Part Number:</strong> 28084</li>
\n 	<li><strong>Agent:</strong> Halotron® BrX (2-BTP)</li>
\n 	<li><strong>Fire Rating:</strong> 2A:10B</li>
\n 	<li><strong>Capacity:</strong> 12.5 lb (5.67 kg)</li>
\n 	<li><strong>Cylinder Material:</strong> Steel</li>
\n 	<li><strong>Valve Type:</strong> Anodized Aluminum</li>
\n 	<li><strong>Design:</strong> Hose &amp; Nozzle</li>
\n 	<li><strong>Discharge Time:</strong> 16 Seconds</li>
\n 	<li><strong>Effective Range:</strong> 15–17 ft (4.57–5.18 m)</li>
\n 	<li><strong>Operating Pressure:</strong> 150 PSIG</li>
\n 	<li><strong>Minimum Confined Space:</strong> 2,988 ft³ (84.6 m³)</li>
\n 	<li><strong>Included Bracket:</strong> Wall Bracket</li>
\n 	<li><strong>Warranty:</strong> 6 Years</li>
\n 	<li><strong>Service Life:</strong> 12 Years</li>
\n</ul>
\n<h6>Ideal Applications</h6>
\n<ul data-spread=""false"">
\n 	<li>Data Centers</li>
\n 	<li>Server Rooms</li>
\n 	<li>Computer Rooms</li>
\n 	<li>Telecommunications Facilities</li>
\n 	<li>Network Operations Centers (NOC)</li>
\n 	<li>Electrical Control Rooms</li>
\n 	<li>UPS &amp; Battery Rooms</li>
\n 	<li>Laboratories</li>
\n 	<li>Healthcare Facilities</li>
\n 	<li>Museums &amp; Archives</li>
\n 	<li>Clean Manufacturing</li>
\n 	<li>Pharmaceutical Facilities</li>
\n 	<li>Industrial Control Systems</li>
\n 	<li>Airport Ground Support Equipment</li>
\n 	<li>Aircraft Maintenance Facilities</li>
\n 	<li>Airport Hangars</li>
\n 	<li>Avionics Workshops</li>
\n 	<li>Commercial Buildings</li>
\n 	<li>Mission-Critical Infrastructure</li>
\n 	<li>High-Value Electronic Equipment</li>
\n</ul>",in_stock,19.88,"$2,000.00","$2,775.00",https://teslafiresystems.com/wp-content/uploads/2025/12/Amerex-HT-Series-551.png,https://teslafiresystems.com/product/amerex-551-12-5-lbs-halotron-brx-clean-agent/,"Low Prices - HT-Series can safely put out fires without damaging electronic equipment, specialized machinery, or other delicate materials. That also means that there is no clean-up or down time for your operations. Industries such as health care, clean manufacturing, data processing centers, and museums would all benefit from the HT Series.",551,Amerex,
17266,HDVB-1-17266,,Strike First 5lb Heavy Duty Vehicle Bracket - HDVB-1,"The Strike First HDVB-1 is a Heavy Duty Vehicle Bracket meant for 5lb (4"" – 4 3/4""  diameter) Strike First Dry Chemical Fire Extinguishers. Equipped with a Strap style Steel Clamp and a Stainless Steel pull pin to ensure the Fire Extinguisher is secure in any situation. Complete with a an Automotive Grade Powder Coat finish resist corrosion in even the toughest weather. Made in Canada with Canadian Materials. US Coast Guard (USCG) Approved bracket",in_stock,3,,$85.00,https://teslafiresystems.com/wp-content/uploads/2025/12/Strike-First-HDVB.png,https://teslafiresystems.com/product/strike-first-5lb-heavy-duty-vehicle-bracket-hdvb-1/,,HDVB-1,Strike First,new
17268,HDVB-2-17268,,Strike First 10lb Dry Chemical & 5lb CO2 Heavy Duty Vehicle Bracket - HDVB-2,"The Strike First HDVB-2 is a Heavy Duty Vehicle Bracket. Designed for 10lb (5"" – 6""  diameter) Strike First Dry Chemical &amp; 5lb CO2 Fire Extinguishers. Equipped with a Strap style Steel Clamp and a Stainless Steel pull pin to ensure the Fire Extinguisher is secure in any situation. Complete with a an Automotive Grade Powder Coat finish resist corrosion in even the toughest weather. Made in Canada with Canadian Materials. US Coast Guard (USCG) Approved bracket",in_stock,4,,$90.00,https://teslafiresystems.com/wp-content/uploads/2025/12/Strike-First-HDVB.png,https://teslafiresystems.com/product/strike-first-5lb-heavy-duty-vehicle-bracket-hdvb-2/,,HDVB-2,Strike First,new
17273,SF-5CO2,627146146180,Strike First 5lb CO2 | UL/ULC Approved | USCG Approved,"The Strike First 5lb CO2 extinguisher is an effective solution for fighting Class B and Class C fires, including flammable liquids and electrically non-conductive fires. It releases CO2 as a white cloud of “snow,” suffocating the fire by displacing oxygen. This clean, odorless gas leaves no residue, making it ideal for use in sensitive environments like automobiles, computer rooms, and areas with electrical equipment.
\n
\nKey Features:
\n<ul>
\n 	<li><strong><span class=""cf0"">All Fire extinguishers sold by Tesla Fire Systems, can be fully certified by our technicians.</span></strong></li>
\n 	<li><strong>Made in Canada with Canadian Materials.</strong></li>
\n 	<li data-start=""447"" data-end=""466""><strong>Multi-Purpose Protection</strong>: Effective on Class B (flammable liquids) &amp; Class C (electrical equipment)</li>
\n 	<li data-start=""625"" data-end=""713""><strong data-start=""627"" data-end=""651"">Powerful Performance</strong>: UL/ULC Rating of 5B:C for superior fire suppression.</li>
\n 	<li data-start=""714"" data-end=""808""><strong data-start=""716"" data-end=""734"">Capacity &amp; Range</strong>: 5lb capacity, 6-12 ft range, 11-second discharge time</li>
\n 	<li data-start=""899"" data-end=""999""><strong data-start=""901"" data-end=""919"">Durable Design</strong>: Built to withstand extreme temperatures from -22°F to 120°F (-30°C to 49°C).</li>
\n 	<li><strong>Certified &amp; Compliant: </strong>Manufactured &amp; tested to exceed ANSI/UL 154, 711 &amp; CAN/ULC-S503, S508. Complies to NFPA 10 standard. DOT Approved Cylinder</li>
\n 	<li><strong>USCG Approved:</strong> when used on Appropriate Bracket</li>
\n 	<li><strong>Included Bracket: </strong>Hook Style Wall Bracket</li>
\n 	<li><strong>Optional Bracket:</strong> HDVB-2</li>
\n</ul>",in_stock,13.25,$194.75,$285.00,https://teslafiresystems.com/wp-content/uploads/2025/12/Untitled-June-16-2026-at-15.54.57.png,https://teslafiresystems.com/product/strike-first-5lb-co2-fire-extinguisher/,,SF-5CO2,Strike First,new
17275,HDVB-3-17275,,Strike First 20lb Dry Chemical & 10lb-15lb CO2 Heavy Duty Vehicle Bracket - HDVB-3,"The Strike First HDVB-3 is a Heavy Duty Vehicle Bracket. Designed for 20lb (6 1/4 ""– 7 1/8"" diameter) Strike First Dry Chemical &amp; 10lb-15lb CO2 Fire Extinguishers. Equipped with a Strap style Steel Clamp and a Stainless Steel pull pin to ensure the Fire Extinguisher is secure in any situation. Complete with a an Automotive Grade Powder Coat finish resist corrosion in even the toughest weather. Made in Canada with Canadian Materials. US Coast Guard (USCG) Approved bracket",in_stock,5,,$95.00,https://teslafiresystems.com/wp-content/uploads/2025/12/Strike-First-HDVB.png,https://teslafiresystems.com/product/strike-first-5lb-heavy-duty-vehicle-bracket-hdvb-3/,,HDVB-3,Strike First,new
17277,HDVB-4-17277,,Strike First 30lb Dry Chemical Heavy Duty Vehicle Bracket - HDVB-4,"The Strike First HDVB-4 is a Heavy Duty Vehicle Bracket. Designed for 30lb (6 1/4 ""– 7 1/8"" diameter) Strike First Dry Chemical Fire Extinguishers. Equipped with a Strap style Steel Clamp and a Stainless Steel pull pin to ensure the Fire Extinguisher is secure in any situation. Complete with a an Automotive Grade Powder Coat finish resist corrosion in even the toughest weather. Made in Canada with Canadian Materials. US Coast Guard (USCG) Approved bracket",in_stock,5,,$150.00,https://teslafiresystems.com/wp-content/uploads/2025/12/Strike-First-HDVB.png,https://teslafiresystems.com/product/strike-first-30lb-dry-chemical-heavy-duty-vehicle-bracket-hdvb-4/,,HDVB-4,Strike First,new
17322,B500X4,,Amerex B500X - 5lb ABC Multi-Purpose Fire Extinguisher - 4 Pack,"<strong data-start=""211"" data-end=""251"">Versatile. Compliant. Built to Last.</strong><br data-start=""251"" data-end=""254"" />Stay protected across all fire risks with this dependable multi-purpose fire extinguisher designed to tackle <strong data-start=""363"" data-end=""453"">Class A (ordinary combustibles), Class B (flammable liquids), and Class C (electrical)</strong> fires. The extinguishing agent—a siliconized monoammonium phosphate—melts at 350°F, creating a protective barrier on Class A materials, halting chemical reactions in Class B fires, and delivering safe, non-conductive suppression for Class C scenarios.
\n<h4 data-start=""707"" data-end=""728"">Key Features:</h4>
\n<ul>
\n 	<li data-start=""707"" data-end=""728""><b>All Fire extinguishers come with a 6 Year Manufacturer’s Warranty.</b></li>
\n 	<li data-start=""707"" data-end=""728""><b style=""font-style: inherit"">Certification Tag is available and is an extra fee.</b></li>
\n 	<li data-start=""707"" data-end=""728""><strong style=""font-size: 16px"" data-start=""731"" data-end=""758"">CAN/ULC Rating: 3A:10BC</strong><span style=""font-size: 16px""> – Meets and exceeds Ministry of Labor standards for construction and industrial sites.</span></li>
\n 	<li data-start=""707"" data-end=""728""><strong style=""font-size: 16px"">Heavy-Duty Construction</strong><span style=""font-size: 16px""> – Steel cylinder with rugged all-metal valve ensures durability in demanding environments.</span></li>
\n 	<li data-start=""707"" data-end=""728""><strong style=""font-size: 16px"" data-start=""1190"" data-end=""1215"">Wall Bracket Included</strong><span style=""font-size: 16px""> – For quick, visible access in high-risk areas.</span></li>
\n 	<li data-start=""707"" data-end=""728""><strong style=""font-size: 16px"" data-start=""1266"" data-end=""1292"">Multi-Pack Convenience</strong><span style=""font-size: 16px""> – Bundle of 4 extinguishers, ideal for facilities, job sites, or multi-zone compliance needs.</span></li>
\n 	<li data-start=""707"" data-end=""728""><strong>Certification Note: </strong><span style=""font-weight: 400"">Certification tags are required for Commercial / Insurance compliance (Call Tesla Fire office for pricing).</span></li>
\n</ul>",in_stock,38,$297.00,$360.00,https://teslafiresystems.com/wp-content/uploads/2025/12/4-Pack-Amerex-5lb.png,https://teslafiresystems.com/product/amerex-b500x-5lb-abc-multi-purpose-fire-extinguisher-4-pack/,,,,
17332,B500X5,,Amerex B500X - 5lb ABC Multi-Purpose Fire Extinguisher - 5 Pack,"<strong data-start=""211"" data-end=""251"">Versatile. Compliant. Built to Last.</strong><br data-start=""251"" data-end=""254"" />Stay protected across all fire risks with this dependable multi-purpose fire extinguisher designed to tackle <strong data-start=""363"" data-end=""453"">Class A (ordinary combustibles), Class B (flammable liquids), and Class C (electrical)</strong> fires. The extinguishing agent—a siliconized monoammonium phosphate—melts at 350°F, creating a protective barrier on Class A materials, halting chemical reactions in Class B fires, and delivering safe, non-conductive suppression for Class C scenarios.
\n<h4 data-start=""707"" data-end=""728"">Key Features:</h4>
\n<ul>
\n 	<li data-start=""707"" data-end=""728""><b>All Fire extinguishers come with a 6 Year Manufacturer’s Warranty.</b></li>
\n 	<li data-start=""707"" data-end=""728""><b>Certification Tag is available and is an extra fee.</b></li>
\n 	<li data-start=""707"" data-end=""728""><strong data-start=""731"" data-end=""758"">CAN/ULC Rating: 3A:10BC</strong> – Meets and exceeds Ministry of Labor standards for construction and industrial sites.</li>
\n 	<li data-start=""707"" data-end=""728""><strong>Heavy-Duty Construction</strong> – Steel cylinder with rugged all-metal valve ensures durability in demanding environments.</li>
\n 	<li data-start=""707"" data-end=""728""><strong data-start=""1190"" data-end=""1215"">Wall Bracket Included</strong> – For quick, visible access in high-risk areas.</li>
\n 	<li data-start=""707"" data-end=""728""><strong data-start=""1266"" data-end=""1292"">Multi-Pack Convenience</strong> –Bundle of 5 extinguishers, ideal for facilities, or multi-residential needs.</li>
\n 	<li data-start=""707"" data-end=""728""><strong>Certification Note: </strong>Certification tags are required for Commercial / Insurance compliance (Call Tesla Fire office for pricing).</li>
\n</ul>",in_stock,47,$372.50,$440.00,https://teslafiresystems.com/wp-content/uploads/2025/12/5-Pack-Amerex-5lb-Fire-Extinguisher.png,https://teslafiresystems.com/product/amerex-b500x-5lb-abc-multi-purpose-fire-extinguisher-5-pack/,,,,
17335,B500X6,,Amerex B500X - 5lb ABC Multi-Purpose Fire Extinguisher - 6 Pack,"<strong data-start=""211"" data-end=""251"">Versatile. Compliant. Built to Last.</strong><br data-start=""251"" data-end=""254"" />Stay protected across all fire risks with this dependable multi-purpose fire extinguisher designed to tackle <strong data-start=""363"" data-end=""453"">Class A (ordinary combustibles), Class B (flammable liquids), and Class C (electrical)</strong> fires. The extinguishing agent—a siliconized monoammonium phosphate—melts at 350°F, creating a protective barrier on Class A materials, halting chemical reactions in Class B fires, and delivering safe, non-conductive suppression for Class C scenarios.
\n<h4 data-start=""707"" data-end=""728"">Key Features:</h4>
\n<ul>
\n 	<li data-start=""707"" data-end=""728""><b>All Fire extinguishers come with a 6 Year Manufacturer’s Warranty.</b></li>
\n 	<li data-start=""707"" data-end=""728""><b>Certification Tag is available and is an extra fee.</b></li>
\n 	<li data-start=""707"" data-end=""728""><strong data-start=""731"" data-end=""758"">CAN/ULC Rating: 3A:10BC</strong> – Meets and exceeds Ministry of Labor standards for construction and industrial sites.</li>
\n 	<li data-start=""707"" data-end=""728""><strong>Heavy-Duty Construction</strong> – Steel cylinder with rugged all-metal valve ensures durability in demanding environments.</li>
\n 	<li data-start=""707"" data-end=""728""><strong data-start=""1190"" data-end=""1215"">Wall Bracket Included</strong> – For quick, visible access in high-risk areas.</li>
\n 	<li data-start=""707"" data-end=""728""><strong data-start=""1266"" data-end=""1292"">Multi-Pack Convenience</strong> –Bundle of 6 extinguishers, ideal for facilities, or multi-residential needs.</li>
\n 	<li data-start=""707"" data-end=""728""><strong>Certification Note: </strong>Certification tags are required for Commercial / Insurance compliance (Call Tesla Fire office for pricing).</li>
\n</ul>",in_stock,56,$443.00,$530.00,https://teslafiresystems.com/wp-content/uploads/2025/12/B500X-6-Pack.png,https://teslafiresystems.com/product/amerex-b500x-5lb-abc-multi-purpose-fire-extinguisher-6-pack/,,,Amerex,new
17354,SF-10CO2A,002-100,Strike First 10lb CO2 | UL/ULC Approved | USCG Approved,"The Strike First 10lb CO2 extinguisher is an effective solution for fighting Class B and Class C fires, including flammable liquids and electrically non-conductive fires. It releases CO2 as a white cloud of “snow,” suffocating the fire by displacing oxygen. This clean, odorless gas leaves no residue, making it ideal for use in sensitive environments like automobiles, computer rooms, and areas with electrical equipment.",in_stock,28,$320.00,$330.00,https://teslafiresystems.com/wp-content/uploads/2025/12/Untitled-1.png,https://teslafiresystems.com/product/strike-first-10lb-co2-ul-ulc-approved-uscg-approved/,,SF-10CO2A,Strike First,new
17530,21031518,0-4787131518-5,Kidde DETECT – Battery Operated Photoelectric Smoke & CO w/10 Year Sealed Battery - NO VOICE ALERT (30CUD10-CA),"This alarm offers a modern 5″ design ideal for all living spaces. Cutting edge technology sends fast alerts that give your family more time to get out safely and enhanced sensing technology reduces false alarms often caused by cooking.
\n<ul>
\n 	<li><strong>Worry-Free 10-Year Battery Backup:</strong> No battery changes for 10 years.† Avoids inconvenient battery replacements and saves up to $40 over the life of the device.</li>
\n 	<li><strong>Double the Detection:</strong> Alerts you to both smoke &amp; carbon monoxide (CO) using a single, cost-effective device.
\nThis product has <strong>NO VOICE ALERTS</strong></li>
\n</ul>
\n<div class=""card-title h3 animate-content"">
\n
\n<strong>NO LOW BATTERY CHIRPS</strong>
\n
\n</div>
\n<div class=""card-text animate-content"">
\n
\nThis alarm beeps to remind you it’s time to replace it 10 years after it is powered.
\n<div class=""card-title h3 animate-content"">
\n
\n<strong>REDUCED NUISANCE ALARMS</strong>
\n
\n</div>
\n<div class=""card-text animate-content"">
\n
\nReduces false alarms often caused by cooking.
\n<div class=""card-title h3 animate-content"">
\n
\n<strong>SELF-TESTING</strong>
\n
\n</div>
\n<div class=""card-text animate-content"">
\n
\nInternal components ensure alarm is always operating as expected.**
\n
\n</div>
\n</div>
\n</div>",in_stock,1.2,$69.00,$80.58,https://teslafiresystems.com/wp-content/uploads/2026/01/image-1.png,https://teslafiresystems.com/product/kidde_no-voice-alert-30cud10-ca/,,30CUD10-CA,Kidde,new
17535,21032239,47871322398,Kidde Quick Connect Alarm Adapter,"The Kidde Quick Connect Wiring Adapter for Hardwired Smoke and Combination Detectors connects a new Kidde smoke or combination detector with other Kidde hardwired alarms easily, without having to strip wires or use wiring nuts. Kidde wiring adapters create a quick and easy installation experience for hardwired detectors.",in_stock,1.2,$5.50,$9.00,"https://teslafiresystems.com/wp-content/uploads/2026/01/20-9003_f.jpg, https://teslafiresystems.com/wp-content/uploads/2026/01/20-9003_atf_07.jpg, https://teslafiresystems.com/wp-content/uploads/2026/01/20-9003_atf_05.jpg, https://teslafiresystems.com/wp-content/uploads/2026/01/20-9003_atf_03.jpg",https://teslafiresystems.com/product/kidde-quick-connect-alarm-adapter/,,20-9003,Kidde,new
17541,A142,142,AUTOMATIC SPRINKLER VALVE CONTROL - Aluminum Sign,"<p data-start=""324"" data-end=""678""><strong>Ensure critical fire protection components are clearly identified with this </strong><strong data-start=""400"" data-end=""451"">Automatic Sprinkler Valve Control Aluminum Sign</strong><strong>. This sign provides a clear, bold warning that the valve controls the automatic sprinkler system and must remain open at all times—helping prevent accidental shutdowns that could compromise life safety and property protection.</strong></p>\n<p data-start=""680"" data-end=""989""><strong>Manufactured from </strong><strong data-start=""698"" data-end=""718"">durable aluminum</strong><strong>, the sign is suitable for indoor and outdoor use, resisting corrosion, moisture, and general wear. The </strong><strong data-start=""822"" data-end=""875"">high-contrast red background with white lettering</strong><strong> ensures excellent visibility in mechanical rooms, valve rooms, stairwells, and other sprinkler control locations.</strong></p>\n<p data-start=""991"" data-end=""1278""><strong>Pre-drilled mounting holes allow for quick and secure installation on walls, doors, or near valve assemblies. This sign supports compliance with common fire code and inspection requirements and is widely used in </strong><strong data-start=""1203"" data-end=""1277"">commercial, industrial, institutional, and multi-residential buildings</strong><strong>.</strong></p>\n<p data-start=""1280"" data-end=""1397""><strong>Bottom line: this is not decorative—it’s a </strong><strong data-start=""1323"" data-end=""1366"">code-driven, safety-critical identifier</strong><strong> that inspectors expect to see.</strong></p>",in_stock,0.5,,$12.00,https://teslafiresystems.com/wp-content/uploads/2026/01/A142.png,https://teslafiresystems.com/product/automatic-sprinkler-valve-control-aluminum-sign/,,A142,Tesla Fire Systems,new
17544,,,"""Fire Extinguisher Inside"" - 6"" x 9"" - Adhesive Vinyl Sign","<p data-start=""255"" data-end=""569"">Ensure fire extinguishers are easy to locate during an emergency with this <strong data-start=""330"" data-end=""385"">“Fire Extinguisher Inside” Self-Adhesive Vinyl Sign</strong>. Featuring a bold red background, high-contrast white lettering, and a universally recognized extinguisher symbol, this sign delivers immediate visual recognition when seconds matter.</p>
\n<p data-start=""571"" data-end=""852"">Manufactured from <strong data-start=""589"" data-end=""620"">durable self-adhesive vinyl</strong>, the sign applies quickly to smooth surfaces such as doors, walls, cabinets, and glass—no drilling or hardware required. The adhesive backing provides a secure hold for indoor use while maintaining a clean, professional appearance.</p>
\n<p data-start=""854"" data-end=""1084"">Commonly used in <strong data-start=""871"" data-end=""966"">commercial buildings, offices, warehouses, schools, condominiums, and industrial facilities</strong>, this sign supports fire safety best practices and inspection expectations by clearly marking extinguisher locations.</p>
\n<p data-start=""1086"" data-end=""1193"">This is a simple, effective, and low-cost way to improve fire safety visibility without permanent mounting.</p>",in_stock,0.5,,$7.00,https://teslafiresystems.com/wp-content/uploads/2026/01/BR_BL116.png,https://teslafiresystems.com/product/fire-extinguisher-inside-6-x-9-adhesive-vinyl-sign/,,,,
17717,,,Emergency Exit – Unlocked by Fire Alarm | Vinyl Adhesive Safety Label,"<p data-start=""528"" data-end=""772"">This <strong data-start=""533"" data-end=""576"">Emergency Exit – Unlocked by Fire Alarm</strong> vinyl adhesive label is intended for doors equipped with <strong data-start=""634"" data-end=""718"">electromagnetic locks, delayed-egress locks, or access-controlled egress systems</strong> that automatically unlock upon fire alarm activation.</p>\n<p data-start=""774"" data-end=""1039"">Printed in <strong data-start=""785"" data-end=""824"">bold red text on a white background</strong>, the label ensures immediate visibility and clear communication during emergency conditions. The pressure-sensitive vinyl backing allows for fast installation on <strong data-start=""987"" data-end=""1038"">metal, painted doors, glass, or smooth surfaces</strong>.</p>\n<p data-start=""1041"" data-end=""1239"">Ideal for use in <strong data-start=""1058"" data-end=""1132"">commercial, industrial, institutional, and multi-residential buildings</strong>, this label supports life-safety awareness and helps meet fire code signage requirements where applicable.</p>\n<strong data-start=""1241"" data-end=""1274"">Typical applications include:  </strong>\n<ul>\n 	<li>Electrically locked exit doors</li>\n 	<li>Fire alarm-released egress doors</li>\n 	<li>Access-controlled emergency exits</li>\n 	<li>Stairwells and controlled corridors</li>\n</ul>",in_stock,0.5,,$6.00,https://teslafiresystems.com/wp-content/uploads/2026/01/Emergency-Exit-Unlocked-by-Fire-Alarm.png,https://teslafiresystems.com/product/emergency-exit-unlocked-by-fire-alarm-vinyl-adhesive-safety-label/,,,,
17897,DD4120-ST15-17897,783863034411,System Sensor - D4120 4-Wire Photoelectric Duct Smoke Detector and 1.5' Sampling Tube,"<strong>DUCT DETECTOR:</strong>
\n<ul>
\n 	<li>24 VAC/DC or 120 VAC.</li>
\n</ul>
\nThe InnovairFlex D4120 4-wire photoelectric duct smoke detector features a pivoting housing that fits both square and rectangular footprints and mounts to round or rectangular ductwork.
\n
\nThis unit senses smoke in the most challenging conditions, operating in airflow speeds of 100 to 4,000 feet per minute, temperatures of –4°F to 158°F, and a humidity range of 0 to 95 percent (non-condensing).
\n
\nA plug-in sensor head offers improved false alarm immunity and simple installation, testing, and maintenance. An improved cover design isolates the sensor head from the low-flow feature for simple maintenance.
\n
\n<strong>SAMPLING TUBE:</strong>
\n<ul>
\n 	<li>1.5' / 18 inches - For use in Supply or Return Ducts.</li>
\n</ul>
\nThe DST family of sampling tubes are pieces of steel piping with a series of holes drilled the entire length of the tube and should extend the entire width of the duct. The correct length has to be chosen for width of the duct where it will be installed. The sampling tube length must extend at least 5/8 across the duct width for optimal performance. The sampling tube is always installed with the air inlet holes facing into the air flow. The tubes lock securely into place and can be removed by releasing the front or rear locking tab.",in_stock,3.5,$265.00,$290.00,https://teslafiresystems.com/wp-content/uploads/2026/02/dd.png,https://teslafiresystems.com/product/system-sensor-d4120-4-wire-photoelectric-duct-smoke-detector-with-1-5-sampling-tube-exhausting-tube-operates-on-24v-fire-alarm-and-120v-furnace-shutdown/,,D4120,System Sensor,new
18329,TFSPB-SS-1-ND,,Stainless Steel Fire Safety Plan Box | No Decal,"<div id=""Desktop-Detailed-Evaluation-Zone"" class=""celwidget"" data-feature-name=""Desktop-Detailed-Evaluation-Zone"" data-csa-c-type=""widget"" data-csa-c-content-id=""Desktop-Detailed-Evaluation-Zone"" data-csa-c-slot-id=""Desktop-Detailed-Evaluation-Zone"" data-csa-c-asin="""" data-csa-c-is-in-initial-active-row=""false"" data-csa-c-id=""d4rr47-s6fxxx-dxcesx-5ns7eg"" data-cel-widget=""Desktop-Detailed-Evaluation-Zone"">
\n<div id=""productDescription_feature_div"" class=""celwidget pd_rd_w-nxqPA pd_rd_r-XSBVQEMBGNPAC7KJNZHB pd_rd_wg-Sf5qv"" data-feature-name=""productDescription-3"" data-csa-c-type=""widget"" data-csa-c-content-id=""productDescription-3"" data-csa-c-slot-id=""productDescription_feature_div"" data-csa-c-asin="""" data-csa-c-is-in-initial-active-row=""false"" data-csa-c-id=""hnoq8d-9x4qvi-bnv24y-66o2ps"" data-cel-widget=""productDescription_feature_div"">
\n<div id=""productDescription_feature_div"" class=""a-row feature"" data-feature-name=""productDescription"" data-template-name=""productDescription"" data-cel-widget=""productDescription_feature_div"">
\n<div id=""productDescription"" class=""a-section a-spacing-small""><section class=""text-token-text-primary w-full focus:outline-none [--shadow-height:45px] has-data-writing-block:pointer-events-none has-data-writing-block:-mt-(--shadow-height) has-data-writing-block:pt-(--shadow-height) [&amp;:has([data-writing-block])&gt;*]:pointer-events-auto scroll-mt-(--header-height)"" dir=""auto"" data-turn-id=""3636389b-7e55-44ab-8349-5d9484004418"" data-testid=""conversation-turn-19"" data-scroll-anchor=""false"" data-turn=""user""></section><section class=""text-token-text-primary w-full focus:outline-none [--shadow-height:45px] has-data-writing-block:pointer-events-none has-data-writing-block:-mt-(--shadow-height) has-data-writing-block:pt-(--shadow-height) [&amp;:has([data-writing-block])&gt;*]:pointer-events-auto scroll-mt-[calc(var(--header-height)+min(200px,max(70px,20svh)))]"" dir=""auto"" data-turn-id=""request-WEB:7b51286b-f4a9-4146-b025-57072c21aedf-10"" data-testid=""conversation-turn-20"" data-scroll-anchor=""true"" data-turn=""assistant"">
\n<div class=""text-base my-auto mx-auto pb-10 [--thread-content-margin:var(--thread-content-margin-xs,calc(var(--spacing)*4))] @w-sm/main:[--thread-content-margin:var(--thread-content-margin-sm,calc(var(--spacing)*6))] @w-lg/main:[--thread-content-margin:var(--thread-content-margin-lg,calc(var(--spacing)*16))] px-(--thread-content-margin)"">
\n<div class=""[--thread-content-max-width:40rem] @w-lg/main:[--thread-content-max-width:48rem] mx-auto max-w-(--thread-content-max-width) flex-1 group/turn-messages focus-visible:outline-hidden relative flex w-full min-w-0 flex-col agent-turn"">
\n<div class=""flex max-w-full flex-col gap-4 grow"">
\n<div class=""min-h-8 text-message relative flex w-full flex-col items-end gap-2 text-start break-words whitespace-normal outline-none keyboard-focused:focus-ring [.text-message+&amp;]:mt-1"" dir=""auto"" tabindex=""0"" data-message-author-role=""assistant"" data-message-id=""e110cd43-656b-4403-90be-e2e5176e6a07"" data-message-model-slug=""gpt-5-3"" data-turn-start-message=""true"">
\n<div class=""flex w-full flex-col gap-1 empty:hidden"">
\n<div class=""markdown prose dark:prose-invert w-full wrap-break-word dark markdown-new-styling"">
\n<p data-start=""0"" data-end=""36"">Stainless Steel Fire Safety Plan Box</p>
\n<p data-start=""38"" data-end=""108""><strong data-start=""38"" data-end=""108"">Built for durability, compliance, and a clean professional finish.</strong></p>
\n<p data-start=""110"" data-end=""468"">This stainless steel fire safety plan box is designed to securely store your building’s fire safety plan in a clearly marked, easily accessible location. Ideal for commercial, industrial, institutional, and multi-residential properties, it helps ensure first responders and fire officials can quickly access critical documentation during an emergency.
\n<span style=""font-size: 16px;"">Constructed from high-quality stainless steel, this box offers superior corrosion resistance compared to painted steel alternatives, making it ideal for mechanical rooms, parking garages, high-humidity environments, and long-term installations.</span></p>
\n
\n<h2 data-section-id=""jhwtew"" data-start=""716"" data-end=""747""> Compliance-Ready Solution</h2>
\n<p data-start=""749"" data-end=""761"">Perfect for:</p>
\n
\n<ul data-start=""763"" data-end=""921"">
\n 	<li data-section-id=""dfyl15"" data-start=""763"" data-end=""794"">fire department inspections</li>
\n 	<li data-section-id=""1slnx4p"" data-start=""795"" data-end=""826"">annual fire code compliance</li>
\n 	<li data-section-id=""1l16w21"" data-start=""827"" data-end=""866"">property management standardization</li>
\n 	<li data-section-id=""12xr1v7"" data-start=""867"" data-end=""921"">retrofit upgrades from plastic or painted cabinets</li>
\n</ul>
\n<h2 data-section-id=""17xbmye"" data-start=""923"" data-end=""938"">Key Benefits</h2>
\n<ul data-start=""940"" data-end=""1148"">
\n 	<li data-section-id=""11omp3w"" data-start=""940"" data-end=""994"">stainless steel construction for long service life</li>
\n 	<li data-section-id=""1jockc4"" data-start=""995"" data-end=""1038"">corrosion-resistant professional finish</li>
\n 	<li data-section-id=""1eh9sg9"" data-start=""1039"" data-end=""1066"">secure document storage</li>
\n 	<li data-section-id=""1s9d9o2"" data-start=""1067"" data-end=""1101"">clear emergency identification</li>
\n 	<li data-section-id=""4i368i"" data-start=""1102"" data-end=""1148"">suitable for demanding indoor environments</li>
\n</ul>
\n<p data-start=""1150"" data-end=""1251"" data-is-last-node="""" data-is-only-node="""">Suitable across <span class=""hover:entity-accent entity-underline inline cursor-pointer align-baseline""><span class=""whitespace-normal"">Canada</span></span> for professional fire safety document storage</p>
\n
\n</div>
\n</div>
\n</div>
\n</div>
\n</div>
\n</div>
\n</section></div>
\n</div>
\n</div>
\n</div>",in_stock,6,,$495.00,"https://teslafiresystems.com/wp-content/uploads/2026/03/Screenshot-2026-03-28-at-7.53.47-PM.png, https://teslafiresystems.com/wp-content/uploads/2026/01/Weatherproof-Gasket-1.png",https://teslafiresystems.com/product/stainless-steel-fire-safety-plan-box-no-decal/,,TFSPB-SS,TESLA FIRE SYSTEMS,new
18331,TFSPB-SSWD-2,334-2,Stainless Steel Fire Safety Plan Box | Plain,"<div id=""Desktop-Detailed-Evaluation-Zone"" class=""celwidget"" data-feature-name=""Desktop-Detailed-Evaluation-Zone"" data-csa-c-type=""widget"" data-csa-c-content-id=""Desktop-Detailed-Evaluation-Zone"" data-csa-c-slot-id=""Desktop-Detailed-Evaluation-Zone"" data-csa-c-asin="""" data-csa-c-is-in-initial-active-row=""false"" data-csa-c-id=""d4rr47-s6fxxx-dxcesx-5ns7eg"" data-cel-widget=""Desktop-Detailed-Evaluation-Zone"">
\n<div id=""productDescription_feature_div"" class=""celwidget pd_rd_w-nxqPA pd_rd_r-XSBVQEMBGNPAC7KJNZHB pd_rd_wg-Sf5qv"" data-feature-name=""productDescription-3"" data-csa-c-type=""widget"" data-csa-c-content-id=""productDescription-3"" data-csa-c-slot-id=""productDescription_feature_div"" data-csa-c-asin="""" data-csa-c-is-in-initial-active-row=""false"" data-csa-c-id=""hnoq8d-9x4qvi-bnv24y-66o2ps"" data-cel-widget=""productDescription_feature_div"">
\n<div id=""productDescription_feature_div"" class=""a-row feature"" data-feature-name=""productDescription"" data-template-name=""productDescription"" data-cel-widget=""productDescription_feature_div"">
\n<div id=""productDescription"" class=""a-section a-spacing-small""><section class=""text-token-text-primary w-full focus:outline-none [--shadow-height:45px] has-data-writing-block:pointer-events-none has-data-writing-block:-mt-(--shadow-height) has-data-writing-block:pt-(--shadow-height) [&amp;:has([data-writing-block])&gt;*]:pointer-events-auto scroll-mt-(--header-height)"" dir=""auto"" data-turn-id=""6c6190cb-1135-4ea8-a9a6-b642aaaf17a5"" data-testid=""conversation-turn-15"" data-scroll-anchor=""false"" data-turn=""user""></section><section class=""text-token-text-primary w-full focus:outline-none [--shadow-height:45px] has-data-writing-block:pointer-events-none has-data-writing-block:-mt-(--shadow-height) has-data-writing-block:pt-(--shadow-height) [&amp;:has([data-writing-block])&gt;*]:pointer-events-auto scroll-mt-[calc(var(--header-height)+min(200px,max(70px,20svh)))]"" dir=""auto"" data-turn-id=""request-WEB:7b51286b-f4a9-4146-b025-57072c21aedf-8"" data-testid=""conversation-turn-16"" data-scroll-anchor=""true"" data-turn=""assistant"">
\n<div class=""text-base my-auto mx-auto pb-10 [--thread-content-margin:var(--thread-content-margin-xs,calc(var(--spacing)*4))] @w-sm/main:[--thread-content-margin:var(--thread-content-margin-sm,calc(var(--spacing)*6))] @w-lg/main:[--thread-content-margin:var(--thread-content-margin-lg,calc(var(--spacing)*16))] px-(--thread-content-margin)"">
\n<div class=""[--thread-content-max-width:40rem] @w-lg/main:[--thread-content-max-width:48rem] mx-auto max-w-(--thread-content-max-width) flex-1 group/turn-messages focus-visible:outline-hidden relative flex w-full min-w-0 flex-col agent-turn"">
\n<div class=""flex max-w-full flex-col gap-4 grow"">
\n<div class=""min-h-8 text-message relative flex w-full flex-col items-end gap-2 text-start break-words whitespace-normal outline-none keyboard-focused:focus-ring [.text-message+&amp;]:mt-1"" dir=""auto"" tabindex=""0"" data-message-author-role=""assistant"" data-message-id=""e1c0213f-b33b-463c-a857-763837051414"" data-message-model-slug=""gpt-5-3"" data-turn-start-message=""true"">
\n<div class=""flex w-full flex-col gap-1 empty:hidden"">
\n<div class=""markdown prose dark:prose-invert w-full wrap-break-word dark markdown-new-styling"">
\n<p data-start=""0"" data-end=""40"">Stainless Steel Fire Safety Plan Box</p>
\n<p data-start=""42"" data-end=""112""><strong data-start=""42"" data-end=""112"">Built for durability, compliance, and a clean professional finish.</strong></p>
\n<p data-start=""114"" data-end=""474"">This stainless steel fire safety plan cabinet is designed to securely store your building’s fire safety plan in a clearly marked, easily accessible location. Ideal for commercial, industrial, institutional, and multi-residential properties, it helps ensure first responders and fire officials can quickly access critical documentation during an emergency.</p>
\n<p data-start=""476"" data-end=""724"">Constructed from high-quality stainless steel, this cabinet offers superior corrosion resistance compared to painted steel alternatives, making it ideal for mechanical rooms, parking garages, high-humidity environments, and long-term installations.</p>
\n
\n<h2 data-section-id=""16iuopz"" data-start=""726"" data-end=""754"">Compliance-Ready Solution</h2>
\n<p data-start=""756"" data-end=""768"">Perfect for:</p>
\n
\n<ul data-start=""770"" data-end=""928"">
\n 	<li data-section-id=""dfyl15"" data-start=""770"" data-end=""801"">fire department inspections</li>
\n 	<li data-section-id=""1slnx4p"" data-start=""802"" data-end=""833"">annual fire code compliance</li>
\n 	<li data-section-id=""1l16w21"" data-start=""834"" data-end=""873"">property management standardization</li>
\n 	<li data-section-id=""12xr1v7"" data-start=""874"" data-end=""928"">retrofit upgrades from plastic or painted cabinets</li>
\n</ul>
\n<h2 data-section-id=""ruuu6i"" data-start=""930"" data-end=""947"">Key Advantages</h2>
\n<ul data-start=""949"" data-end=""1179"">
\n 	<li data-section-id=""11omp3w"" data-start=""949"" data-end=""1003"">stainless steel construction for long service life</li>
\n 	<li data-section-id=""kvsnq7"" data-start=""1004"" data-end=""1034"">corrosion-resistant finish</li>
\n 	<li data-section-id=""12cqcf0"" data-start=""1035"" data-end=""1083"">professional appearance for modern buildings</li>
\n 	<li data-section-id=""6wfl3d"" data-start=""1084"" data-end=""1128"">clearly visible emergency identification</li>
\n 	<li data-section-id=""8xaty4"" data-start=""1129"" data-end=""1179"">secure storage for critical fire documentation</li>
\n</ul>
\n<p data-start=""1181"" data-end=""1309"" data-is-last-node="""" data-is-only-node="""">Suitable across <span class=""hover:entity-accent entity-underline inline cursor-pointer align-baseline""><span class=""whitespace-normal"">Canada</span></span> for buildings requiring organized and accessible emergency documentation</p>
\n
\n</div>
\n</div>
\n</div>
\n</div>
\n</div>
\n</div>
\n</section></div>
\n</div>
\n</div>
\n</div>",in_stock,6,,$495.00,"https://teslafiresystems.com/wp-content/uploads/2026/03/Screenshot-2026-03-28-at-7.26.43-PM.png, https://teslafiresystems.com/wp-content/uploads/2026/01/Weatherproof-Gasket-1.png",https://teslafiresystems.com/product/stainless-steel-fire-safety-plan-box-plain/,,TFSPB-SS,TESLA FIRE SYSTEMS,new
18333,TFSPB-W-1-wd,,Fire Safety Plan Box | Plain White,"<div class=""flex flex-col text-sm pb-25""><section class=""text-token-text-primary w-full focus:outline-none [--shadow-height:45px] has-data-writing-block:pointer-events-none has-data-writing-block:-mt-(--shadow-height) has-data-writing-block:pt-(--shadow-height) [&amp;:has([data-writing-block])&gt;*]:pointer-events-auto scroll-mt-[calc(var(--header-height)+min(200px,max(70px,20svh)))]"" dir=""auto"" data-turn-id=""request-WEB:7b51286b-f4a9-4146-b025-57072c21aedf-6"" data-testid=""conversation-turn-12"" data-scroll-anchor=""true"" data-turn=""assistant"">
\n<div class=""text-base my-auto mx-auto pb-10 [--thread-content-margin:var(--thread-content-margin-xs,calc(var(--spacing)*4))] @w-sm/main:[--thread-content-margin:var(--thread-content-margin-sm,calc(var(--spacing)*6))] @w-lg/main:[--thread-content-margin:var(--thread-content-margin-lg,calc(var(--spacing)*16))] px-(--thread-content-margin)"">
\n<div class=""[--thread-content-max-width:40rem] @w-lg/main:[--thread-content-max-width:48rem] mx-auto max-w-(--thread-content-max-width) flex-1 group/turn-messages focus-visible:outline-hidden relative flex w-full min-w-0 flex-col agent-turn"">
\n<div class=""flex max-w-full flex-col gap-4 grow"">
\n<div class=""min-h-8 text-message relative flex w-full flex-col items-end gap-2 text-start break-words whitespace-normal outline-none keyboard-focused:focus-ring [.text-message+&amp;]:mt-1"" dir=""auto"" tabindex=""0"" data-message-author-role=""assistant"" data-message-id=""b8376088-de01-4a05-bf0c-5c0f41f37d87"" data-message-model-slug=""gpt-5-3"" data-turn-start-message=""true"">
\n<div class=""flex w-full flex-col gap-1 empty:hidden"">
\n<div class=""markdown prose dark:prose-invert w-full wrap-break-word dark markdown-new-styling"">
\n<p data-start=""0"" data-end=""392"">Ensure your building’s compliance and safety with our premium Fire Safety Plan Box, designed to provide a secure, visible, and accessible location for your fire safety plan. This durable box supports fire safety documentation requirements across <span class=""hover:entity-accent entity-underline inline cursor-pointer align-baseline""><span class=""whitespace-normal"">Canada</span></span> and helps ensure critical emergency information is available when needed by responding fire personnel.</p>
\n<p data-start=""0"" data-end=""392""><strong>Key Features</strong></p>
\n
\n<ul data-start=""411"" data-end=""1076"">
\n 	<li data-section-id=""153umuq"" data-start=""411"" data-end=""520""><strong data-start=""413"" data-end=""438"">Durable Construction:</strong> Made from galvanized steel for long-lasting protection and corrosion resistance</li>
\n 	<li data-section-id=""1a6mrqb"" data-start=""521"" data-end=""674""><strong data-start=""523"" data-end=""552"">Weather-Resistant Design:</strong> Equipped with a weatherproof door seal and overhanging sill to help protect contents from moisture and outdoor exposure</li>
\n 	<li data-section-id=""mwtwz7"" data-start=""675"" data-end=""798""><strong data-start=""677"" data-end=""697"">High Visibility:</strong> Reflective graphics allow easy identification by emergency personnel, even in low-light conditions</li>
\n 	<li data-section-id=""fvto51"" data-start=""799"" data-end=""863""><strong data-start=""801"" data-end=""819"">Secure Access:</strong> Includes <strong data-start=""829"" data-end=""842"">1 padlock</strong> for daily security</li>
\n 	<li data-section-id=""1d1ifuy"" data-start=""864"" data-end=""959""><strong data-start=""866"" data-end=""896"">Complete Installation Kit:</strong> Includes <strong data-start=""906"" data-end=""939"">anchorage hardware and screws</strong> for easy mounting</li>
\n 	<li data-section-id=""5iho13"" data-start=""960"" data-end=""1076""><strong data-start=""962"" data-end=""985"">Optimal Dimensions:</strong> <strong data-start=""986"" data-end=""1004"">13"" x 13"" x 4""</strong> — fits standard fire safety plans without taking excessive wall space</li>
\n</ul>
\n<h2 data-section-id=""ntyisd"" data-start=""1078"" data-end=""1089"">Included</h2>
\n<ul data-start=""1091"" data-end=""1161"">
\n 	<li data-section-id=""r0o496"" data-start=""1091"" data-end=""1115"">Fire Safety Plan Box</li>
\n 	<li data-section-id=""1544iq4"" data-start=""1116"" data-end=""1138"">Anchorage hardware</li>
\n 	<li data-section-id=""154t2rv"" data-start=""1139"" data-end=""1149"">Screws</li>
\n 	<li data-section-id=""1rwu6ly"" data-start=""1150"" data-end=""1161"">Padlock</li>
\n</ul>
\n<p data-start=""1163"" data-end=""1364"" data-is-last-node="""" data-is-only-node="""">By securely housing your fire safety plan in this compliant and durable box, you improve building readiness, document protection, and emergency accessibility. Fast delivery available across Canada 🇨🇦</p>
\n
\n</div>
\n</div>
\n</div>
\n</div>
\n<div class=""z-0 flex min-h-[46px] justify-start""></div>
\n<div class=""mt-3 w-full empty:hidden"">
\n<div class=""text-center""></div>
\n</div>
\n</div>
\n</div>
\n</section></div>
\n<div class=""pointer-events-none h-px w-px absolute bottom-0"" aria-hidden=""true"" data-edge=""true""></div>",in_stock,5,,$133.50,https://teslafiresystems.com/wp-content/uploads/2026/03/Screenshot-2026-03-28-at-7.45.53-PM.png,https://teslafiresystems.com/product/fire-safety-plan-box-plain-white/,,TFSPB-W,TESLA FIRE SYSTEMS,new
18344,TFSPB-W-1-nd,,Fire Safety Plan Box | White | No Decal,"<div class=""flex flex-col text-sm pb-25""><section class=""text-token-text-primary w-full focus:outline-none [--shadow-height:45px] has-data-writing-block:pointer-events-none has-data-writing-block:-mt-(--shadow-height) has-data-writing-block:pt-(--shadow-height) [&amp;:has([data-writing-block])&gt;*]:pointer-events-auto scroll-mt-[calc(var(--header-height)+min(200px,max(70px,20svh)))]"" dir=""auto"" data-turn-id=""request-WEB:7b51286b-f4a9-4146-b025-57072c21aedf-4"" data-testid=""conversation-turn-8"" data-scroll-anchor=""true"" data-turn=""assistant"">
\n<div class=""text-base my-auto mx-auto pb-10 [--thread-content-margin:var(--thread-content-margin-xs,calc(var(--spacing)*4))] @w-sm/main:[--thread-content-margin:var(--thread-content-margin-sm,calc(var(--spacing)*6))] @w-lg/main:[--thread-content-margin:var(--thread-content-margin-lg,calc(var(--spacing)*16))] px-(--thread-content-margin)"">
\n<div class=""[--thread-content-max-width:40rem] @w-lg/main:[--thread-content-max-width:48rem] mx-auto max-w-(--thread-content-max-width) flex-1 group/turn-messages focus-visible:outline-hidden relative flex w-full min-w-0 flex-col agent-turn"">
\n<div class=""flex max-w-full flex-col gap-4 grow"">
\n<div class=""min-h-8 text-message relative flex w-full flex-col items-end gap-2 text-start break-words whitespace-normal outline-none keyboard-focused:focus-ring [.text-message+&amp;]:mt-1"" dir=""auto"" tabindex=""0"" data-message-author-role=""assistant"" data-message-id=""dd28bfb3-e061-42d2-89f1-41bd6e05fd0c"" data-message-model-slug=""gpt-5-3"" data-turn-start-message=""true"">
\n<div class=""flex w-full flex-col gap-1 empty:hidden"">
\n<div class=""markdown prose dark:prose-invert w-full wrap-break-word dark markdown-new-styling"">
\n<p data-start=""0"" data-end=""165"">Ensure full building readiness with our premium Fire Safety Plan Box — built for secure document storage, quick emergency access, and broad compliance across Canada.</p>
\n<p data-start=""167"" data-end=""425"">Designed for buildings where fire safety plans must remain accessible to responding fire personnel, this box is suitable for use under provincial and municipal fire code requirements across Canada where approved fire safety documentation is required on site.</p>
\n
\n<h2 data-section-id=""1ma7m6t"" data-start=""427"" data-end=""442"">Key Features</h2>
\n<ul data-start=""444"" data-end=""1255"">
\n 	<li data-section-id=""xvotpm"" data-start=""444"" data-end=""547""><strong data-start=""446"" data-end=""472"">Accepted Across Canada</strong> — suitable for use under provincial and municipal fire code requirements</li>
\n 	<li data-section-id=""j2sffc"" data-start=""548"" data-end=""662""><strong data-start=""550"" data-end=""591"">Durable Galvanized Steel Construction</strong> — corrosion-resistant steel body for long-term indoor or outdoor use</li>
\n 	<li data-section-id=""1vxyz4v"" data-start=""663"" data-end=""802""><strong data-start=""665"" data-end=""697"">Weather-Resistant Protection</strong> — weatherproof door seal and overhanging sill help shield documents from moisture and weather exposure</li>
\n 	<li data-section-id=""k2f204"" data-start=""803"" data-end=""941""><strong data-start=""805"" data-end=""845"">High Visibility for Emergency Access</strong> — reflective graphics help emergency personnel locate the box quickly in low-light conditions</li>
\n 	<li data-section-id=""ee1y9m"" data-start=""942"" data-end=""1016""><strong data-start=""944"" data-end=""967"">Secure Daily Access</strong> — includes <strong data-start=""979"" data-end=""992"">1 padlock</strong> for everyday security</li>
\n 	<li data-section-id=""1arcnvw"" data-start=""1017"" data-end=""1132""><strong data-start=""1019"" data-end=""1057"">Complete Installation Kit Included</strong> — supplied with <strong data-start=""1074"" data-end=""1107"">anchorage hardware and screws</strong> for immediate mounting</li>
\n 	<li data-section-id=""1i99ny0"" data-start=""1133"" data-end=""1255""><strong data-start=""1135"" data-end=""1153"">Practical Size</strong> — <strong data-start=""1156"" data-end=""1174"">13"" x 13"" x 4""</strong> fits standard fire safety plan documents without taking unnecessary wall space</li>
\n</ul>
\n<h2 data-section-id=""mgeupi"" data-start=""1257"" data-end=""1279"">Included in the Box</h2>
\n<ul data-start=""1281"" data-end=""1364"">
\n 	<li data-section-id=""r0o496"" data-start=""1281"" data-end=""1305"">Fire Safety Plan Box</li>
\n 	<li data-section-id=""1544iq4"" data-start=""1306"" data-end=""1328"">Anchorage hardware</li>
\n 	<li data-section-id=""licgl3"" data-start=""1329"" data-end=""1352"">Installation screws</li>
\n 	<li data-section-id=""1rwu6ly"" data-start=""1353"" data-end=""1364"">Padlock</li>
\n</ul>
\n<h2 data-section-id=""19152au"" data-start=""1366"" data-end=""1393"">Why this product matters</h2>
\n<p data-start=""1395"" data-end=""1554"">A properly installed fire safety plan box helps keep critical emergency documents protected, visible, and ready when fire officials need immediate access
\nIdeal for:</p>
\n
\n<ul data-start=""1567"" data-end=""1685"">
\n 	<li data-section-id=""1p2hpft"" data-start=""1567"" data-end=""1590"">apartment buildings</li>
\n 	<li data-section-id=""1rf52fp"" data-start=""1591"" data-end=""1616"">commercial properties</li>
\n 	<li data-section-id=""48s5wa"" data-start=""1617"" data-end=""1637"">industrial units</li>
\n 	<li data-section-id=""120fsuz"" data-start=""1638"" data-end=""1649"">offices</li>
\n 	<li data-section-id=""1d5r9e7"" data-start=""1650"" data-end=""1661"">schools</li>
\n 	<li data-section-id=""1sy627y"" data-start=""1662"" data-end=""1685"">mixed-use buildings</li>
\n</ul>
\n<p data-start=""1687"" data-end=""1760"" data-is-last-node="""" data-is-only-node="""">Fast delivery available across <span class=""hover:entity-accent entity-underline inline cursor-pointer align-baseline""><span class=""whitespace-normal"">Canada</span></span></p>
\n
\n</div>
\n</div>
\n</div>
\n</div>
\n<div class=""z-0 flex min-h-[46px] justify-start""></div>
\n<div class=""mt-3 w-full empty:hidden"">
\n<div class=""text-center""></div>
\n</div>
\n</div>
\n</div>
\n</section></div>
\n<div class=""pointer-events-none h-px w-px absolute bottom-0"" aria-hidden=""true"" data-edge=""true""></div>",in_stock,5,,$133.50,https://teslafiresystems.com/wp-content/uploads/2026/03/n.png,https://teslafiresystems.com/product/fire-safety-plan-box-white-no-decal/,,TFSPB-W,TESLA FIRE SYSTEMS,new
18866,1190700R,,Gunnebo Fire Department Key Box - Keyed for Toronto,,in_stock,3,$390.00,$450.00,https://teslafiresystems.com/wp-content/uploads/2026/04/GUNNEBO1.jpg,https://teslafiresystems.com/product/gunnable-fire-dept-key-box/,,,,
18873,,,Clear Fire Retardant - 1 Quart Spray Bottle,"<div class=""flex flex-col text-sm pb-25""><section class=""text-token-text-primary w-full focus:outline-none [--shadow-height:45px] has-data-writing-block:pointer-events-none has-data-writing-block:-mt-(--shadow-height) has-data-writing-block:pt-(--shadow-height) [&amp;:has([data-writing-block])&gt;*]:pointer-events-auto scroll-mt-[calc(var(--header-height)+min(200px,max(70px,20svh)))]"" dir=""auto"" data-turn-id=""request-WEB:4ab1a14d-5e88-49f2-8edc-f5118d9d4d44-1"" data-testid=""conversation-turn-4"" data-scroll-anchor=""true"" data-turn=""assistant"">
\n<div class=""text-base my-auto mx-auto pb-10 [--thread-content-margin:var(--thread-content-margin-xs,calc(var(--spacing)*4))] @w-sm/main:[--thread-content-margin:var(--thread-content-margin-sm,calc(var(--spacing)*6))] @w-lg/main:[--thread-content-margin:var(--thread-content-margin-lg,calc(var(--spacing)*16))] px-(--thread-content-margin)"">
\n<div class=""[--thread-content-max-width:40rem] @w-lg/main:[--thread-content-max-width:48rem] mx-auto max-w-(--thread-content-max-width) flex-1 group/turn-messages focus-visible:outline-hidden relative flex w-full min-w-0 flex-col agent-turn"">
\n<div class=""flex max-w-full flex-col gap-4 grow"">
\n<div class=""min-h-8 text-message relative flex w-full flex-col items-end gap-2 text-start break-words whitespace-normal outline-none keyboard-focused:focus-ring [.text-message+&amp;]:mt-1"" dir=""auto"" tabindex=""0"" data-message-author-role=""assistant"" data-message-id=""0666b868-b735-4cfa-980a-db7362f38391"" data-message-model-slug=""gpt-5-3"" data-turn-start-message=""true"">
\n<div class=""flex w-full flex-col gap-1 empty:hidden"">
\n<div class=""markdown prose dark:prose-invert w-full wrap-break-word dark markdown-new-styling"">
\n<p data-start=""59"" data-end=""452""><span class=""hover:entity-accent entity-underline inline cursor-pointer align-baseline""><span class=""whitespace-normal"">Inspecta-Shield</span></span> <strong data-start=""97"" data-end=""164"">Inspecta-Shield® Fire Retardant Spray – 1 Quart (Clear Coating)</strong> is a <strong data-start=""170"" data-end=""212"">clear water-based fire retardant spray</strong> designed to slow flame spread on <strong data-start=""246"" data-end=""338"">fabric, wood, upholstery, curtains, carpets, décor, paper, and other absorbent materials</strong>. It provides <strong data-start=""352"" data-end=""379"">Class A fire protection</strong> by helping delay ignition and reduce fire intensity before fire spreads.</p>
\n<p data-start=""454"" data-end=""871"">Ideal for <strong data-start=""464"" data-end=""605"">homes, offices, schools, commercial buildings, rental units, construction sites, and public spaces in Toronto, Ontario, and across Canada</strong>, this easy spray-on formula dries clear, is non-toxic, odorless, and helps treated materials meet key fire safety standards including <strong data-start=""740"" data-end=""790""><span class=""hover:entity-accent entity-underline inline cursor-pointer align-baseline""><span class=""whitespace-normal"">National Fire Protection Association</span></span> NFPA 701</strong>, <strong data-start=""792"" data-end=""843""><span class=""hover:entity-accent entity-underline inline cursor-pointer align-baseline""><span class=""whitespace-normal"">ASTM International</span></span> ASTM E-84</strong>, and UL tested performance.</p>
\n<p data-start=""873"" data-end=""1112"">✔️ Class A fire retardant for combustible materials<br data-start=""924"" data-end=""927"" />✔️ Clear coating for fabric, wood, and décor<br data-start=""971"" data-end=""974"" />✔️ Easy spray application<br data-start=""999"" data-end=""1002"" />✔️ Non-toxic water-based formula<br data-start=""1034"" data-end=""1037"" data-is-only-node="""" />✔️ Helps support fire code compliance<br data-start=""1074"" data-end=""1077"" />✔️ Commercial and residential use</p>
\n<p data-start=""1114"" data-end=""1231"">⚠️ <strong data-start=""1117"" data-end=""1131"">Important:</strong> This is a <strong data-start=""1142"" data-end=""1168"">fire retardant coating</strong>, not a fire extinguisher. It does not extinguish active fires.</p>
\n<p data-start=""1233"" data-end=""1336"" data-is-last-node="""" data-is-only-node=""""><strong data-start=""1233"" data-end=""1336"" data-is-last-node="""">Trusted fire retardant spray in Toronto, Ontario, and Canada for proactive fire protection. 🔥🇨🇦✅</strong></p>
\n
\n</div>
\n</div>
\n</div>
\n</div>
\n<div class=""z-0 flex min-h-[46px] justify-start""></div>
\n<div class=""mt-3 w-full empty:hidden"">
\n<div class=""text-center""></div>
\n</div>
\n</div>
\n</div>
\n</section></div>
\n<div class=""pointer-events-none h-px w-px absolute bottom-0"" aria-hidden=""true"" data-edge=""true"">
\n<div>
\n
\nFire retardant spray for Class A materials like fabric &amp; wood. Water-based, easy to apply, helps meet NFPA standards. Fast shipping Canada.
\n
\n</div>
\n<div>
\n<div class=""gmail_signature"" dir=""ltr"" data-smartmail=""gmail_signature"">
\n<div dir=""ltr"">
\n<div></div>
\n</div>
\n</div>
\n</div>
\n</div>",in_stock,2,$115.54,$173.31,https://teslafiresystems.com/wp-content/uploads/2026/04/Blankets-Ladders-Fire-Retardant-3-Clear-Fire-Retardant-1-Quart-Spray.png,https://teslafiresystems.com/product/clear-fire-retardant-1-quart-spray-bottle/,,,,
18875,,,Inspecta-Shield Clear Fire Retardant - 5 Gallon Drum,"<div class=""flex flex-col text-sm pb-25""><section class=""text-token-text-primary w-full focus:outline-none [--shadow-height:45px] has-data-writing-block:pointer-events-none has-data-writing-block:-mt-(--shadow-height) has-data-writing-block:pt-(--shadow-height) [&amp;:has([data-writing-block])&gt;*]:pointer-events-auto scroll-mt-[calc(var(--header-height)+min(200px,max(70px,20svh)))]"" dir=""auto"" data-turn-id=""request-WEB:4ab1a14d-5e88-49f2-8edc-f5118d9d4d44-1"" data-testid=""conversation-turn-4"" data-scroll-anchor=""true"" data-turn=""assistant"">
\n<div class=""text-base my-auto mx-auto pb-10 [--thread-content-margin:var(--thread-content-margin-xs,calc(var(--spacing)*4))] @w-sm/main:[--thread-content-margin:var(--thread-content-margin-sm,calc(var(--spacing)*6))] @w-lg/main:[--thread-content-margin:var(--thread-content-margin-lg,calc(var(--spacing)*16))] px-(--thread-content-margin)"">
\n<div class=""[--thread-content-max-width:40rem] @w-lg/main:[--thread-content-max-width:48rem] mx-auto max-w-(--thread-content-max-width) flex-1 group/turn-messages focus-visible:outline-hidden relative flex w-full min-w-0 flex-col agent-turn"">
\n<div class=""flex max-w-full flex-col gap-4 grow"">
\n<div class=""min-h-8 text-message relative flex w-full flex-col items-end gap-2 text-start break-words whitespace-normal outline-none keyboard-focused:focus-ring [.text-message+&amp;]:mt-1"" dir=""auto"" tabindex=""0"" data-message-author-role=""assistant"" data-message-id=""0666b868-b735-4cfa-980a-db7362f38391"" data-message-model-slug=""gpt-5-3"" data-turn-start-message=""true"">
\n<div class=""flex w-full flex-col gap-1 empty:hidden"">
\n<div class=""markdown prose dark:prose-invert w-full wrap-break-word dark markdown-new-styling"">
\n<p data-start=""59"" data-end=""452""><span class=""hover:entity-accent entity-underline inline cursor-pointer align-baseline""><span class=""whitespace-normal"">Inspecta-Shield</span></span> <strong data-start=""97"" data-end=""164"">Clear Fire Retardant - 5 Gallon Drum
\n(Clear Coating)</strong> is a <strong data-start=""170"" data-end=""212"">clear water-based fire retardant spray</strong> designed to slow flame spread on <strong data-start=""246"" data-end=""338"">fabric, wood, upholstery, curtains, carpets, décor, paper, and other absorbent materials</strong>. It provides <strong data-start=""352"" data-end=""379"">Class A fire protection</strong> by helping delay ignition and reduce fire intensity before fire spreads.</p>
\n<p data-start=""454"" data-end=""871"">Ideal for <strong data-start=""464"" data-end=""605"">homes, offices, schools, commercial buildings, rental units, construction sites, and public spaces in Toronto, Ontario, and across Canada</strong>, this easy spray-on formula dries clear, is non-toxic, odorless, and helps treated materials meet key fire safety standards including <strong data-start=""740"" data-end=""790""><span class=""hover:entity-accent entity-underline inline cursor-pointer align-baseline""><span class=""whitespace-normal"">National Fire Protection Association</span></span> NFPA 701</strong>, <strong data-start=""792"" data-end=""843""><span class=""hover:entity-accent entity-underline inline cursor-pointer align-baseline""><span class=""whitespace-normal"">ASTM International</span></span> ASTM E-84</strong>, and UL tested performance.</p>
\n<p data-start=""873"" data-end=""1112"">✔️ Class A fire retardant for combustible materials<br data-start=""924"" data-end=""927"" />✔️ Clear coating for fabric, wood, and décor<br data-start=""971"" data-end=""974"" />✔️ Easy spray application<br data-start=""999"" data-end=""1002"" />✔️ Non-toxic water-based formula<br data-start=""1034"" data-end=""1037"" data-is-only-node="""" />✔️ Helps support fire code compliance<br data-start=""1074"" data-end=""1077"" />✔️ Commercial and residential use</p>
\n<p data-start=""1114"" data-end=""1231"">⚠️ <strong data-start=""1117"" data-end=""1131"">Important:</strong> This is a <strong data-start=""1142"" data-end=""1168"">fire retardant coating</strong>, not a fire extinguisher. It does not extinguish active fires.</p>
\n<p data-start=""1233"" data-end=""1336"" data-is-last-node="""" data-is-only-node=""""><strong data-start=""1233"" data-end=""1336"" data-is-last-node="""">Trusted fire retardant spray in Toronto, Ontario, and Canada for proactive fire protection. 🔥🇨🇦✅</strong></p>
\n
\n</div>
\n</div>
\n</div>
\n</div>
\n<div class=""z-0 flex min-h-[46px] justify-start""></div>
\n<div class=""mt-3 w-full empty:hidden"">
\n<div class=""text-center""></div>
\n</div>
\n</div>
\n</div>
\n</section></div>
\n<div class=""pointer-events-none h-px w-px absolute bottom-0"" aria-hidden=""true"" data-edge=""true"">
\n<div>
\n
\n&nbsp;
\n
\n</div>
\n<div>
\n<div class=""gmail_signature"" dir=""ltr"" data-smartmail=""gmail_signature"">
\n<div dir=""ltr"">
\n<div></div>
\n</div>
\n</div>
\n</div>
\n</div>",in_stock,10,$941.62,"$1,412.43",https://teslafiresystems.com/wp-content/uploads/2026/04/Blankets-Ladders-Fire-Retardant-2-Clear-Fire-Retardant-5-Gallon-Pail.png,https://teslafiresystems.com/product/inspecta-shield-clear-fire-retardant-5-gallon-drum/,,,,
18877,,,Emergency Fire Blanket | For Fire Suppression & Burn Victim Protection,"The Water-Jel Fire Blanket Plus is a must-have fire safety solution designed for rapid response to small fires and personal burn emergencies. Unlike traditional fire extinguishers, this fire blanket works by cutting off oxygen, instantly smothering flames and preventing fire spread.
\n
\nHoused in a high-visibility, durable orange container, this unit is built for quick access in emergency situations, making it ideal for residential, commercial, automotive, and industrial applications.
\n
\n<strong>5 Year Shelf Life</strong>
\n
\n<strong>Dual Purpose Protection</strong>
\nFire suppression – Safely extinguish small fires (grease, clothing, surfaces)
\nBurn protection – Wrap around individuals to reduce heat exposure and injury
\n
\n<strong>Simple, Fast Deployment</strong>
\nDesigned for untrained users, the blanket can be deployed in seconds:
\n<ul>
\n 	<li>Remove blanket from container</li>
\n 	<li>Place over fire or wrap victim</li>
\n 	<li>Smother flames and isolate heat source</li>
\n</ul>
\n<strong>Perfect for:</strong>
\n<ul>
\n 	<li>Kitchens (residential &amp; commercial)</li>
\n 	<li>Vehicles, trucks, and fleet units</li>
\n 	<li>Construction sites &amp; workshops</li>
\n 	<li>Warehouses &amp; industrial facilities</li>
\n 	<li>Boats, RVs &amp; off-road vehicles</li>
\n</ul>
\n✅KEY FEATURES (BULLETS)
\n
\n✔️Instant Fire Suppression – Smothers flames by cutting oxygen supply
\n✔️Multi-Purpose Use – Fire control + personal burn protection
\n✔️No Mess / No Residue – Clean alternative to extinguishers
\n✔️Easy to Use – No training required (ideal for emergencies)
\n✔️High-Visibility Container – Bright orange housing for quick identification
\n✔️Compact &amp; Portable – Mount or store in accessible locations
\n✔️Ideal for Kitchens &amp; Vehicles – Critical for grease and clothing fires
\n✔️Reliable Emergency Equipment – Essential for safety compliance setups
\n✔️ 5 Year Shelf Life",in_stock,5,$520.50,$650.80,https://teslafiresystems.com/wp-content/uploads/2026/04/Blankets-Ladders-Fire-Retardant-1-Burn-Blanket.png,https://teslafiresystems.com/product/emergency-fire-blanket-for-fire-suppression-burn-victim-protection/,,,,
19002,CA03VB,,ANSUL CLEANGUARD+ 3.5 lb Clean Agent Fire Extinguisher – 2-B:C – Model CA03VB,"The <strong>ANSUL CLEANGUARD+ 3.5 lb Clean Agent Fire Extinguisher</strong> is built for locations where a traditional dry chemical extinguisher could create unnecessary mess, contamination, or damage. Designed for the protection of <strong>light and ordinary hazards</strong>, this compact extinguisher is a smart choice for commercial, technical, and compliance-driven applications where sensitive equipment and valuable contents need cleaner fire protection.
\n
\nThis model uses <strong>FK-5-1-12 clean agent</strong>, a <strong>colorless, odorless, electrically non-conductive agent</strong> that discharges as a liquid and flashes to a gas for effective suppression. It is <strong>residue-free</strong>, will not cause <strong>thermal shock damage to delicate electronics</strong>, and is accepted by the <strong>EPA SNAP program</strong> for commercial, industrial, and military use. It also offers <strong>zero ozone depletion potential</strong>, <strong>less than 1 global warming potential</strong>, and a very short atmospheric lifespan.
\n
\nThe <strong>CA03VB</strong> model has a <strong>3.5 lb agent capacity</strong>, <strong>2-B:C UL/ULC rating</strong>, <strong>8.9 second discharge time</strong>, <strong>8–10 ft effective range</strong>, and a <strong>charged weight of 6.08 lb</strong>. Its compact size makes it well suited for installations where space is limited but dependable clean-agent protection is still required.
\n
\nANSUL also builds the CLEANGUARD+ series with a <strong>large easy-to-read pressure gauge</strong>, <strong>trilingual mylar nameplate</strong>, <strong>rechargeable design</strong>, and <strong>durable steel cylinder construction</strong>. The valve body is made from <strong>black anodized aluminum alloy</strong> for added corrosion resistance, and the extinguisher is rated for an operating temperature range of <strong>-40°F to 120°F (-40°C to 49°C)</strong>.
\n
\nRecommended applications include:
\n<strong>computer rooms, essential communication areas, data and document storage rooms, laboratories, and rooms containing sensitive or irreplaceable equipment.</strong>
\n<ul>
\n 	<li><strong>Model:</strong> CA03VB</li>
\n 	<li><strong>Part Number:</strong> 443475</li>
\n 	<li><strong>Agent Capacity:</strong> 3.5 lb (1.59 kg)</li>
\n 	<li><strong>UL/ULC Rating:</strong> 2-B:C</li>
\n 	<li><strong>Listings:</strong> UL and ULC listed</li>
\n 	<li><strong>Clean Agent:</strong> FK-5-1-12</li>
\n 	<li><strong>No Residue / No Cleanup:</strong> Safe for sensitive electronics and valuable assets</li>
\n 	<li><strong>Electrically Non-Conductive:</strong> Suitable for energized electrical hazards where clean-agent protection is preferred</li>
\n 	<li><strong>Discharge Time:</strong> 8.9 seconds</li>
\n 	<li><strong>Effective Range:</strong> 8 ft to 10 ft</li>
\n 	<li><strong>Charged Weight:</strong> 6.08 lb (2.76 kg)</li>
\n 	<li><strong>Operating Temperature:</strong> -40°F to 120°F (-40°C to 49°C)</li>
\n 	<li><strong>Typical Applications:</strong> Computer rooms, control areas, labs, telecom spaces, data/document storage, and sensitive equipment rooms</li>
\n 	<li><strong>Warranty:</strong> Six-year limited warranty</li>
\n</ul>",in_stock,6.5,$439.00,$475.00,https://teslafiresystems.com/wp-content/uploads/2026/04/ansulc.png,https://teslafiresystems.com/product/ansul-cleanguard-3-5-lb-clean-agent-fire-extinguisher-ca03vb/,,,ANSUL,new
19004,CA27VB,,ANSUL CLEANGUARD+ 27.75 lb Clean Agent Fire Extinguisher – 20-B:C – Model CA27VB,"This is your <strong>top-tier portable clean agent unit</strong> before stepping into wheeled systems.
\n
\nThe <strong>27.75 lb CLEANGUARD+</strong> is built for <strong>high-risk, high-value environments</strong> where downtime and damage are NOT acceptable.
\n
\nPerfect for:
\n<ul>
\n 	<li>Data centers</li>
\n 	<li>Electrical distribution rooms</li>
\n 	<li>Industrial control systems</li>
\n 	<li>Clean manufacturing</li>
\n 	<li>Mission-critical infrastructure</li>
\n</ul>
\nThis unit gives you:
\n<ul>
\n 	<li><strong>Maximum discharge time</strong></li>
\n 	<li><strong>Extended reach</strong></li>
\n 	<li><strong>High knockdown capability</strong></li>
\n 	<li><strong>Zero contamination risk</strong></li>
\n</ul>
\nIf a fire hits in a sensitive environment — this is the extinguisher that <strong>puts it out without creating a second problem</strong>.
\n<ul>
\n 	<li><strong>Model:</strong> CA27VB</li>
\n 	<li><strong>Agent Capacity:</strong> 27.75 lb</li>
\n 	<li><strong>UL/ULC Rating:</strong> 20-B:C</li>
\n 	<li><strong>Agent Type:</strong> FK-5-1-12 Clean Agent</li>
\n 	<li><strong>Residue-Free / No Cleanup</strong></li>
\n 	<li><strong>Non-Conductive</strong></li>
\n 	<li><strong>Discharge Time:</strong> ~18–20 sec</li>
\n 	<li><strong>Range:</strong> ~15–18 ft</li>
\n 	<li><strong>Heavy-Duty Commercial Build</strong></li>
\n 	<li><strong>Rechargeable</strong></li>
\n 	<li><strong>Warranty:</strong> 6-Year Limited</li>
\n</ul>",in_stock,32,"$2,031.00","$2,200.00",https://teslafiresystems.com/wp-content/uploads/2026/04/ansuld.png,https://teslafiresystems.com/product/ansul-cleanguard-27-75-lb-clean-agent-fire-extinguisher-20-bc-model-ca27vb/,,,,
19005,CA13VB,,ANSUL CLEANGUARD+ 13 lb Clean Agent Fire Extinguisher – 10-B:C – Model CA13VB,"The <strong>ANSUL CLEANGUARD+ 13 lb Clean Agent Fire Extinguisher</strong> provides <strong>higher capacity clean-agent protection</strong> for commercial and industrial environments where <strong>equipment protection is critical</strong>.
\n
\nThe <strong>13 lb CLEANGUARD+</strong> is where you move into <strong>serious commercial coverage</strong>.
\n
\nThis unit delivers <strong>longer discharge time and stronger suppression capability</strong>, making it ideal for:
\n<ul>
\n 	<li>Electrical rooms</li>
\n 	<li>Manufacturing control panels</li>
\n 	<li>Data centers</li>
\n 	<li>Laboratories</li>
\n 	<li>Telecom infrastructure</li>
\n</ul>
\nUnlike dry chemical extinguishers, this unit:
\n<ul>
\n 	<li><strong>Does NOT damage electronics</strong></li>
\n 	<li><strong>Does NOT require cleanup</strong></li>
\n 	<li><strong>Does NOT contaminate sensitive areas</strong></li>
\n</ul>
\nIt uses <strong>FK-5-1-12</strong>, a <strong>low GWP / zero ODP clean agent</strong>, making it both <strong>performance-driven and environmentally compliant</strong>.
\n<ul>
\n 	<li><strong>Model:</strong> CA13VB</li>
\n 	<li><strong>Agent Capacity:</strong> 13 lb</li>
\n 	<li><strong>UL/ULC Rating:</strong> 10-B:C</li>
\n 	<li><strong>Clean Agent:</strong> FK-5-1-12</li>
\n 	<li><strong>Residue-Free Operation</strong></li>
\n 	<li><strong>Safe for Electronics</strong></li>
\n 	<li><strong>Discharge Time:</strong> ~13–15 sec</li>
\n 	<li><strong>Range:</strong> ~12–15 ft</li>
\n 	<li><strong>Rechargeable Design</strong></li>
\n 	<li><strong>Heavy-Duty Steel Cylinder</strong></li>
\n 	<li><strong>Warranty:</strong> 6-Year Limited</li>
\n</ul>",in_stock,17,"$1,230.00","$1,400.00",https://teslafiresystems.com/wp-content/uploads/2026/04/ansulb_.png,https://teslafiresystems.com/product/ansul-cleanguard-13-lb-clean-agent-fire-extinguisher-10-bc-model-ca13vb/,,,,
19006,CA07VB,,ANSUL CLEANGUARD+ 7.5 lb Clean Agent Fire Extinguisher – 5-B:C – Model CA07VB,"The <strong>ANSUL CLEANGUARD+ 7.5 lb Clean Agent Fire Extinguisher</strong> delivers <strong>residue-free fire suppression</strong> using FK-5-1-12 clean agent. Designed for <strong>electronics, server rooms, and sensitive environments</strong>, it protects without damage or cleanup
\n
\nThe <strong>7.5 lb CLEANGUARD+</strong> is the step-up from small handheld units — giving more <strong>discharge time, range, and knockdown power</strong> while still keeping the <strong>clean agent advantage</strong>.
\n
\nBuilt for <strong>commercial and technical environments</strong>, this extinguisher eliminates the biggest problem with ABC units: <strong>mess and damage</strong>. The FK-5-1-12 agent <strong>evaporates instantly</strong>, leaving <strong>zero residue</strong>, making it ideal for:
\n<ul>
\n 	<li>Server rooms</li>
\n 	<li>Electrical panels</li>
\n 	<li>Telecom rooms</li>
\n 	<li>Offices with high-value equipment</li>
\n</ul>
\nIt’s <strong>UL/ULC listed</strong>, <strong>rechargeable</strong>, and built with a <strong>durable steel cylinder + anodized aluminum valve</strong>.
\n<ul>
\n 	<li><strong>Model:</strong> CA07VB</li>
\n 	<li><strong>Agent Capacity:</strong> 7.5 lb</li>
\n 	<li><strong>UL/ULC Rating:</strong> 5-B:C</li>
\n 	<li><strong>Agent Type:</strong> FK-5-1-12 Clean Agent</li>
\n 	<li><strong>No Residue / No Cleanup</strong></li>
\n 	<li><strong>Electrically Non-Conductive</strong></li>
\n 	<li><strong>Discharge Time:</strong> ~10–12 sec</li>
\n 	<li><strong>Range:</strong> ~10–12 ft</li>
\n 	<li><strong>Operating Temp:</strong> -40°C to 49°C</li>
\n 	<li><strong>Application:</strong> Electrical rooms, offices, data environments</li>
\n 	<li><strong>Warranty:</strong> 6-Year Limited</li>
\n</ul>",in_stock,11,$619.00,$685.00,https://teslafiresystems.com/wp-content/uploads/2026/04/ansul-a.png,https://teslafiresystems.com/product/ansul-cleanguard-7-5-lb-clean-agent-fire-extinguisher-5-bc-model-ca07vb/,,,,
19009,TFS-1055-W,990312860440,5lb Surface Mounted Plastic Fire Extinguisher Cabinet - White,"Keep your extinguisher protected, visible, and ready for emergency use with this <strong>surface-mounted 5 lb extinguisher cabinet</strong> from Tesla Fire Systems. This model features a <strong>White ABS body with a clear scored acrylic front</strong>, a <strong>keyed cylinder lock</strong>, and a <strong>break-glass hammer with a cable</strong> for quick access in an emergency.
\n
\nDesigned for <strong>5 lb dry chemical fire extinguishers</strong>, this cabinet offers a solid mix of durability, safety, and ease of use. The ABS construction has <strong>no sharp corners for maximum safety</strong>, while the scored acrylic panel allows emergency access by breaking the front when needed. The cabinet comes standard with the <strong>break glass instructional decal</strong>, helping clearly communicate emergency operation.
\n
\nThis cabinet is well suited for <strong>parking garages, warehouses, industrial areas, and construction sites</strong>, where extinguisher protection and fast access both matter.
\n<h3>Specifications</h3>
\n<ul>
\n 	<li><strong>Product type:</strong> Surface-mounted fire extinguisher cabinet</li>
\n 	<li><strong>Extinguisher capacity:</strong> 5 lb dry chemical extinguisher</li>
\n 	<li><strong>Construction:</strong> ABS cabinet with acrylic front</li>
\n 	<li><strong>Colour:</strong> White</li>
\n 	<li><strong>Access/front:</strong> Scored acrylic front</li>
\n 	<li><strong>Lock:</strong> Cylinder lock, keyed alike (Industry Standard #151)</li>
\n 	<li><strong>Included:</strong> Break glass hammer and instructional decal</li>
\n 	<li><strong>Dimensions:</strong> 495 mm H × 213 mm W × 151 mm D</li>
\n</ul>",in_stock,5,$65.00,$95.00,https://teslafiresystems.com/wp-content/uploads/2026/04/White-Plastic-Cabinet.png,https://teslafiresystems.com/product/white-5lb-plastic-cabinets/,,TFS-1055-W,Tesla Fire Systems Inc,
19014,TFS-1055-R,990312860433,5lb Surface Mounted Plastic Fire Extinguisher Cabinet - Red,"Keep your extinguisher protected, visible, and ready for emergency use with this <strong>surface-mounted 5 lb extinguisher cabinet</strong> from Tesla Fire Systems. This model features a <strong>Red ABS body with a clear scored acrylic front</strong>, a <strong>keyed cylinder lock</strong>, and a <strong>break-glass hammer with a cable</strong> for quick access in an emergency.
\n
\nDesigned for <strong>5 lb dry chemical fire extinguishers</strong>, this cabinet offers a solid mix of durability, safety, and ease of use. The ABS construction has <strong>no sharp corners for maximum safety</strong>, while the scored acrylic panel allows emergency access by breaking the front when needed. The cabinet comes standard with the <strong>break glass instructional decal</strong>, helping clearly communicate emergency operation.
\n
\nThis cabinet is well suited for <strong>parking garages, warehouses, industrial areas, and construction sites</strong>, where extinguisher protection and fast access both matter.
\n<h3>Specifications</h3>
\n<ul>
\n 	<li><strong>Product type:</strong> Surface-mounted fire extinguisher cabinet</li>
\n 	<li><strong>Extinguisher capacity:</strong> 5 lb dry chemical extinguisher</li>
\n 	<li><strong>Construction:</strong> ABS cabinet with acrylic front</li>
\n 	<li><strong>Colour:</strong> Red</li>
\n 	<li><strong>Access/front:</strong> Scored acrylic front</li>
\n 	<li><strong>Lock:</strong> Cylinder lock, keyed alike (Industry Standard #151)</li>
\n 	<li><strong>Included:</strong> Break glass hammer and instructional decal</li>
\n 	<li><strong>Dimensions:</strong> 495 mm H × 213 mm W × 151 mm D</li>
\n</ul>",in_stock,5,$65.00,$95.00,https://teslafiresystems.com/wp-content/uploads/2026/04/Red-Plastic-Cabinet-WM.png,https://teslafiresystems.com/product/red-5lb-plastic-cabinets/,,TFS-1055-R,Tesla Fire Systems Inc,
19253,TFS15IND-50-19253,,"Single Jacket Reel Hose (1 1/2"" x 50')","<section class=""text-token-text-primary w-full focus:outline-none [--shadow-height:45px] has-data-writing-block:pointer-events-none has-data-writing-block:-mt-(--shadow-height) has-data-writing-block:pt-(--shadow-height) [&amp;:has([data-writing-block])&gt;*]:pointer-events-auto R6Vx5W_threadScrollVars scroll-mb-[calc(var(--scroll-root-safe-area-inset-bottom,0px)+var(--thread-response-height))] scroll-mt-(--header-height)"" dir=""auto"" data-turn-id=""8dda01a9-e576-4def-ba9f-75b14fb483e8"" data-testid=""conversation-turn-11"" data-scroll-anchor=""false"" data-turn=""user""></section><section class=""text-token-text-primary w-full focus:outline-none [--shadow-height:45px] has-data-writing-block:pointer-events-none has-data-writing-block:-mt-(--shadow-height) has-data-writing-block:pt-(--shadow-height) [&amp;:has([data-writing-block])&gt;*]:pointer-events-auto [content-visibility:auto] supports-[content-visibility:auto]:[contain-intrinsic-size:auto_100lvh] R6Vx5W_threadScrollVars scroll-mb-[calc(var(--scroll-root-safe-area-inset-bottom,0px)+var(--thread-response-height))] scroll-mt-[calc(var(--header-height)+min(200px,max(70px,20svh)))]"" dir=""auto"" data-turn-id=""request-WEB:68ddf716-a09b-4a75-91a5-28cc5a239c00-9"" data-testid=""conversation-turn-12"" data-scroll-anchor=""false"" data-turn=""assistant"">
\n<div class=""text-base my-auto mx-auto pb-10 [--thread-content-margin:var(--thread-content-margin-xs,calc(var(--spacing)*4))] @w-sm/main:[--thread-content-margin:var(--thread-content-margin-sm,calc(var(--spacing)*6))] @w-lg/main:[--thread-content-margin:var(--thread-content-margin-lg,calc(var(--spacing)*16))] px-(--thread-content-margin)"">
\n<div class=""[--thread-content-max-width:40rem] @w-lg/main:[--thread-content-max-width:48rem] mx-auto max-w-(--thread-content-max-width) flex-1 group/turn-messages focus-visible:outline-hidden relative flex w-full min-w-0 flex-col agent-turn"">
\n<div class=""flex max-w-full flex-col gap-4 grow"">
\n<div class=""min-h-8 text-message relative flex w-full flex-col items-end gap-2 text-start break-words whitespace-normal outline-none keyboard-focused:focus-ring [.text-message+&amp;]:mt-1"" dir=""auto"" tabindex=""0"" data-message-author-role=""assistant"" data-message-id=""51e673c8-7c93-4c8c-9ca8-fae504d61515"" data-message-model-slug=""gpt-5-3-mini"" data-turn-start-message=""true"">
\n<div class=""flex w-full flex-col gap-1 empty:hidden"">
\n<div class=""markdown prose dark:prose-invert w-full wrap-break-word light markdown-new-styling"">
\n<p data-start=""0"" data-end=""297"">The Single Jacket Reel Hose (1 1/2"" x 50') is a durable, flexible multi-use hose. It is designed for fast deployment in hose reel systems. It has a spun polyester jacket and EPDM rubber lining. This gives strong abrasion resistance and smooth water flow while reducing friction loss.</p>
\n<p data-start=""299"" data-end=""570"">Ideal for commercial, industrial, municipal, and agricultural applications. This hose delivers reliable performance in demanding environments. It is resistant to ozone, UV exposure, chemicals, fuels, and mildew, ensuring long-lasting durability both indoors and outdoors.</p>
\n<p data-start=""572"" data-end=""797"" data-is-last-node="""" data-is-only-node="""">This Single Jacket Reel Hose (1 1/2"" x 50') is rated for temperatures from -50°C (-58°F) to 70°C (158°F). It maintains flexibility and dependable operation even in extreme conditions, making it a reliable choice for a wide range of fire protection and water delivery uses.</p>
\n
\n</div>
\n</div>
\n</div>
\n</div>
\n</div>
\n</div>
\n</section>",in_stock,7,$177.90,$266.85,https://teslafiresystems.com/wp-content/uploads/2026/05/Reel-Hose.webp,https://teslafiresystems.com/product/single-jacket-reel-hose-1-1-2-x-50/,,,,
19256,TFS15IND-100-19256,,Single Jacket Reel Hose (1 1/2″ x 100′),"<section class=""text-token-text-primary w-full focus:outline-none [--shadow-height:45px] has-data-writing-block:pointer-events-none has-data-writing-block:-mt-(--shadow-height) has-data-writing-block:pt-(--shadow-height) [&amp;:has([data-writing-block])&gt;*]:pointer-events-auto R6Vx5W_threadScrollVars scroll-mb-[calc(var(--scroll-root-safe-area-inset-bottom,0px)+var(--thread-response-height))] scroll-mt-(--header-height)"" dir=""auto"" data-turn-id=""8dda01a9-e576-4def-ba9f-75b14fb483e8"" data-testid=""conversation-turn-11"" data-scroll-anchor=""false"" data-turn=""user""></section><section class=""text-token-text-primary w-full focus:outline-none [--shadow-height:45px] has-data-writing-block:pointer-events-none has-data-writing-block:-mt-(--shadow-height) has-data-writing-block:pt-(--shadow-height) [&amp;:has([data-writing-block])&gt;*]:pointer-events-auto [content-visibility:auto] supports-[content-visibility:auto]:[contain-intrinsic-size:auto_100lvh] R6Vx5W_threadScrollVars scroll-mb-[calc(var(--scroll-root-safe-area-inset-bottom,0px)+var(--thread-response-height))] scroll-mt-[calc(var(--header-height)+min(200px,max(70px,20svh)))]"" dir=""auto"" data-turn-id=""request-WEB:68ddf716-a09b-4a75-91a5-28cc5a239c00-9"" data-testid=""conversation-turn-12"" data-scroll-anchor=""false"" data-turn=""assistant"">
\n<div class=""text-base my-auto mx-auto pb-10 [--thread-content-margin:var(--thread-content-margin-xs,calc(var(--spacing)*4))] @w-sm/main:[--thread-content-margin:var(--thread-content-margin-sm,calc(var(--spacing)*6))] @w-lg/main:[--thread-content-margin:var(--thread-content-margin-lg,calc(var(--spacing)*16))] px-(--thread-content-margin)"">
\n<div class=""[--thread-content-max-width:40rem] @w-lg/main:[--thread-content-max-width:48rem] mx-auto max-w-(--thread-content-max-width) flex-1 group/turn-messages focus-visible:outline-hidden relative flex w-full min-w-0 flex-col agent-turn"">
\n<div class=""flex max-w-full flex-col gap-4 grow"">
\n<div class=""min-h-8 text-message relative flex w-full flex-col items-end gap-2 text-start break-words whitespace-normal outline-none keyboard-focused:focus-ring [.text-message+&amp;]:mt-1"" dir=""auto"" data-message-author-role=""assistant"" data-message-id=""51e673c8-7c93-4c8c-9ca8-fae504d61515"" data-message-model-slug=""gpt-5-3-mini"" data-turn-start-message=""true"">
\n<div class=""flex w-full flex-col gap-1 empty:hidden"">
\n<div class=""markdown prose dark:prose-invert w-full wrap-break-word light markdown-new-styling"">
\n<p data-start=""0"" data-end=""297"">The Single Jacket Reel Hose (1 1/2″ x 100′) is a durable, flexible multi-use hose. It is designed for fast deployment in hose reel systems. It has a spun polyester jacket and EPDM rubber lining. This gives strong abrasion resistance and smooth water flow while reducing friction loss.</p>
\n<p data-start=""299"" data-end=""570"">Ideal for commercial, industrial, municipal, and agricultural applications. This hose delivers reliable performance in demanding environments. It is resistant to ozone, UV exposure, chemicals, fuels, and mildew, ensuring long-lasting durability both indoors and outdoors.</p>
\n<p data-start=""572"" data-end=""797"" data-is-last-node="""" data-is-only-node="""">This Single Jacket Reel Hose (1 1/2″ x 100′) is rated for temperatures from -50°C (-58°F) to 70°C (158°F). It maintains flexibility and dependable operation even in extreme conditions, making it a reliable choice for a wide range of fire protection and water delivery uses.</p>
\n
\n</div>
\n</div>
\n</div>
\n</div>
\n</div>
\n</div>
\n</section>",in_stock,10,$260.36,$390.54,https://teslafiresystems.com/wp-content/uploads/2026/05/Reel-Hose.webp,https://teslafiresystems.com/product/single-jacket-reel-hose-1-1-2-x-100/,,,,
19312,OSY2,783863001635,System Sensor OSY2 | Outside Screw & Yoke - Valve Supervisory Switch | UL/FM Approved - NEMA 3R Rated,"<div class=""flex max-w-full flex-col flex-grow"">
\n<div class=""min-h-8 text-message flex w-full flex-col items-end gap-2 whitespace-normal break-words text-start [.text-message+&amp;]:mt-5"" dir=""auto"" data-message-author-role=""assistant"" data-message-id=""90e03a6d-20e3-450a-b6b4-02a36737b43d"" data-message-model-slug=""gpt-4o"">
\n<div class=""flex w-full flex-col gap-1 empty:hidden first:pt-[3px]"">
\n<div class=""markdown prose w-full break-words dark:prose-invert dark"">
\n<p class=""PDq2pG_selectionAnchorContainer"" data-start=""133"" data-end=""645"">The <strong data-start=""137"" data-end=""212"">System Sensor OSY2 Outside Screw &amp; Yoke (OS&amp;Y) Valve Supervisory Switch</strong> is designed to monitor the fully open position of <strong data-start=""263"" data-end=""306"">Outside Screw &amp; Yoke (OS&amp;Y) gate valves</strong> used in automatic fire sprinkler systems. Engineered for dependable valve supervision, the OSY2 provides reliable monitoring to help ensure sprinkler control valves remain in their required open position and immediately report unauthorized or accidental valve closure to the fire alarm control panel.</p>
\n<p data-start=""647"" data-end=""1174"">Built with a rugged <strong data-start=""667"" data-end=""709"">NEMA 3R-rated die-cast metal enclosure</strong>, the OSY2 is suitable for both indoor and outdoor installations. Its <strong data-start=""779"" data-end=""809"">adjustable-length actuator</strong> eliminates the need to cut the actuator shaft during installation, while the user-friendly mounting bracket accommodates most OS&amp;Y valves ranging from <strong data-start=""961"" data-end=""979"">1"" through 12""</strong>. The right-angle design provides maximum clearance around valve components and also allows installation on many side-bracket style pressure reducing valves.</p>
\n<p data-start=""1176"" data-end=""1740"">The OSY2 features <strong data-start=""1194"" data-end=""1238"">dual synchronized SPDT (Form C) contacts</strong>, allowing simultaneous activation of a fire alarm control panel and local audible device. A single-side conduit entrance simplifies wiring by eliminating the need for right-angle conduit fittings, while tamper-resistant cover screws help prevent unauthorized access. Designed in accordance with <strong data-start=""1534"" data-end=""1578"">NFPA 13, NFPA 13D, NFPA 13R, and NFPA 72</strong>, the OSY2 is an ideal supervisory switch for commercial, industrial, institutional, and residential fire sprinkler systems.</p>
\n
\n<h6 data-start=""2732"" data-end=""2764""><span role=""text""><strong data-start=""2736"" data-end=""2764"">Technical Specifications</strong></span></h6>
\n<ul data-start=""2766"" data-end=""3539"">
\n 	<li data-start=""2766"" data-end=""2799""><strong data-start=""2768"" data-end=""2785"">Manufacturer:</strong> System Sensor</li>
\n 	<li data-start=""2800"" data-end=""2817""><strong data-start=""2802"" data-end=""2812"">Model:</strong> OSY2</li>
\n 	<li data-start=""2818"" data-end=""2883""><strong data-start=""2820"" data-end=""2837"">Product Type:</strong> Outside Screw &amp; Yoke Valve Supervisory Switch</li>
\n 	<li data-start=""2884"" data-end=""2937""><strong data-start=""2886"" data-end=""2913"">Compatible Valve Sizes:</strong> 1""–12"" OS&amp;Y Gate Valves</li>
\n 	<li data-start=""2938"" data-end=""2984""><strong data-start=""2940"" data-end=""2966"">Contact Configuration:</strong> Two SPDT (Form C)</li>
\n 	<li data-start=""2985"" data-end=""3047""><strong data-start=""2987"" data-end=""3009"">Electrical Rating:</strong> 10A @ 125/250 VAC, 2.5A @ 6/12/24 VDC</li>
\n 	<li data-start=""3048"" data-end=""3093""><strong data-start=""3050"" data-end=""3077"">Maximum Stem Extension:</strong> 2.625"" (6.7 cm)</li>
\n 	<li data-start=""3094"" data-end=""3150""><strong data-start=""3096"" data-end=""3122"">Operating Temperature:</strong> 32°F to 120°F (0°C to 49°C)</li>
\n 	<li data-start=""3151"" data-end=""3197""><strong data-start=""3153"" data-end=""3174"">Conduit Entrance:</strong> One ½"" conduit opening</li>
\n 	<li data-start=""3198"" data-end=""3229""><strong data-start=""3200"" data-end=""3221"">Enclosure Rating:</strong> NEMA 3R</li>
\n 	<li data-start=""3230"" data-end=""3268""><strong data-start=""3232"" data-end=""3253"">Housing Material:</strong> Die-Cast Metal</li>
\n 	<li data-start=""3269"" data-end=""3302""><strong data-start=""3271"" data-end=""3289"">Wire Capacity:</strong> Up to 12 AWG</li>
\n 	<li data-start=""3303"" data-end=""3367""><strong data-start=""3305"" data-end=""3328"">Mounting Positions:</strong> Horizontal or Vertical (Actuator Down)</li>
\n 	<li data-start=""3368"" data-end=""3430""><strong data-start=""3370"" data-end=""3392"">Service Standards:</strong> NFPA 13, NFPA 13D, NFPA 13R &amp; NFPA 72</li>
\n 	<li data-start=""3431"" data-end=""3499""><strong data-start=""3433"" data-end=""3447"">Approvals:</strong> UL Listed, FM Approved, CSFM Approved, MEA Approved</li>
\n</ul>
\n<h6 data-start=""1742"" data-end=""1762""><span role=""text""><strong data-start=""1746"" data-end=""1762"">Key Features</strong></span></h6>
\n<ul data-start=""1764"" data-end=""2380"">
\n 	<li data-start=""1764"" data-end=""1814"">Monitors OS&amp;Y (Outside Screw &amp; Yoke) gate valves</li>
\n 	<li data-start=""1815"" data-end=""1855"">Compatible with <strong data-start=""1833"" data-end=""1855"">1""–12"" OS&amp;Y valves</strong></li>
\n 	<li data-start=""1856"" data-end=""1889"">Rugged die-cast metal enclosure</li>
\n 	<li data-start=""1890"" data-end=""1932"">NEMA 3R rated for indoor and outdoor use</li>
\n 	<li data-start=""1933"" data-end=""1979"">Adjustable actuator eliminates shaft cutting</li>
\n 	<li data-start=""1980"" data-end=""2012"">User-friendly mounting bracket</li>
\n 	<li data-start=""2013"" data-end=""2066"">Right-angle design provides maximum valve clearance</li>
\n 	<li data-start=""2067"" data-end=""2100"">Single-side ½"" conduit entrance</li>
\n 	<li data-start=""2101"" data-end=""2143"">Dual synchronized SPDT (Form C) contacts</li>
\n 	<li data-start=""2144"" data-end=""2202"">Simultaneously activates fire alarm panel and local bell</li>
\n 	<li data-start=""2203"" data-end=""2234"">Tamper-resistant cover screws</li>
\n 	<li data-start=""2235"" data-end=""2267"">Accommodates up to 12 AWG wire</li>
\n 	<li data-start=""2268"" data-end=""2323"">Compatible with side-bracket pressure reducing valves</li>
\n 	<li data-start=""2324"" data-end=""2335"">UL Listed</li>
\n 	<li data-start=""2336"" data-end=""2349"">FM Approved</li>
\n 	<li data-start=""2350"" data-end=""2365"">CSFM Approved</li>
\n 	<li data-start=""2366"" data-end=""2380"">MEA Approved</li>
\n</ul>
\n<h6 data-start=""2382"" data-end=""2402""><span role=""text""><strong data-start=""2386"" data-end=""2402"">Applications</strong></span></h6>
\n<ul data-start=""2432"" data-end=""2730"">
\n 	<li data-start=""2432"" data-end=""2473"">Outside Screw &amp; Yoke (OS&amp;Y) Gate Valves</li>
\n 	<li data-start=""2474"" data-end=""2508"">Automatic Fire Sprinkler Systems</li>
\n 	<li data-start=""2509"" data-end=""2542"">Wet Pipe Fire Sprinkler Systems</li>
\n 	<li data-start=""2543"" data-end=""2576"">Dry Pipe Fire Sprinkler Systems</li>
\n 	<li data-start=""2577"" data-end=""2599"">Commercial Buildings</li>
\n 	<li data-start=""2600"" data-end=""2623"">Industrial Facilities</li>
\n 	<li data-start=""2624"" data-end=""2646"">Manufacturing Plants</li>
\n 	<li data-start=""2647"" data-end=""2659"">Warehouses</li>
\n 	<li data-start=""2660"" data-end=""2669"">Schools</li>
\n 	<li data-start=""2670"" data-end=""2681"">Hospitals</li>
\n 	<li data-start=""2682"" data-end=""2703"">High-Rise Buildings</li>
\n 	<li data-start=""2704"" data-end=""2730"">Institutional Facilities</li>
\n</ul>
\n</div>
\n</div>
\n</div>
\n</div>",in_stock,2.8,$162.00,$250.00,https://teslafiresystems.com/wp-content/uploads/2026/05/Supervisory-Switch.jpg,https://teslafiresystems.com/product/system-sensor-osy2-osy-valve-supervisory-switch/,,OSY2,System Sensor,new
19313,R 15-18,,"Heavy-Duty Swing-Type Fire Hose Reel - Wall-Mounted | 1 1/2"" x 50'/75'/100'","<p data-start=""144"" data-end=""483"">This <strong data-start=""149"" data-end=""189"">Heavy-Duty Swing-Type Fire Hose Reel</strong> is engineered for <strong data-start=""208"" data-end=""245"">reliable, immediate fire response</strong> in commercial, industrial, and institutional environments. Built with rugged steel construction and a compact, space-efficient design, this hose reel provides dependable performance where durability, accessibility, and speed matter most.</p>\n\n<p data-start=""485"" data-end=""655"">Designed for permanent wall mounting, the swing-out action allows the hose to be deployed directly toward the fire area, ensuring fast, controlled access in an emergency.</p>\n\n\n\n<h5 data-start=""2056"" data-end=""2100"">Hose Deployment Designed for Emergencies</h5>\n\n<ul>\n\n 	<li data-start=""2104"" data-end=""2219"">Hose is <strong data-start=""2112"" data-end=""2159"">double-rolled from the center of its length</strong>, with one end permanently coupled to the valve and nozzle</li>\n\n 	<li data-start=""2104"" data-end=""2219"">Hose can be <strong style=""font-size: 16px;"" data-start=""2234"" data-end=""2285"">quickly removed by pulling toward the fire area</strong></li>\n\n 	<li data-start=""2104"" data-end=""2219"">Once fully removed and valve opened, the system is <strong style=""font-size: 16px;"" data-start=""2341"" data-end=""2374"">instantly ready for operation</strong><span style=""font-size: 16px;"">, minimizing response time when seconds matter</span></li>\n\n</ul>",in_stock,10,,$200.00,https://teslafiresystems.com/wp-content/uploads/2026/05/Capture.webp,https://teslafiresystems.com/product/heavy-duty-swing-type-fire-hose-reel-wall-mounted-1-1-2-x-50-75-100/,,,,
19314,C-15,,"Heavy-Duty Single Hook Spanner & Hydrant Wrench - For Fire Hose Couplings, Hydrants & Valves","<p data-start=""143"" data-end=""495"">This <strong data-start=""148"" data-end=""188"">Single Hook Spanner &amp; Hydrant Wrench</strong> is a professional-grade tool designed for fire protection technicians, municipal crews, and facility maintenance teams who need <strong data-start=""317"" data-end=""366"">maximum leverage, durability, and versatility</strong> in one wrench. Built for demanding field use, this tool handles large hose couplings and hydrant operating nuts with confidence.</p>\n\n<p data-start=""497"" data-end=""657"">The extended handle length and solid construction make it ideal for <strong data-start=""565"" data-end=""613"">stubborn, seized, or over-tightened fittings</strong> where smaller wrenches simply won’t cut it.</p>\n\n\n\n<h5>Built for Power &amp; Reach</h5>\n\n<p data-start=""692"" data-end=""942"">With an <strong data-start=""700"" data-end=""723"">18-1/2″ long handle</strong>, this wrench delivers superior torque while maintaining control. The single hook spanner head is engineered to engage securely with rocker lug and pin lug fittings, reducing slippage and minimizing damage to couplings.</p>",in_stock,2,,$200.00,https://teslafiresystems.com/wp-content/uploads/2026/05/admin-ajax.webp,https://teslafiresystems.com/product/heavy-duty-single-hook-spanner-hydrant-wrench-for-fire-hose-couplings-hydrants-valves/,,,,
19315,,,TRIVET® Model C-32 - Hose & Hydrant Wrench - ½″ to 4″,"<p data-start=""136"" data-end=""554"">The <strong data-start=""140"" data-end=""186"">TRIVET® Model C-32 Hose and Hydrant Wrench</strong> is a heavy-duty, all-in-one tool engineered for fire protection professionals, maintenance technicians, and emergency service personnel. Built to handle a wide range of tasks in demanding environments, the C-32 eliminates the need for multiple specialty tools by combining <strong data-start=""460"" data-end=""524"">hose coupling, hydrant, and extinguisher valve functionality</strong> into a single, rugged design.</p>\n\n<p data-start=""556"" data-end=""682"">This is a <strong data-start=""566"" data-end=""600"">field-proven, no-nonsense tool</strong> designed to perform when equipment is seized, space is limited, and time matters.</p>\n\n\n\n<h5 data-start=""689"" data-end=""731"">One Tool. Multiple Critical Functions.</h5>\n\n<p data-start=""732"" data-end=""1025"">The Model C-32 is specifically designed to handle <strong data-start=""782"" data-end=""832"">virtually all common hose couplings and valves</strong> found in commercial, industrial, and municipal fire protection systems. Its versatile profile allows it to be used confidently in inspections, maintenance, emergency response, and repair work.</p>",in_stock,2,,$200.00,https://teslafiresystems.com/wp-content/uploads/2026/05/Untitled-6-1.webp,https://teslafiresystems.com/product/trivet-model-c-32-hose-hydrant-wrench-%c2%bd%e2%80%b3-to-4%e2%80%b3/,,C-32,Trivet,
19316,,,Compact Wrench for Storz Fire Hose Coupling - 1″ to 3″,"<p data-start=""121"" data-end=""505"">The <strong data-start=""125"" data-end=""152"">SW-1 Storz Wrench</strong> is a compact, purpose-built tool designed specifically for operating <strong data-start=""222"" data-end=""257"">Storz-style fire hose couplings</strong>. Lightweight, durable, and easy to handle, this wrench is ideal for fire protection technicians, facility maintenance teams, and emergency responders who need a reliable solution for connecting and disconnecting Storz couplings quickly and safely.</p>\n\n<p data-start=""507"" data-end=""649"">Its short length makes it perfect for <strong data-start=""545"" data-end=""613"">tight spaces, cabinets, apparatus compartments, and service bags</strong>, without sacrificing effectiveness.</p>\n\n\n\n<h5 data-start=""656"" data-end=""700"">Designed for Common Storz Coupling Sizes</h5>\n\n<p data-start=""701"" data-end=""937"">The SW-1 wrench is engineered to work with the most commonly used Storz coupling sizes found in commercial, industrial, and municipal fire protection systems. Its contoured profile engages couplings securely, reducing slippage and wear.</p>",in_stock,2,,$200.00,https://teslafiresystems.com/wp-content/uploads/2026/05/SW1-Wrench.webp,https://teslafiresystems.com/product/compact-wrench-for-storz-fire-hose-coupling-1%e2%80%b3-to-3%e2%80%b3/,,SW-1,Storz,new
19317,,,Fire Hose Cabinet Wrench – 1½″ & 2½″ Hose Fittings,"<p data-start=""97"" data-end=""471"">The <strong data-start=""101"" data-end=""129"">Fire Hose Cabinet Wrench</strong> is a purpose-built tool designed for professionals who service, inspect, and maintain fire hose cabinets and fire protection equipment. Engineered to work in <strong data-start=""288"" data-end=""322"">tight, confined cabinet spaces</strong>, this wrench delivers the leverage and control needed to safely and efficiently operate hose fittings and valves without damage or excessive effort.</p>\n\n<p data-start=""473"" data-end=""683"">Whether you are performing routine inspections, maintenance, or emergency service work, this wrench is a <strong data-start=""578"" data-end=""596"">must-have tool</strong> for fire protection technicians, building maintenance teams, and safety professionals.</p>\n\n\n\n<h5 data-start=""690"" data-end=""734"">Designed for Confined Fire Hose Cabinets</h5>\n\n<p data-start=""735"" data-end=""1017"">Unlike standard spanner wrenches, this cabinet wrench is shaped specifically to allow <strong data-start=""821"" data-end=""849"">full 360-degree rotation</strong> of hose fittings within the limited clearance of fire hose cabinets. This makes it ideal for installations where access is restricted and traditional tools fall short.</p>",in_stock,2,,$200.00,https://teslafiresystems.com/wp-content/uploads/2026/05/Untitled-4.webp,https://teslafiresystems.com/product/fire-hose-cabinet-wrench-1%c2%bd%e2%80%b3-2%c2%bd%e2%80%b3-hose-fittings/,,C-21,Tesla Fire Systems,new
19318,,,Sprinkler Wrench,"The Sprinkler Wrench is a durable tool designed for easy installation, maintenance, and removal of sprinkler heads. Its ergonomic design ensures a secure grip, making it ideal for servicing fire protection systems efficiently.",in_stock,2,,$85.00,https://teslafiresystems.com/wp-content/uploads/2026/05/40.-Sprinkler-Wrench.webp,https://teslafiresystems.com/product/sprinkler-wrench/,,,,
19630,D4120+DST3,,System Sensor – D4120 4-Wire Photoelectric Duct Smoke Detector and 3′ Sampling Tube,"<strong></strong>\n<p><strong style=""--bdt-inverse: initial;font-weight: 700"">DUCT DETECTOR:</strong></p>\n\n<ul>\n 	<li style=""--bdt-inverse: initial;border: 0px;font-size: 14.591999px;font-style: inherit;font-weight: inherit;margin: 0px;padding: 0px;vertical-align: baseline""><strong>24 VAC/DC or 120 VAC.</strong></li>\n</ul>\n<p><strong>The InnovairFlex D4120 4-wire photoelectric duct smoke detector features a pivoting housing that fits both square and rectangular footprints and mounts to round or rectangular ductwork.</strong></p>\n<p><strong>This unit senses smoke in the most challenging conditions, operating in airflow speeds of 100 to 4,000 feet per minute, temperatures of –4°F to 158°F, and a humidity range of 0 to 95 percent (non-condensing).</strong></p>\n<p><strong>A plug-in sensor head offers improved false alarm immunity and simple installation, testing, and maintenance. An improved cover design isolates the sensor head from the low-flow feature for simple maintenance.</strong></p>\n<p><strong style=""--bdt-inverse: initial;font-weight: 700"">SAMPLING TUBE:</strong></p>\n\n<ul>\n 	<li style=""--bdt-inverse: initial;border: 0px;font-size: 14.591999px;font-style: inherit;font-weight: inherit;margin: 0px;padding: 0px;vertical-align: baseline""><strong>3' / 36"" – For use in Supply or Return Ducts.</strong></li>\n</ul>\n<p><strong>The DST family of sampling tubes are pieces of steel piping with a series of holes drilled the entire length of the tube and should extend the entire width of the duct. The correct length has to be chosen for width of the duct where it will be installed. The sampling tube length must extend at least 5/8 across the duct width for optimal performance. The sampling tube is always installed with the air inlet holes facing into the air flow. The tubes lock securely into place and can be removed by releasing the front or rear locking tab.</strong></p>",in_stock,2,$325.00,$350.00,https://teslafiresystems.com/wp-content/uploads/2026/05/dd-3-dst.png,https://teslafiresystems.com/product/system-sensor-d4120-4-wire-photoelectric-duct-smoke-detector-and-3%e2%80%b2-sampling-tube/,,,,
20188,5604A,808221062797,System Sensor | 5604A Mechanical Heat Detector | 194°F Fixed Temperature,"The <strong data-start=""3497"" data-end=""3545"">System Sensor 5604A Mechanical Heat Detector</strong> is a high-temperature fixed temperature detector designed for applications where elevated ambient temperatures make standard heat detectors unsuitable. Activating at <strong data-start=""3712"" data-end=""3728"">194°F (90°C)</strong>, it provides dependable fire detection while reducing the risk of nuisance alarms in warm environments.
\n<h6 data-start=""3872"" data-end=""3888"" data-section-id=""1iz91iu""><strong>Key Features</strong></h6>
\n<ul data-start=""3889"" data-end=""4253"">
\n 	<li data-start=""3889"" data-end=""3938"" data-section-id=""6tztc4"">Fixed Temperature Activation – <strong data-start=""3922"" data-end=""3938"">194°F (90°C)</strong></li>
\n 	<li data-start=""3889"" data-end=""3938"" data-section-id=""6tztc4"">Single Circuit, Normally Open Contacts</li>
\n 	<li data-start=""3980"" data-end=""4024"" data-section-id=""18sdl5"">Designed for high-temperature environments</li>
\n 	<li data-start=""4025"" data-end=""4053"" data-section-id=""1gno8gy"">No external power required</li>
\n 	<li data-start=""4054"" data-end=""4093"" data-section-id=""1h9o9o8"">Visual post-alarm collector indicator</li>
\n 	<li data-start=""4094"" data-end=""4122"" data-section-id=""1r0rlha"">Easy terminal screw wiring</li>
\n 	<li data-start=""4123"" data-end=""4160"" data-section-id=""18divrw"">Multiple mounting options available</li>
\n 	<li data-start=""4161"" data-end=""4190"" data-section-id=""139cp2i"">Reversible mounting bracket</li>
\n 	<li data-start=""4191"" data-end=""4253"" data-section-id=""1cglwid"">UL, ULC, and FM Listed</li>
\n</ul>
\n<h6 data-start=""4255"" data-end=""4273"" data-section-id=""1yl5694"">Specifications</h6>
\n<ul data-start=""4274"" data-end=""4690"">
\n 	<li data-start=""4274"" data-end=""4310"" data-section-id=""lgf2mc"">Activation Type: Fixed Temperature</li>
\n 	<li data-start=""4311"" data-end=""4344"" data-section-id=""24cy2k"">Alarm Temperature: 194°F (90°C)</li>
\n 	<li data-start=""4345"" data-end=""4375"" data-section-id=""w2wvjk"">Circuit Type: Single Circuit</li>
\n 	<li data-start=""4376"" data-end=""4426"" data-section-id=""gcl3vl"">Maximum Installation Temperature: 150°F (65.6°C)</li>
\n 	<li data-start=""4427"" data-end=""4519"" data-section-id=""eylsr1"">Contact Rating:
\n<ul data-start=""4447"" data-end=""4519"">
\n 	<li data-start=""4447"" data-end=""4463"" data-section-id=""6iqlki"">6–125 VAC / 3A</li>
\n 	<li data-start=""4466"" data-end=""4481"" data-section-id=""b342g9"">6–28 VDC / 1A</li>
\n 	<li data-start=""4484"" data-end=""4500"" data-section-id=""jm2630"">125 VDC / 0.3A</li>
\n 	<li data-start=""4503"" data-end=""4519"" data-section-id=""1b0h5lb"">250 VDC / 0.1A</li>
\n</ul>
\n</li>
\n 	<li data-start=""4520"" data-end=""4539"" data-section-id=""18hx0ft"">Wiring: 14–22 AWG</li>
\n 	<li data-start=""4540"" data-end=""4585"" data-section-id=""1mvxhcv"">Operating Humidity: 5–95% RH Non-Condensing</li>
\n</ul>
\n<h6 data-start=""4709"" data-end=""4719""><strong>Ideal for:</strong></h6>
\n<ul data-start=""4720"" data-end=""4878"">
\n 	<li data-start=""4720"" data-end=""4728"" data-section-id=""1woc32o"">Attics</li>
\n 	<li data-start=""4729"" data-end=""4743"" data-section-id=""zf1ykb"">Boiler Rooms</li>
\n 	<li data-start=""4744"" data-end=""4767"" data-section-id=""4bpqj0"">Industrial Facilities</li>
\n 	<li data-start=""4768"" data-end=""4812"" data-section-id=""mens3g"">Commercial Kitchens (non-cooking surfaces)</li>
\n 	<li data-start=""4813"" data-end=""4841"" data-section-id=""1mriai5"">Mechanical Equipment Areas</li>
\n 	<li data-start=""4842"" data-end=""4878"" data-section-id=""6unmqk"">High Ambient Temperature Locations</li>
\n</ul>",in_stock,0.5,$24.35,$40.00,https://teslafiresystems.com/wp-content/uploads/2026/06/5604A.png,https://teslafiresystems.com/product/system-sensor-5604a-mechanical-heat-detector-194f-fixed-temperature/,,5604A,System Sensor,
20202,TFS-10510-W,730604280019,10lb Surface Mounted Plastic Fire Extinguisher Cabinet - White,"Keep your extinguisher protected, visible, and ready for emergency use with this <strong>surface-mounted 10lb extinguisher cabinet</strong> from Tesla Fire Systems. This model features a <strong>White ABS body with a clear scored acrylic front</strong>, a <strong>keyed cylinder lock</strong>, and a <strong>break-glass hammer with a cable</strong> for quick access in an emergency.
\n
\nDesigned for <strong>10l</strong><strong>b dry chemical fire extinguishers</strong>, this cabinet offers a solid mix of durability, safety, and ease of use. The ABS construction has <strong>no sharp corners for maximum safety</strong>, while the scored acrylic panel allows emergency access by breaking the front when needed. The cabinet comes standard with the <strong>break glass instructional decal</strong>, helping clearly communicate emergency operation.
\n
\nThis cabinet is well suited for <strong>parking garages, warehouses, industrial areas, and construction sites</strong>, where extinguisher protection and fast access both matter.
\n<h3>Specifications</h3>
\n<ul>
\n 	<li><strong>Product type:</strong> Surface-mounted fire extinguisher cabinet</li>
\n 	<li><strong>Extinguisher capacity:</strong> 10lb dry chemical extinguisher</li>
\n 	<li><strong>Construction:</strong> ABS cabinet with acrylic front</li>
\n 	<li><strong>Colour: </strong>White</li>
\n 	<li><strong>Access/front:</strong> Scored acrylic front</li>
\n 	<li><strong>Lock:</strong> Cylinder lock, keyed alike (Industry Standard #151)</li>
\n 	<li><strong>Included:</strong> Break glass hammer and instructional decal</li>
\n 	<li><strong>Dimensions:</strong> 596 mm H × 238 mm W × 165 mm D</li>
\n</ul>",in_stock,8,$73.00,$100.00,https://teslafiresystems.com/wp-content/uploads/2026/04/White-Plastic-Cabinet.png,https://teslafiresystems.com/product/10lb-surface-mounted-plastic-fire-extinguisher-cabinet-white/,,TFS-10510-W,Tesla Fire Systems Inc,new
20207,TFS-10510-R,633131433241,10lb Surface Mounted Plastic Fire Extinguisher Cabinet - Red,"Keep your extinguisher protected, visible, and ready for emergency use with this <strong>surface-mounted 10 lb extinguisher cabinet</strong> from Tesla Fire Systems. This model features a <strong>Red ABS body with a clear scored acrylic front</strong>, a <strong>keyed cylinder lock</strong>, and a <strong>break-glass hammer with a cable</strong> for quick access in an emergency.
\n
\nDesigned for <strong>10 lb dry chemical fire extinguishers</strong>, this cabinet offers a solid mix of durability, safety, and ease of use. The ABS construction has <strong>no sharp corners for maximum safety</strong>, while the scored acrylic panel allows emergency access by breaking the front when needed. The cabinet comes standard with the <strong>break glass instructional decal</strong>, helping clearly communicate emergency operation.
\n
\nThis cabinet is well suited for <strong>parking garages, warehouses, industrial areas, and construction sites</strong>, where extinguisher protection and fast access both matter.
\n<h3>Specifications</h3>
\n<ul>
\n 	<li><strong>Product type:</strong> Surface-mounted fire extinguisher cabinet</li>
\n 	<li><strong>Extinguisher capacity:</strong> 10 lb dry chemical extinguisher</li>
\n 	<li><strong>Construction:</strong> ABS cabinet with acrylic front</li>
\n 	<li><strong>Colour:</strong> Red</li>
\n 	<li><strong>Access/front:</strong> Scored acrylic front</li>
\n 	<li><strong>Lock:</strong> Cylinder lock, keyed alike (Industry Standard #151)</li>
\n 	<li><strong>Included:</strong> Break glass hammer and instructional decal</li>
\n 	<li><strong>Dimensions:</strong> 596 mm H × 238 mm W × 165 mm D</li>
\n</ul>",in_stock,5,$73.00,$100.00,https://teslafiresystems.com/wp-content/uploads/2026/04/Red-Plastic-Cabinet-WM.png,https://teslafiresystems.com/product/red-10lb-plastic-cabinets/,,TFS-10510-R,Tesla Fire Systems Inc,new
20208,TFS-10520-R,694824144615,20lb Surface Mounted Plastic Fire Extinguisher Cabinet - Red,"Keep your extinguisher protected, visible, and ready for emergency use with this <strong>surface-mounted 20 lb extinguisher cabinet</strong> from Tesla Fire Systems. This model features a <strong>Red ABS body with a clear scored acrylic front</strong>, a <strong>keyed cylinder lock</strong>, and a <strong>break-glass hammer with a cable</strong> for quick access in an emergency.
\n
\nDesigned for <strong>2</strong><strong>0 lb dry chemical fire extinguishers</strong>, this cabinet offers a solid mix of durability, safety, and ease of use. The ABS construction has <strong>no sharp corners for maximum safety</strong>, while the scored acrylic panel allows emergency access by breaking the front when needed. The cabinet comes standard with the <strong>break glass instructional decal</strong>, helping clearly communicate emergency operation.
\n
\nThis cabinet is well suited for <strong>parking garages, warehouses, industrial areas, and construction sites</strong>, where extinguisher protection and fast access both matter.
\n<h3>Specifications</h3>
\n<ul>
\n 	<li><strong>Product type:</strong> Surface-mounted fire extinguisher cabinet</li>
\n 	<li><strong>Extinguisher capacity:</strong> 20 lb dry chemical extinguisher</li>
\n 	<li><strong>Construction:</strong> ABS cabinet with acrylic front</li>
\n 	<li><strong>Colour:</strong> Red</li>
\n 	<li><strong>Access/front:</strong> Scored acrylic front</li>
\n 	<li><strong>Lock:</strong> Cylinder lock, keyed alike (Industry Standard #151)</li>
\n 	<li><strong>Included:</strong> Break glass hammer and instructional decal</li>
\n 	<li><strong>Dimensions: </strong>725 mm H × 290 mm W × 225 mm D</li>
\n</ul>",in_stock,8,$133.00,$153.00,https://teslafiresystems.com/wp-content/uploads/2026/04/Red-Plastic-Cabinet-WM.png,https://teslafiresystems.com/product/red-20lb-plastic-cabinets/,,TFS-10520-R,Tesla Fire Systems Inc,
20209,TFS-10520-W,762262997831,20lb Surface Mounted Plastic Fire Extinguisher Cabinet - White,"Keep your extinguisher protected, visible, and ready for emergency use with this <strong>surface-mounted 20lb extinguisher cabinet</strong> from Tesla Fire Systems. This model features a <strong>White ABS body with a clear scored acrylic front</strong>, a <strong>keyed cylinder lock</strong>, and a <strong>break-glass hammer with a cable</strong> for quick access in an emergency.
\n
\nDesigned for <strong>2</strong><strong>0l</strong><strong>b dry chemical fire extinguishers</strong>, this cabinet offers a solid mix of durability, safety, and ease of use. The ABS construction has <strong>no sharp corners for maximum safety</strong>, while the scored acrylic panel allows emergency access by breaking the front when needed. The cabinet comes standard with the <strong>break glass instructional decal</strong>, helping clearly communicate emergency operation.
\n
\nThis cabinet is well suited for <strong>parking garages, warehouses, industrial areas, and construction sites</strong>, where extinguisher protection and fast access both matter.
\n<h3>Specifications</h3>
\n<ul>
\n 	<li><strong>Product type:</strong> Surface-mounted fire extinguisher cabinet</li>
\n 	<li><strong>Extinguisher capacity:</strong> 20lb dry chemical extinguisher</li>
\n 	<li><strong>Construction:</strong> ABS cabinet with acrylic front</li>
\n 	<li><strong>Colour: </strong>White</li>
\n 	<li><strong>Access/front:</strong> Scored acrylic front</li>
\n 	<li><strong>Lock:</strong> Cylinder lock, keyed alike (Industry Standard #151)</li>
\n 	<li><strong>Included:</strong> Break glass hammer and instructional decal</li>
\n 	<li><strong>Dimensions:</strong> 725 mm H × 290 mm W × 225 mm D</li>
\n</ul>",in_stock,8,$133.00,$153.00,https://teslafiresystems.com/wp-content/uploads/2026/04/White-Plastic-Cabinet.png,https://teslafiresystems.com/product/20lb-surface-mounted-plastic-fire-extinguisher-cabinet-white/,,TFS-10520-W,Tesla Fire Systems Inc,new
20211,C-104,47871680436,20lb Surface Mounted Steel Fire Extinguisher Cabinet - White,"This surface-mounted metal fire extinguisher cabinet is designed to securely house a 20 lb ABC fire extinguisher. Constructed from durable materials, it features a keyed lock for authorized access and a clear viewing panel for easy visibility. The cabinet's white enamel finish ensures it complements various interior settings while providing essential protection for your fire safety equipment.",in_stock,9,$113.00,$155.00,https://teslafiresystems.com/wp-content/uploads/2025/01/c100.png,https://teslafiresystems.com/product/20lb-surface-mounted-steel-fire-extinguisher-cabinet/,,C-104,The Williams Brother Corporation,
20224,EC-211,759726012513,10lb Semi-Recessed Fire Extinguisher Cabinet – White with Glass Door & 1″ Trim,"<p class=""isSelectedEnd"">The ELITE Series Semi-Recessed Fire Extinguisher Cabinet provides a professional, code-compliant solution for storing and protecting portable fire extinguishers. Designed to accommodate a 10 lb (4.5 kg) fire extinguisher, this cabinet features durable cold-rolled steel construction, a full glass viewing panel, and a clean white powder coat finish that complements virtually any architectural specification.</p>
\n
\n<h6 class=""isSelectedEnd""><strong>Features &amp; Benefits:</strong></h6>
\n<ul>
\n 	<li class=""isSelectedEnd"">ELITE Series architectural fire extinguisher cabinet</li>
\n 	<li class=""isSelectedEnd"">Designed to accommodate one 10 lb (4.5 kg) portable fire extinguisher</li>
\n 	<li class=""isSelectedEnd"">Semi-recessed design provides a clean, professional appearance</li>
\n 	<li class=""isSelectedEnd"">Ideal for commercial, institutional, industrial, healthcare, educational, and multi-residential buildings</li>
\n 	<li class=""isSelectedEnd"">Durable white powder coat finish for long-lasting protection</li>
\n 	<li class=""isSelectedEnd"">Heavy-duty cold-rolled steel construction</li>
\n 	<li class=""isSelectedEnd"">16-gauge cold-rolled steel cabinet front</li>
\n 	<li class=""isSelectedEnd"">22-gauge cold-rolled steel cabinet tub</li>
\n 	<li class=""isSelectedEnd"">Full glass panel door allows quick extinguisher identification during emergencies</li>
\n 	<li class=""isSelectedEnd"">Continuous piano hinge ensures smooth and reliable operation</li>
\n 	<li class=""isSelectedEnd"">Stainless steel paddle latch provides secure yet convenient access</li>
\n 	<li class=""isSelectedEnd"">1"" (25 mm) square trim turnback delivers a clean architectural finish</li>
\n 	<li class=""isSelectedEnd"">Suitable for new construction and retrofit applications</li>
\n</ul>
\n<h6 class=""isSelectedEnd""><strong>Specifications:</strong></h6>
\n<ul>
\n 	<li class=""isSelectedEnd"">Capacity: One 10 lb (4.5 kg) Fire Extinguisher</li>
\n 	<li class=""isSelectedEnd"">Cabinet Type: Semi-Recessed</li>
\n 	<li class=""isSelectedEnd"">Cabinet Material: Cold-Rolled Steel</li>
\n 	<li class=""isSelectedEnd"">Finish: White Powder Coat</li>
\n 	<li class=""isSelectedEnd"">Door Style: Full Glass Panel</li>
\n 	<li class=""isSelectedEnd"">Hinge Type: Continuous Piano Hinge</li>
\n 	<li class=""isSelectedEnd"">Latch Type: Stainless Steel Paddle Latch</li>
\n 	<li class=""isSelectedEnd"">Trim: 1"" (25 mm) Square Trim Turnback</li>
\n 	<li class=""isSelectedEnd"">Dimensions: 9"" W × 24"" H × 5"" D (229 × 610 × 127 mm)</li>
\n</ul>
\n<h6 class=""isSelectedEnd""><strong>Compliance &amp; Certifications:</strong></h6>
\n<ul>
\n 	<li class=""isSelectedEnd"">NFPA Compliant</li>
\n 	<li class=""isSelectedEnd"">UL Classified (United States &amp; Canada)</li>
\n 	<li class=""isSelectedEnd"">Intertek Listed (United States &amp; Canada)</li>
\n</ul>",in_stock,6,$157.00,$190.00,"https://teslafiresystems.com/wp-content/uploads/2025/01/Semi-Recessed-5lb-Cabinet-1-Cabinet-FX-1.png, https://teslafiresystems.com/wp-content/uploads/2026/06/Semi-Recessed-5lb-Cabinet-2-Side-View.png",https://teslafiresystems.com/product/10lb-semi-recessed-fire-extinguisher-cabinet-white-with-glass-door-1%e2%80%b3-trim/,,EC-211,The Williams Brother Corporation,new
20229,PC-411,190735470336,"20 lb Dry Chemical / 2.5 Gallon Wet Chemical Fire Extinguisher Cabinet – Semi-Recessed, White with Acrylic Bubble Door","<p class=""isSelectedEnd"">The PANO Series <strong data-start=""822"" data-end=""857"">20 lb Fire Extinguisher Cabinet</strong> is designed to accommodate one 20 lb dry chemical or 2.5 gallon wet chemical fire extinguisher. This semi-recessed <strong data-start=""973"" data-end=""1008"">20 lb Fire Extinguisher Cabinet</strong> features an acrylic bubble canopy door that provides 180° visibility, allowing occupants to quickly locate fire protection equipment during an emergency.</p>
\n
\n<h6 class=""isSelectedEnd""><strong>Features &amp; Benefits:</strong></h6>
\n<ul>
\n 	<li class=""isSelectedEnd"">PANO Series architectural fire extinguisher cabinet</li>
\n 	<li class=""isSelectedEnd"">Designed for one 20 lb dry chemical fire extinguisher</li>
\n 	<li>Also accommodates one 2.5 gallon wet chemical fire extinguisher</li>
\n 	<li class=""isSelectedEnd"">Semi-recessed design provides a clean, professional appearance</li>
\n 	<li class=""isSelectedEnd"">Acrylic bubble canopy door provides 180° visibility of the extinguisher</li>
\n 	<li class=""isSelectedEnd"">Designed to meet NFPA 10 visibility requirements</li>
\n 	<li class=""isSelectedEnd"">Durable white powder coat finish</li>
\n 	<li>Heavy-duty cold-rolled steel construction</li>
\n 	<li>16-gauge cold-rolled steel cabinet front</li>
\n 	<li>20-gauge cold-rolled steel cabinet tub</li>
\n 	<li>Continuous piano hinge for smooth, reliable operation</li>
\n 	<li>Stainless steel paddle latch for secure and convenient access</li>
\n 	<li>1"" (25 mm) square trim turnback for a finished architectural appearance</li>
\n 	<li>Suitable for commercial kitchens, restaurants, industrial facilities, warehouses, schools, healthcare facilities, office buildings, and multi-residential properties</li>
\n 	<li>20 lb Fire Extinguisher Cabinet suitable for commercial, industrial, institutional, healthcare, and educational facilities</li>
\n 	<li>Ideal for new construction and retrofit projects</li>
\n</ul>
\n<h6 class=""isSelectedEnd"">Specifications:</h6>
\n<ul>
\n 	<li class=""isSelectedEnd"">Capacity: One 20 lb Dry Chemical or 2.5 Gallon Wet Chemical Fire Extinguisher</li>
\n 	<li class=""isSelectedEnd"">Cabinet Type: Semi-Recessed</li>
\n 	<li class=""isSelectedEnd"">Cabinet Material: Cold-Rolled Steel</li>
\n 	<li class=""isSelectedEnd"">Finish: White Powder Coat</li>
\n 	<li class=""isSelectedEnd"">Door Style: Acrylic Bubble Canopy Front</li>
\n 	<li class=""isSelectedEnd"">Visibility: 180° Extinguisher Visibility</li>
\n 	<li class=""isSelectedEnd"">Hinge Type: Continuous Piano Hinge</li>
\n 	<li class=""isSelectedEnd"">Latch Type: Stainless Steel Paddle Latch</li>
\n 	<li class=""isSelectedEnd"">Trim: 1"" (25 mm) Square Trim Turnback</li>
\n 	<li class=""isSelectedEnd"">Dimensions: 14-1/2"" W × 30"" H × 4"" D (368 × 762 × 102 mm)</li>
\n</ul>
\n<h6 class=""isSelectedEnd"">Compliance &amp; Certifications:</h6>
\n<ul>
\n 	<li class=""isSelectedEnd"">NFPA Compliant</li>
\n 	<li class=""isSelectedEnd"">Intertek Listed (United States &amp; Canada)</li>
\n</ul>",in_stock,6,$214.00,$255.00,"https://teslafiresystems.com/wp-content/uploads/2026/06/Semi-Recessed-5lb-Cabinet-3-20lb.png, https://teslafiresystems.com/wp-content/uploads/2026/06/Semi-Recessed-5lb-Cabinet-4-20lb-side.png",https://teslafiresystems.com/product/20-lb-fire-extinguisher-cabinet/,,PC-411,The Williams Brother Corporation,new
20237,,,In Case of Fire Break Glass Sign | Fire Safety Emergency Instruction Sign,"Clearly identify emergency access points with this durable <strong>In Case of Fire – Break Glass Sign</strong>. Designed to provide immediate instructions during an emergency, this sign helps occupants and emergency responders quickly locate and access fire protection equipment.\n\nPerfect for installation on fire hose cabinets, alarm stations, extinguisher cabinets, sprinkler control equipment, and other break-glass emergency devices.\n<h6><strong>Features &amp; Benefits</strong></h6>\n<h6>\n<ul>\n 	<li>High-visibility red lettering</li>\n</ul>\n</h6>\n<h6>\n<ul>\n 	<li>Clear emergency instructions</li>\n</ul>\n</h6>\n<h6>\n<ul>\n 	<li>Suitable for commercial, industrial, and residential buildings</li>\n</ul>\n</h6>\n<h6>\n<ul>\n 	<li>Helps improve fire safety awareness</li>\n</ul>\n</h6>\n<h6>\n<ul>\n 	<li>Ideal for emergency access equipment</li>\n</ul>\n</h6>\n<h6>\n<ul>\n 	<li>Durable indoor/outdoor construction</li>\n</ul>\n</h6>\n<h6>\n<ul>\n 	<li>Meets common fire safety signage requirements</li>\n</ul>\n</h6>\n<h6>\n<ul>\n 	<li>Easy wall or equipment mounting</li>\n</ul>\n</h6>\n<h6><strong>Common Applications</strong></h6>\n<ul>\n 	<li>Fire hose cabinets</li>\n 	<li>Fire extinguisher cabinets</li>\n 	<li>Manual pull stations</li>\n 	<li>Emergency control panels</li>\n 	<li>Sprinkler system equipment</li>\n 	<li>Mechanical rooms</li>\n</ul>",in_stock,0.1,,$10.00,https://teslafiresystems.com/wp-content/uploads/2026/06/untitled-june-21-2026-at-16.25.26.png,https://teslafiresystems.com/product/in-case-of-fire-break-glass-sign-fire-safety-emergency-instruction-sign/,,,,
20239,,,Sprinkler Valve Control Room Sign with Directional Arrow | Fire Sprinkler Signage,"This Sprinkler Valve Control Room Sign helps quickly identify the location of critical fire sprinkler system controls. Featuring bold lettering and a directional arrow, it improves emergency response times and assists personnel in locating sprinkler shut-off valves and fire protection equipment.\n<h6><strong>Features &amp; Benefits</strong></h6>\n<ul>\n 	<li>Large, easy-to-read lettering</li>\n</ul>\n<ul>\n 	<li>Integrated directional arrow</li>\n</ul>\n<ul>\n 	<li>Highly visible red-on-white design</li>\n</ul>\n<ul>\n 	<li>Assists emergency responders</li>\n</ul>\n<ul>\n 	<li>Suitable for indoor and outdoor use</li>\n</ul>\n<ul>\n 	<li>Durable construction</li>\n</ul>\n<ul>\n 	<li>Supports fire protection system identification</li>\n</ul>\n<ul>\n 	<li>Easy installation</li>\n</ul>\n<h6><strong>Common Applications</strong></h6>\n<ul>\n 	<li>Sprinkler valve rooms</li>\n</ul>\n<ul>\n 	<li>Fire pump rooms</li>\n</ul>\n<ul>\n 	<li>Mechanical rooms</li>\n</ul>\n<ul>\n 	<li>Commercial buildings</li>\n</ul>\n<ul>\n 	<li>Industrial facilities</li>\n</ul>\n<ul>\n 	<li>Apartment buildings</li>\n</ul>\n<ul>\n 	<li>Warehouses</li>\n</ul>\n<ul>\n 	<li>Institutional facilities</li>\n</ul>",in_stock,0.1,,$10.00,https://teslafiresystems.com/wp-content/uploads/2026/06/untitled-june-21-2026-at-16.29.27.png,https://teslafiresystems.com/product/sprinkler-valve-control-room-sign-with-directional-arrow-fire-sprinkler-signage/,,,,
20241,,,Fire Door Keep Closed Sign | Fire Rated Door Safety Sign,"Help maintain building fire compartmentation with this <strong>Fire Door Keep Closed Sign</strong>. Fire doors are a critical component of a building’s passive fire protection system and must remain closed to slow the spread of smoke and fire.\n\nThis sign provides a clear reminder that the door is installed for occupant protection and should not be blocked or held open.\n<h6><strong>Features &amp; Benefits</strong></h6>\n<ul>\n 	<li>Bold, highly visible lettering</li>\n 	<li>Promotes fire code compliance</li>\n 	<li>Helps maintain fire separation barriers</li>\n 	<li>Reinforces life safety requirements</li>\n 	<li>Durable indoor/outdoor construction</li>\n 	<li>Easy installation</li>\n 	<li>Suitable for commercial and residential buildings</li>\n 	<li>Sign Message Includes</li>\n 	<li>Fire door identification</li>\n 	<li>Keep closed warning</li>\n 	<li>Life safety information</li>\n 	<li>Do not block or fasten open notice</li>\n</ul>\n<h6><strong>Common Applications</strong></h6>\n<ul>\n 	<li>Apartment buildings</li>\n 	<li>Condominiums</li>\n 	<li>Hotels</li>\n 	<li>Schools</li>\n 	<li>Hospitals</li>\n 	<li>Office buildings</li>\n 	<li>Industrial facilities</li>\n</ul>",in_stock,0.1,,$10.00,https://teslafiresystems.com/wp-content/uploads/2026/06/untitled-june-21-2026-at-16.32.26.png,https://teslafiresystems.com/product/fire-door-keep-closed-sign-fire-rated-door-safety-sign/,,,,
20243,,,Emergency Fire Door Alarm Will Sound If Opened Sign | Exit Door Warning Sign,"This Emergency Fire Door Warning Sign provides clear notification that an exit or emergency access door is equipped with an alarm device. Designed to reduce unauthorized use while maintaining emergency egress, this sign helps protect building security and fire safety systems.\n<h6><strong>Features &amp; Benefits</strong></h6>\n<ul>\n 	<li>Bold emergency warning message</li>\n 	<li>Highly visible red-on-white design</li>\n 	<li>Helps deter unauthorized door use</li>\n 	<li>Supports life safety and security programs</li>\n 	<li>Suitable for commercial and industrial facilities</li>\n 	<li>Durable construction</li>\n 	<li>Easy installation</li>\n</ul>\n<h6><strong>Common Applications</strong></h6>\n<ul>\n 	<li>Emergency exits</li>\n 	<li>Stairwell doors</li>\n 	<li>Alarmed exit doors</li>\n 	<li>Fire escape routes</li>\n 	<li>Schools</li>\n 	<li>Hospitals</li>\n 	<li>Warehouses</li>\n 	<li>Commercial buildings</li>\n</ul>\n<h6><strong>Ideal For</strong></h6>\n<ul>\n 	<li>Property managers</li>\n 	<li>Facility maintenance teams</li>\n 	<li>Fire protection contractors</li>\n 	<li>Building owners</li>\n 	<li>Schools and institutions</li>\n 	<li>Industrial facilities</li>\n</ul>",in_stock,0.1,,$10.00,https://teslafiresystems.com/wp-content/uploads/2026/06/untitled-june-21-2026-at-16.35.39.png,https://teslafiresystems.com/product/emergency-fire-door-alarm-will-sound-if-opened-sign-exit-door-warning-sign/,,,,
20252,5602A,,System Sensor | 5602A Mechanical Heat Detector |194°F Fixed Temperature / Rate-of-Rise,"The <strong>System Sensor 5602 Mechanical Heat Detector</strong> provides dependable fire detection for environments where smoke detectors are impractical due to dust, dirt, humidity, or normal airborne contaminants. This model combines a <strong>194°F (90°C) fixed-temperature sensor</strong> with a <strong>rate-of-rise (ROR) element</strong> that activates when temperatures increase rapidly at approximately <strong>15°F (8.3°C) per minute</strong>.
\n
\nThe self-restoring rate-of-rise feature allows for convenient field testing without replacing the detector, while the fixed-temperature element provides dependable protection against sustained heat conditions. The low-profile design blends into commercial, industrial, institutional, and utility spaces while maintaining code-compliant performance.
\n<h3>Features &amp; Benefits</h3>
\n<ul>
\n 	<li>Single-circuit mechanical heat detector</li>
\n 	<li>Combination fixed-temperature and rate-of-rise operation</li>
\n 	<li>194°F (90°C) fixed-temperature activation</li>
\n 	<li>Self-restoring rate-of-rise element for simplified testing</li>
\n 	<li>Activates at approximately 15°F (8.3°C) per minute temperature rise</li>
\n 	<li>UL maximum spacing of 50 ft x 50 ft on 10 ft ceilings</li>
\n 	<li>External collector drops upon activation for easy identification</li>
\n 	<li>Compatible with single-gang, octagonal, and square electrical boxes</li>
\n 	<li>Reversible mounting bracket for flush or surface mounting</li>
\n 	<li>Low-profile design for improved aesthetics</li>
\n 	<li>Non-polarized terminals accept 14–22 AWG wiring</li>
\n 	<li>UL, ULC and FM approved for fire alarm applications</li>
\n</ul>
\n<h3>Technical Specifications</h3>
\n<ul>
\n 	<li>Model: 5602</li>
\n 	<li>Circuit Type: Single Circuit</li>
\n 	<li>Sensor Type: Fixed Temperature + Rate-of-Rise</li>
\n 	<li>Fixed Temperature Rating: 194°F (90°C)</li>
\n 	<li>Maximum Installation Temperature: 150°F (65.6°C)</li>
\n 	<li>Rate-of-Rise Threshold: 15°F (8.3°C) per minute</li>
\n 	<li>UL Maximum Coverage: 50 ft × 50 ft</li>
\n 	<li>Operating Humidity: 5% to 95% RH (non-condensing)</li>
\n 	<li>Mounting Options: Single-gang, 3.5"" octagonal, 4"" octagonal, 4"" square with plaster ring</li>
\n 	<li>Listings: UL, ULC, FM Approved</li>
\n</ul>
\n<h3>Typical Applications</h3>
\n<ul>
\n 	<li>Mechanical rooms</li>
\n 	<li>Boiler rooms</li>
\n 	<li>Warehouses</li>
\n 	<li>Parking garages</li>
\n 	<li>Utility rooms</li>
\n 	<li>Industrial facilities</li>
\n 	<li>Dusty or dirty environments where smoke detectors are unsuitable</li>
\n</ul>",in_stock,0.5,$24.35,$40.00,https://teslafiresystems.com/wp-content/uploads/2026/06/5602A.png,https://teslafiresystems.com/product/system-sensor-5602a-mechanical-heat-detector-194f-fixed-temperature-rate-of-rise/,,5602A,System Sensor,new
20263,5603A,,System Sensor | 5603A Mechanical Heat Detector | 135°F (57°C) Fixed Temperature,"The <strong>System Sensor 5603A Mechanical Heat Detector</strong> is a reliable fixed-temperature heat detector engineered for commercial, industrial, and institutional fire alarm systems. The detector activates when ambient temperatures reach <strong>135°F (57°C)</strong> and is designed for locations where smoke detection may result in nuisance alarms or where environmental conditions make smoke detectors impractical.
\n
\nUnlike rate-of-rise models, the 5603A uses a <strong>non-resettable fixed-temperature element</strong> that responds when a specific temperature threshold is reached. Once activated, the external collector drops from the detector body, providing a clear visual indication of the alarmed device.
\n
\nThe detector includes a versatile mounting bracket compatible with multiple electrical box configurations, simplifying installation across a wide range of building types.
\n<h3>Features &amp; Benefits</h3>
\n<ul>
\n 	<li>Single-circuit mechanical heat detector</li>
\n 	<li>Fixed-temperature thermal sensing</li>
\n 	<li>135°F (57°C) activation temperature</li>
\n 	<li>Non-resettable fixed-temperature design</li>
\n 	<li>External alarm collector for visual indication</li>
\n 	<li>UL maximum spacing of 25 ft x 25 ft on 10 ft ceilings</li>
\n 	<li>Reversible mounting bracket for flush or surface mounting</li>
\n 	<li>Compatible with common electrical backboxes</li>
\n 	<li>Low-profile appearance</li>
\n 	<li>Non-polarized wiring terminals</li>
\n 	<li>UL, ULC and FM approved</li>
\n</ul>
\n<h3>Technical Specifications</h3>
\n<ul>
\n 	<li>Model: 5603A</li>
\n 	<li>Circuit Type: Single Circuit</li>
\n 	<li>Sensor Type: Fixed Temperature</li>
\n 	<li>Fixed Temperature Rating: 135°F (57°C)</li>
\n 	<li>Maximum Installation Temperature: 100°F (38°C)</li>
\n 	<li>UL Maximum Coverage: 25 ft × 25 ft</li>
\n 	<li>Operating Humidity: 5% to 95% RH (non-condensing)</li>
\n 	<li>Mounting Options: Single-gang, 3.5"" octagonal, 4"" octagonal, 4"" square with plaster ring</li>
\n 	<li>Listings: UL, ULC, FM Approved</li>
\n</ul>
\n<h3>Typical Applications</h3>
\n<ul>
\n 	<li>Storage rooms</li>
\n 	<li>Utility rooms</li>
\n 	<li>Mechanical spaces</li>
\n 	<li>Elevator machine rooms</li>
\n 	<li>Industrial environments</li>
\n 	<li>Areas subject to dust, steam, or airborne contaminants</li>
\n</ul>",in_stock,0.5,$24.35,$40.00,https://teslafiresystems.com/wp-content/uploads/2026/06/5603A.png,https://teslafiresystems.com/product/system-sensor-5603a-mechanical-heat-detector-135f-57c-fixed-temperature/,,5603A,System Sensor,new
20268,900-0280CA,47871263783,Kidde 900-0280CA | 120V Plug-In Carbon Monoxide Alarm w/ 10-Year Sealed Battery Backup & Digital Display,"<p class=""PDq2pG_selectionAnchorContainer"" data-start=""727"" data-end=""790"">The <strong data-start=""796"" data-end=""816"">Kidde 900-0280CA</strong> provides continuous protection against the invisible threat of carbon monoxide (CO). Powered by standard <strong data-start=""922"" data-end=""949"">120V AC household power</strong> with a built-in <strong data-start=""966"" data-end=""1007"">10-year sealed lithium battery backup</strong>, this carbon monoxide alarm continues monitoring even during electrical outages—without ever requiring battery replacement during its service life.</p>
\n<p data-start=""1195"" data-end=""1528"">Its <strong data-start=""1199"" data-end=""1246"">advanced electrochemical sensing technology</strong> continuously monitors carbon monoxide levels while the <strong data-start=""1302"" data-end=""1321"">digital display</strong> shows real-time CO concentrations in <strong data-start=""1359"" data-end=""1386"">parts per million (PPM)</strong>. The display automatically adjusts brightness in darker environments for comfortable nighttime viewing.</p>
\n<p data-start=""1530"" data-end=""1701"">The built-in <strong data-start=""1543"" data-end=""1564"">Peak Level Memory</strong> stores the highest CO concentration detected since the last reset, providing valuable information about previous carbon monoxide events.</p>
\n
\n<h6 data-start=""1703"" data-end=""1713""><strong>Ideal for:</strong></h6>
\n<ul data-start=""1715"" data-end=""1845"">
\n 	<li data-start=""1715"" data-end=""1722"">Homes</li>
\n 	<li data-start=""1723"" data-end=""1737"">Condominiums</li>
\n 	<li data-start=""1738"" data-end=""1750"">Apartments</li>
\n 	<li data-start=""1751"" data-end=""1761"">Bedrooms</li>
\n 	<li data-start=""1762"" data-end=""1772"">Hallways</li>
\n 	<li data-start=""1773"" data-end=""1787"">Living rooms</li>
\n 	<li data-start=""1788"" data-end=""1803"">Furnace rooms</li>
\n 	<li data-start=""1804"" data-end=""1825"">Vacation properties</li>
\n 	<li data-start=""1826"" data-end=""1845"">Rental properties</li>
\n</ul>
\n<h6 data-start=""1956"" data-end=""1971""><strong>Key Features</strong></h6>
\n<ul data-start=""1973"" data-end=""2605"">
\n 	<li data-start=""1973"" data-end=""2012"">120V AC plug-in carbon monoxide alarm</li>
\n 	<li data-start=""2013"" data-end=""2052"">10-year sealed lithium battery backup</li>
\n 	<li data-start=""2053"" data-end=""2093"">No annual battery replacement required</li>
\n 	<li data-start=""2094"" data-end=""2137"">Continuous digital CO level display (PPM)</li>
\n 	<li data-start=""2138"" data-end=""2187"">Advanced electrochemical carbon monoxide sensor</li>
\n 	<li data-start=""2188"" data-end=""2241"">Peak Level Memory records highest detected CO level</li>
\n 	<li data-start=""2242"" data-end=""2293"">Automatic display dimming in low-light conditions</li>
\n 	<li data-start=""2294"" data-end=""2336"">Provides protection during power outages</li>
\n 	<li data-start=""2337"" data-end=""2373"">Test/Reset button for easy testing</li>
\n 	<li data-start=""2374"" data-end=""2400"">End-of-life notification</li>
\n 	<li data-start=""2401"" data-end=""2428"">Easy plug-in installation</li>
\n 	<li data-start=""2429"" data-end=""2465"">Ideal for residential applications</li>
\n 	<li data-start=""2466"" data-end=""2499"">Maintenance-free battery backup</li>
\n 	<li data-start=""2500"" data-end=""2540"">Trusted Kidde Worry-Free Series design</li>
\n 	<li data-start=""2541"" data-end=""2605"">10-year limited warranty</li>
\n</ul>",in_stock,0.5,$56.00,$126.00,https://teslafiresystems.com/wp-content/uploads/2026/06/Kidde-Plug-in-CO-Alarm.png,https://teslafiresystems.com/product/kidde-900-0280ca-120v-plug-in-carbon-monoxide-alarm-w-10-year-sealed-battery-backup-digital-display/,,900-0280CA,Kidde,new
20276,A537TS,,Amerex A537TS HT Series | 1.79 lb Halotron BrX | Clean Agent Fire Extinguisher with Nozzle | 2B:C,"The <strong data-start=""1619"" data-end=""1636"">Amerex A537TS</strong> provides professional-grade fire protection where conventional dry chemical extinguishers would damage expensive electronics or equipment.
\n
\nUsing the next-generation <strong data-start=""1803"" data-end=""1827"">Halotron BrX (2-BTP)</strong> clean agent, the extinguisher rapidly suppresses <strong data-start=""1877"" data-end=""1906"">Class B and Class C fires</strong> while leaving <strong data-start=""1921"" data-end=""1935"">no residue</strong>, eliminating cleanup and minimizing costly downtime. It is ideal for aviation, commercial vehicles, electrical equipment, telecommunications and control systems.
\n
\n<hr />
\n
\n<h5 class=""PDq2pG_selectionAnchorContainer"" data-start=""174"" data-end=""225"">Aviation &amp; Critical Infrastructure Applications</h5>
\nThe <strong data-start=""231"" data-end=""251"">Amerex HT Series</strong> was originally developed for demanding aerospace applications and is now trusted across aviation, data centers, telecommunications, healthcare, laboratories, museums, clean manufacturing facilities, and other mission-critical environments where residue-free fire suppression is essential. Halotron® BrX clean agent quickly suppresses fires without damaging sensitive electronics, minimizing equipment downtime and costly cleanup.
\n<h6 class=""PDq2pG_selectionAnchorContainer"" data-start=""759"" data-end=""775""><strong data-start=""759"" data-end=""775"">Model A537TS</strong></h6>
\n<ul data-start=""776"" data-end=""1098"">
\n 	<li data-start=""776"" data-end=""1000""><strong data-start=""778"" data-end=""807"">Ground Support &amp; Service:</strong> Approved for aviation ground support equipment (GSE), airport line service vehicles, maintenance carts, hangars, FBOs, aircraft maintenance facilities, and other aviation support environments.</li>
\n 	<li data-start=""1001"" data-end=""1098""><strong data-start=""1003"" data-end=""1040"">In-Flight / Onboard Aircraft Use:</strong> <strong data-start=""1041"" data-end=""1098"">Not approved for installation on commercial aircraft.</strong></li>
\n</ul>
\n
\n<hr />
\n
\n<h6 data-start=""2137"" data-end=""2149"">Features</h6>
\n<ul>
\n 	<li>Halotron® BrX (2-BTP) clean agent</li>
\n 	<li>2B:C UL/ULC Rating</li>
\n 	<li>Leaves absolutely no residue</li>
\n 	<li>Safe for energized electrical equipment</li>
\n 	<li>Lightweight aluminum cylinder</li>
\n 	<li>Vehicle bracket included</li>
\n 	<li>Stored-pressure design</li>
\n 	<li>All-metal valve construction</li>
\n 	<li>High-gloss polyester powder coating</li>
\n 	<li>Low Global Warming Potential</li>
\n 	<li>Very Low Ozone Depletion Potential</li>
\n 	<li>6-Year Manufacturer Warranty</li>
\n 	<li>12-Year Service Life</li>
\n 	<li>Temperature Range: -40°F to 120°F</li>
\n 	<li data-start=""2592"" data-end=""2622"">QR-coded multilingual labels</li>
\n</ul>
\n<h6 data-start=""2624"" data-end=""2652"">Recommended Applications</h6>
\n<ul>
\n 	<li>Aircraft</li>
\n 	<li>Emergency vehicles</li>
\n 	<li>Fleet vehicles</li>
\n 	<li>Electrical panels</li>
\n 	<li>Computer equipment</li>
\n 	<li>Telecommunications</li>
\n 	<li>Control rooms</li>
\n 	<li>Data centers</li>
\n 	<li>Medical equipment</li>
\n 	<li>Museums</li>
\n 	<li>Laboratories</li>
\n</ul>
\n<h6 data-start=""2842"" data-end=""2860"">Specifications</h6>
\n<ul>
\n 	<li>Model: A537TS</li>
\n 	<li>Agent: Halotron BrX (2-BTP)</li>
\n 	<li>UL/ULC Rating: 2B:C</li>
\n 	<li>Capacity: 1.79 lb (0.81 kg)</li>
\n 	<li>Discharge Time: 9 sec</li>
\n 	<li>Range: 7–8 ft</li>
\n 	<li>Pressure: 90 PSIG</li>
\n 	<li>Bracket: Vehicle Included</li>
\n 	<li>Part Number: 28207</li>
\n</ul>",in_stock,4,$748.50,$780.00,https://teslafiresystems.com/wp-content/uploads/2026/06/HT_Series_-_537TS_.jpg_202605251428.jpeg,https://teslafiresystems.com/product/amerex-a537ts-ht-series-1-79-lb-halotron-brx-clean-agent-fire-extinguisher-2bc/,,A537TS,Amerex,new
20280,547,,Amerex 547 HT Series | 3.75 lb Halotron BrX | Clean Agent Fire Extinguisher with Nozzle | 5B:C,"<p class=""isSelectedEnd"">The <strong>Amerex 547 HT Series</strong> is a premium <strong>3.75 lb Halotron® BrX (2-BTP) Clean Agent Fire Extinguisher</strong> designed to protect sensitive electronics, electrical equipment, and high-value assets where traditional ABC dry chemical extinguishers could cause unnecessary damage and costly cleanup.</p>
\nUtilizing next-generation <strong>Halotron® BrX clean agent technology</strong>, the Model 547 rapidly suppresses <strong>Class B (flammable liquid)</strong> and <strong>Class C (energized electrical)</strong> fires while leaving <strong>no residue</strong>. This makes it an excellent choice for data centers, telecommunications rooms, laboratories, healthcare facilities, museums, clean manufacturing environments, electrical control rooms, and other mission-critical facilities where business continuity is essential. The lightweight aluminum cylinder, all-metal valve construction, and stored-pressure design provide dependable performance with minimal maintenance. Manufactured in the USA, the HT Series is backed by a <strong>6-Year Manufacturer Warranty</strong> and features a <strong>12-Year Service Life</strong>.
\n
\n<hr />
\n
\n<h5>Aviation Applications</h5>
\n<p class=""isSelectedEnd"">The <strong>Amerex 547 HT Series</strong> is also well suited for aviation maintenance and airport support environments where clean, residue-free fire suppression is required.</p>
\n
\n<h6>Ground Support Applications</h6>
\n<ul data-spread=""false"">
\n 	<li>Airport Ground Support Equipment (GSE)</li>
\n 	<li>Aircraft Maintenance Facilities</li>
\n 	<li>Airport Ramp Operations</li>
\n 	<li>Aircraft Hangars</li>
\n 	<li>Fixed Base Operators (FBOs)</li>
\n 	<li>Maintenance, Repair &amp; Overhaul (MRO) Facilities</li>
\n 	<li>Aircraft Service Vehicles</li>
\n 	<li>Avionics Workshops</li>
\n</ul>
\n<h6>In-Flight Use</h6>
\n<ul data-spread=""false"">
\n 	<li><strong>The Amerex 547 HT Series is NOT FAA approved for onboard commercial aircraft installation.</strong></li>
\n 	<li>Designed for aviation ground support operations and aircraft service facilities where sensitive avionics, electronics, and electrical equipment require clean agent fire protection without residue.</li>
\n</ul>
\n
\n<hr />
\n
\n<h6>Key Features</h6>
\n<ul data-spread=""false"">
\n 	<li>Halotron® BrX (2-BTP) Clean Agent</li>
\n 	<li>5B:C UL / ULC Fire Rating</li>
\n 	<li>Residue-Free Fire Suppression</li>
\n 	<li>Safe for Sensitive Electronics</li>
\n 	<li>Non-Conductive Agent</li>
\n 	<li>Non-Corrosive Fire Suppressant</li>
\n 	<li>Lightweight Aluminum Cylinder</li>
\n 	<li>All-Metal Valve Construction</li>
\n 	<li>Stored-Pressure Design</li>
\n 	<li>High-Gloss Polyester Powder-Coated Finish</li>
\n 	<li>Low Global Warming Potential (Low GWP)</li>
\n 	<li>Very Low Ozone Depletion Potential (Low ODP)</li>
\n 	<li>No Thermal or Static Shock</li>
\n 	<li>QR-Coded Multilingual Label</li>
\n 	<li>6-Year Manufacturer Warranty</li>
\n 	<li>12-Year Service Life</li>
\n 	<li>Operating Temperature: -40°F to 120°F (-40°C to 49°C)</li>
\n</ul>
\n<h6>Technical Specifications</h6>
\n<ul data-spread=""false"">
\n 	<li><strong>Manufacturer:</strong> Amerex</li>
\n 	<li><strong>Series:</strong> HT Series</li>
\n 	<li><strong>Model:</strong> 547</li>
\n 	<li><strong>Part Number:</strong> 28202</li>
\n 	<li><strong>Agent:</strong> Halotron® BrX (2-BTP)</li>
\n 	<li><strong>Fire Rating:</strong> 5B:C</li>
\n 	<li><strong>Capacity:</strong> 3.75 lb (1.7 kg)</li>
\n 	<li><strong>Cylinder Material:</strong> Aluminum</li>
\n 	<li><strong>Valve Type:</strong> Anodized Aluminum</li>
\n 	<li><strong>Design:</strong> Fixed Nozzle</li>
\n 	<li><strong>Discharge Time:</strong> 9 Seconds</li>
\n 	<li><strong>Effective Range:</strong> 10–12 ft (3.05–3.66 m)</li>
\n 	<li><strong>Operating Pressure:</strong> 100 PSIG</li>
\n 	<li><strong>Minimum Confined Space:</strong> 896 ft³ (25.37 m³)</li>
\n 	<li><strong>Included Bracket:</strong> Wall Bracket</li>
\n 	<li><strong>Warranty:</strong> 6 Years</li>
\n 	<li><strong>Service Life:</strong> 12 Years</li>
\n</ul>
\n<h6>Ideal Applications</h6>
\n<ul data-spread=""false"">
\n 	<li>Data Centers</li>
\n 	<li>Server Rooms</li>
\n 	<li>Computer Rooms</li>
\n 	<li>Telecommunications Facilities</li>
\n 	<li>Network Closets</li>
\n 	<li>Electrical Control Rooms</li>
\n 	<li>Laboratories</li>
\n 	<li>Healthcare Facilities</li>
\n 	<li>Museums &amp; Archives</li>
\n 	<li>Clean Manufacturing</li>
\n 	<li>Pharmaceutical Facilities</li>
\n 	<li>UPS &amp; Battery Rooms</li>
\n 	<li>Airport Ground Support Equipment</li>
\n 	<li>Aircraft Maintenance Facilities</li>
\n 	<li>Airport Hangars</li>
\n 	<li>Industrial Control Panels</li>
\n 	<li>Commercial Offices</li>
\n 	<li>High-Value Electronic Equipment</li>
\n</ul>",in_stock,4.8,"$1,050.00","$1,500.00",https://teslafiresystems.com/wp-content/uploads/2026/06/HT_Series_-_547_.jpg_202605251429.jpeg,https://teslafiresystems.com/product/amerex-547-ht-series-3-75-lb-halotron-brx-clean-agent-fire-extinguisher-5bc/,,547,Amerex,new
20393,549,,Amerex 549 HT Series | 3.75 lb Halotron BrX | Clean Agent Fire Extinguisher with Hose | 5B:C,"The <strong>Amerex 549 HT Series</strong> is a premium <strong>3.75 lb Halotron® BrX (2-BTP) Clean Agent Fire Extinguisher</strong> featuring a <strong>flexible discharge hose and nozzle</strong> for improved fire suppression around sensitive electronics, machinery, and equipment located in confined or difficult-to-access areas.
\n
\nDesigned for <strong>Class B (flammable liquid)</strong> and <strong>Class C (energized electrical)</strong> fires, the Model 549 rapidly extinguishes fires while leaving <strong>no residue</strong>, helping prevent damage to valuable electronics and minimizing downtime. Unlike traditional ABC dry chemical extinguishers, Halotron® BrX evaporates after discharge, eliminating cleanup and contamination of sensitive equipment. The Model 549 is ideal for data centers, server rooms, telecommunications facilities, electrical control rooms, laboratories, healthcare facilities, museums, clean manufacturing environments, and other mission-critical applications. Manufactured in the USA, the HT Series features an all-metal valve, lightweight aluminum cylinder, stored-pressure design, a <strong>6-Year Manufacturer Warranty</strong>, and a <strong>12-Year Service Life</strong>.
\n
\n<hr />
\n<p class=""isSelectedEnd"">cleanup and contamination of sensitive equipment. The Model 549 is ideal for data centers, server rooms, telecommunications facilities, electrical control rooms, laboratories, healthcare facilities, museums, clean manufacturing environments, and other mission-critical applications. Manufactured in the USA, the HT Series features an all-metal valve, lightweight aluminum cylinder, stored-pressure design, a <strong>6-Year Manufacturer Warranty</strong>, and a <strong>12-Year Service Life</strong>.</p>
\n
\n<div contenteditable=""false"">
\n
\n<hr />
\n
\n</div>
\n<h4>Aviation Applications</h4>
\n<p class=""isSelectedEnd"">The <strong>Amerex 549 HT Series</strong> is an excellent clean agent fire extinguisher for aviation maintenance and airport support operations where protecting sensitive avionics and electronics is essential.</p>
\n
\n<h6>Ground Support Applications</h6>
\n<ul data-spread=""false"">
\n 	<li>Airport Ground Support Equipment (GSE)</li>
\n 	<li>Aircraft Maintenance Facilities</li>
\n 	<li>Airport Ramp Operations</li>
\n 	<li>Aircraft Hangars</li>
\n 	<li>Fixed Base Operators (FBOs)</li>
\n 	<li>Maintenance, Repair &amp; Overhaul (MRO) Facilities</li>
\n 	<li>Aircraft Service Vehicles</li>
\n 	<li>Avionics Workshops</li>
\n 	<li>Airport Service Equipment</li>
\n</ul>
\n<h6>In-Flight Use</h6>
\n<ul data-spread=""false"">
\n 	<li><strong>The Amerex 549 HT Series is NOT FAA approved for onboard commercial aircraft installation.</strong></li>
\n 	<li>Intended for aviation ground support operations, aircraft service facilities, and delicate electronic environments requiring residue-free fire protection.</li>
\n</ul>
\n
\n<hr />
\n
\n<h6>Key Features</h6>
\n<ul data-spread=""false"">
\n 	<li>Halotron® BrX (2-BTP) Clean Agent</li>
\n 	<li>5B:C UL / ULC Fire Rating</li>
\n 	<li>Flexible Hose &amp; Nozzle</li>
\n 	<li>Residue-Free Fire Suppression</li>
\n 	<li>Safe for Sensitive Electronics</li>
\n 	<li>Non-Conductive Agent</li>
\n 	<li>Non-Corrosive Fire Suppressant</li>
\n 	<li>Lightweight Aluminum Cylinder</li>
\n 	<li>All-Metal Valve Construction</li>
\n 	<li>Stored-Pressure Design</li>
\n 	<li>High-Gloss Polyester Powder-Coated Finish</li>
\n 	<li>Low Global Warming Potential (Low GWP)</li>
\n 	<li>Very Low Ozone Depletion Potential (Low ODP)</li>
\n 	<li>No Thermal or Static Shock</li>
\n 	<li>Improved Access to Confined Spaces</li>
\n 	<li>QR-Coded Multilingual Label</li>
\n 	<li>6-Year Manufacturer Warranty</li>
\n 	<li>12-Year Service Life</li>
\n 	<li>Operating Temperature: -40°F to 120°F (-40°C to 49°C)</li>
\n</ul>
\n<h6>Technical Specifications</h6>
\n<ul data-spread=""false"">
\n 	<li><strong>Manufacturer:</strong> Amerex</li>
\n 	<li><strong>Series:</strong> HT Series</li>
\n 	<li><strong>Model:</strong> 549</li>
\n 	<li><strong>Part Number:</strong> 28204</li>
\n 	<li><strong>Agent:</strong> Halotron® BrX (2-BTP)</li>
\n 	<li><strong>Fire Rating:</strong> 5B:C</li>
\n 	<li><strong>Capacity:</strong> 3.75 lb (1.7 kg)</li>
\n 	<li><strong>Cylinder Material:</strong> Aluminum</li>
\n 	<li><strong>Valve Type:</strong> Anodized Aluminum</li>
\n 	<li><strong>Design:</strong> Hose &amp; Nozzle</li>
\n 	<li><strong>Discharge Time:</strong> 9 Seconds</li>
\n 	<li><strong>Effective Range:</strong> 10–12 ft (3.05–3.66 m)</li>
\n 	<li><strong>Operating Pressure:</strong> 100 PSIG</li>
\n 	<li><strong>Minimum Confined Space:</strong> 896 ft³ (25.37 m³)</li>
\n 	<li><strong>Included Bracket:</strong> Wall Bracket</li>
\n 	<li><strong>Warranty:</strong> 6 Years</li>
\n 	<li><strong>Service Life:</strong> 12 Years</li>
\n</ul>
\n<h6>Ideal Applications</h6>
\n<ul data-spread=""false"">
\n 	<li>Data Centers</li>
\n 	<li>Server Rooms</li>
\n 	<li>Computer Rooms</li>
\n 	<li>Telecommunications Facilities</li>
\n 	<li>Electrical Control Rooms</li>
\n 	<li>Network Closets</li>
\n 	<li>UPS &amp; Battery Rooms</li>
\n 	<li>Laboratories</li>
\n 	<li>Healthcare Facilities</li>
\n 	<li>Museums &amp; Archives</li>
\n 	<li>Clean Manufacturing</li>
\n 	<li>Pharmaceutical Facilities</li>
\n 	<li>Industrial Machinery</li>
\n 	<li>CNC Equipment</li>
\n 	<li>Airport Ground Support Equipment</li>
\n 	<li>Aircraft Maintenance Facilities</li>
\n 	<li>Airport Hangars</li>
\n 	<li>Avionics Workshops</li>
\n 	<li>Commercial Offices</li>
\n 	<li>High-Value Electronic Equipment</li>
\n</ul>",in_stock,5.04,"$1,100.00","$1,500.00",https://teslafiresystems.com/wp-content/uploads/2026/06/HT_Series_-_549.jpg_202605251428.jpeg,https://teslafiresystems.com/product/amerex-549-ht-series-3-75-lb-halotron-brx-clean-agent-fire-extinguisher-5bc/,,549,Amerex,new